[
  {
    "transcription": "PH\u00c1P",
    "points": [
      [
        956,
        251
      ],
      [
        1146,
        249
      ],
      [
        1144,
        346
      ],
      [
        956,
        348
      ]
    ]
  },
  {
    "transcription": "S\u1ede",
    "points": [
      [
        143,
        66
      ],
      [
        231,
        65
      ],
      [
        231,
        140
      ],
      [
        143,
        140
      ]
    ]
  },
  {
    "transcription": "N\u1ed8I",
    "points": [
      [
        1077,
        63
      ],
      [
        1194,
        62
      ],
      [
        1195,
        144
      ],
      [
        1077,
        144
      ]
    ]
  },
  {
    "transcription": "PH\u1ea6N",
    "points": [
      [
        600,
        246
      ],
      [
        787,
        245
      ],
      [
        788,
        348
      ],
      [
        598,
        349
      ]
    ]
  },
  {
    "transcription": "TP",
    "points": [
      [
        894,
        76
      ],
      [
        960,
        75
      ],
      [
        960,
        136
      ],
      [
        895,
        137
      ]
    ]
  },
  {
    "transcription": "T\u01af",
    "points": [
      [
        814,
        77
      ],
      [
        887,
        75
      ],
      [
        887,
        136
      ],
      [
        815,
        137
      ]
    ]
  },
  {
    "transcription": "V\u00c0",
    "points": [
      [
        564,
        64
      ],
      [
        652,
        63
      ],
      [
        661,
        140
      ],
      [
        567,
        140
      ]
    ]
  },
  {
    "transcription": "TY",
    "points": [
      [
        391,
        263
      ],
      [
        477,
        263
      ],
      [
        477,
        348
      ],
      [
        391,
        349
      ]
    ]
  },
  {
    "transcription": "C\u00d4NG",
    "points": [
      [
        190,
        254
      ],
      [
        377,
        256
      ],
      [
        378,
        347
      ],
      [
        189,
        348
      ]
    ]
  },
  {
    "transcription": "GI\u1ea2I",
    "points": [
      [
        806,
        241
      ],
      [
        943,
        237
      ],
      [
        943,
        346
      ],
      [
        806,
        348
      ]
    ]
  },
  {
    "transcription": "HO\u1ea0CH",
    "points": [
      [
        327,
        76
      ],
      [
        555,
        77
      ],
      [
        555,
        148
      ],
      [
        326,
        148
      ]
    ]
  },
  {
    "transcription": "1",
    "points": [
      [
        1222,
        2
      ],
      [
        1323,
        0
      ],
      [
        1328,
        264
      ],
      [
        1231,
        272
      ]
    ]
  },
  {
    "transcription": "\u0110\u1ea6U",
    "points": [
      [
        669,
        62
      ],
      [
        801,
        61
      ],
      [
        802,
        138
      ],
      [
        669,
        139
      ]
    ]
  },
  {
    "transcription": "K\u1ebe",
    "points": [
      [
        244,
        69
      ],
      [
        318,
        68
      ],
      [
        316,
        136
      ],
      [
        243,
        137
      ]
    ]
  },
  {
    "transcription": "C\u1ed4",
    "points": [
      [
        491,
        243
      ],
      [
        587,
        241
      ],
      [
        587,
        348
      ],
      [
        490,
        349
      ]
    ]
  },
  {
    "transcription": "H\u00c0",
    "points": [
      [
        969,
        61
      ],
      [
        1058,
        60
      ],
      [
        1065,
        137
      ],
      [
        971,
        138
      ]
    ]
  }
]