[
  {
    "transcription": "-",
    "points": [
      [
        172,
        156
      ],
      [
        181,
        156
      ],
      [
        181,
        169
      ],
      [
        172,
        169
      ]
    ]
  },
  {
    "transcription": "H\u00c0",
    "points": [
      [
        85,
        57
      ],
      [
        125,
        56
      ],
      [
        127,
        86
      ],
      [
        85,
        87
      ]
    ]
  },
  {
    "transcription": "-",
    "points": [
      [
        67,
        58
      ],
      [
        81,
        57
      ],
      [
        81,
        98
      ],
      [
        67,
        98
      ]
    ]
  },
  {
    "transcription": "S\u01a0N",
    "points": [
      [
        1,
        58
      ],
      [
        63,
        58
      ],
      [
        63,
        87
      ],
      [
        1,
        86
      ]
    ]
  },
  {
    "transcription": "No.X",
    "points": [
      [
        137,
        4
      ],
      [
        374,
        18
      ],
      [
        367,
        95
      ],
      [
        125,
        74
      ]
    ]
  }
]