[
  {
    "transcription": "T\u00d3C",
    "points": [
      [
        255,
        18
      ],
      [
        378,
        18
      ],
      [
        379,
        98
      ],
      [
        256,
        98
      ]
    ]
  },
  {
    "transcription": "NAM",
    "points": [
      [
        396,
        30
      ],
      [
        533,
        31
      ],
      [
        533,
        100
      ],
      [
        396,
        99
      ]
    ]
  },
  {
    "transcription": "219A",
    "points": [
      [
        6,
        108
      ],
      [
        95,
        109
      ],
      [
        95,
        152
      ],
      [
        5,
        151
      ]
    ]
  },
  {
    "transcription": "TI\u1ec6M",
    "points": [
      [
        84,
        16
      ],
      [
        240,
        17
      ],
      [
        240,
        106
      ],
      [
        84,
        104
      ]
    ]
  },
  {
    "transcription": "219A",
    "points": [
      [
        514,
        114
      ],
      [
        597,
        114
      ],
      [
        597,
        157
      ],
      [
        514,
        157
      ]
    ]
  },
  {
    "transcription": "219A",
    "points": [
      [
        516,
        120
      ],
      [
        598,
        120
      ],
      [
        598,
        156
      ],
      [
        516,
        156
      ]
    ]
  },
  {
    "transcription": "219A",
    "points": [
      [
        8,
        112
      ],
      [
        94,
        112
      ],
      [
        94,
        150
      ],
      [
        8,
        150
      ]
    ]
  },
  {
    "transcription": "TI\u1ec6M",
    "points": [
      [
        83,
        15
      ],
      [
        241,
        15
      ],
      [
        241,
        105
      ],
      [
        83,
        105
      ]
    ]
  },
  {
    "transcription": "T\u00d3C",
    "points": [
      [
        256,
        19
      ],
      [
        376,
        19
      ],
      [
        376,
        97
      ],
      [
        256,
        97
      ]
    ]
  },
  {
    "transcription": "NAM",
    "points": [
      [
        395,
        33
      ],
      [
        531,
        33
      ],
      [
        531,
        99
      ],
      [
        395,
        99
      ]
    ]
  }
]