[
  {
    "transcription": "63",
    "points": [
      [
        127,
        74
      ],
      [
        295,
        68
      ],
      [
        299,
        244
      ],
      [
        129,
        248
      ]
    ]
  },
  {
    "transcription": "B1",
    "points": [
      [
        395,
        66
      ],
      [
        555,
        64
      ],
      [
        559,
        238
      ],
      [
        398,
        238
      ]
    ]
  },
  {
    "transcription": "84240",
    "points": [
      [
        74,
        266
      ],
      [
        612,
        256
      ],
      [
        624,
        433
      ],
      [
        79,
        445
      ]
    ]
  },
  {
    "transcription": "-",
    "points": [
      [
        322,
        131
      ],
      [
        370,
        131
      ],
      [
        370,
        175
      ],
      [
        322,
        175
      ]
    ]
  },
  {
    "transcription": "B1",
    "points": [
      [
        390,
        64
      ],
      [
        552,
        64
      ],
      [
        552,
        246
      ],
      [
        390,
        246
      ]
    ]
  },
  {
    "transcription": "63",
    "points": [
      [
        134,
        65
      ],
      [
        296,
        65
      ],
      [
        296,
        251
      ],
      [
        134,
        251
      ]
    ]
  }
]