[
  {
    "transcription": "WEAR",
    "points": [
      [
        677,
        294
      ],
      [
        879,
        303
      ],
      [
        880,
        369
      ],
      [
        679,
        361
      ]
    ]
  },
  {
    "transcription": "NGUYEN",
    "points": [
      [
        634,
        369
      ],
      [
        1088,
        375
      ],
      [
        1088,
        526
      ],
      [
        637,
        516
      ]
    ]
  },
  {
    "transcription": "PHAN",
    "points": [
      [
        295,
        359
      ],
      [
        609,
        367
      ],
      [
        610,
        513
      ],
      [
        293,
        508
      ]
    ]
  },
  {
    "transcription": "MEN",
    "points": [
      [
        509,
        290
      ],
      [
        663,
        291
      ],
      [
        664,
        361
      ],
      [
        510,
        360
      ]
    ]
  }
]