[
  {
    "transcription": "225.3 525",
    "points": [
      [
        270,
        101
      ],
      [
        434,
        103
      ],
      [
        436,
        121
      ],
      [
        269,
        121
      ]
    ]
  },
  {
    "transcription": "20",
    "points": [
      [
        36,
        39
      ],
      [
        95,
        40
      ],
      [
        96,
        88
      ],
      [
        35,
        87
      ]
    ]
  },
  {
    "transcription": "ANH",
    "points": [
      [
        326,
        52
      ],
      [
        424,
        52
      ],
      [
        427,
        94
      ],
      [
        326,
        94
      ]
    ]
  },
  {
    "transcription": "L\u00c0M",
    "points": [
      [
        216,
        46
      ],
      [
        313,
        47
      ],
      [
        316,
        93
      ],
      [
        216,
        93
      ]
    ]
  },
  {
    "transcription": "BU\u1ed2N",
    "points": [
      [
        498,
        42
      ],
      [
        623,
        41
      ],
      [
        624,
        93
      ],
      [
        499,
        93
      ]
    ]
  },
  {
    "transcription": "\u0110I\u1ec0U",
    "points": [
      [
        103,
        37
      ],
      [
        206,
        40
      ],
      [
        207,
        92
      ],
      [
        103,
        90
      ]
    ]
  },
  {
    "transcription": "T\u01af",
    "points": [
      [
        432,
        47
      ],
      [
        494,
        47
      ],
      [
        494,
        96
      ],
      [
        433,
        96
      ]
    ]
  }
]