[
  {
    "transcription": "\u0110\u1ed8NG",
    "points": [
      [
        645,
        2
      ],
      [
        773,
        3
      ],
      [
        775,
        74
      ],
      [
        646,
        75
      ]
    ]
  },
  {
    "transcription": "C\u00d9NG",
    "points": [
      [
        356,
        222
      ],
      [
        482,
        223
      ],
      [
        482,
        269
      ],
      [
        356,
        269
      ]
    ]
  },
  {
    "transcription": "NGA",
    "points": [
      [
        486,
        97
      ],
      [
        797,
        102
      ],
      [
        804,
        192
      ],
      [
        488,
        192
      ]
    ]
  },
  {
    "transcription": "PH\u00d2NG",
    "points": [
      [
        135,
        0
      ],
      [
        296,
        2
      ],
      [
        296,
        64
      ],
      [
        133,
        62
      ]
    ]
  },
  {
    "transcription": "TRI\u1ec2N",
    "points": [
      [
        618,
        217
      ],
      [
        752,
        216
      ],
      [
        754,
        269
      ],
      [
        619,
        269
      ]
    ]
  },
  {
    "transcription": "PH\u00c1T",
    "points": [
      [
        492,
        221
      ],
      [
        607,
        220
      ],
      [
        608,
        269
      ],
      [
        492,
        269
      ]
    ]
  },
  {
    "transcription": "-",
    "points": [
      [
        255,
        187
      ],
      [
        283,
        187
      ],
      [
        282,
        215
      ],
      [
        253,
        214
      ]
    ]
  },
  {
    "transcription": "D\u1ecaCH",
    "points": [
      [
        427,
        6
      ],
      [
        537,
        7
      ],
      [
        538,
        74
      ],
      [
        428,
        73
      ]
    ]
  },
  {
    "transcription": "GIAO",
    "points": [
      [
        309,
        5
      ],
      [
        416,
        5
      ],
      [
        416,
        65
      ],
      [
        308,
        66
      ]
    ]
  },
  {
    "transcription": "S\u1ea2N",
    "points": [
      [
        785,
        0
      ],
      [
        879,
        0
      ],
      [
        881,
        69
      ],
      [
        786,
        69
      ]
    ]
  },
  {
    "transcription": "\u0110\u1ed2NG",
    "points": [
      [
        79,
        216
      ],
      [
        208,
        216
      ],
      [
        209,
        267
      ],
      [
        79,
        269
      ]
    ]
  },
  {
    "transcription": "B\u1ea4T",
    "points": [
      [
        549,
        0
      ],
      [
        634,
        0
      ],
      [
        635,
        67
      ],
      [
        549,
        67
      ]
    ]
  },
  {
    "transcription": "H\u00c0NH",
    "points": [
      [
        220,
        222
      ],
      [
        346,
        221
      ],
      [
        347,
        269
      ],
      [
        219,
        269
      ]
    ]
  },
  {
    "transcription": "V\u0102N",
    "points": [
      [
        26,
        0
      ],
      [
        122,
        0
      ],
      [
        122,
        62
      ],
      [
        26,
        63
      ]
    ]
  },
  {
    "transcription": "PH\u1ea0M",
    "points": [
      [
        22,
        93
      ],
      [
        446,
        98
      ],
      [
        450,
        200
      ],
      [
        22,
        201
      ]
    ]
  }
]