[
  {
    "transcription": "S\u1ee8",
    "points": [
      [
        193,
        68
      ],
      [
        267,
        68
      ],
      [
        265,
        123
      ],
      [
        193,
        124
      ]
    ]
  },
  {
    "transcription": "NH\u1ef0A",
    "points": [
      [
        18,
        9
      ],
      [
        143,
        10
      ],
      [
        142,
        73
      ],
      [
        18,
        72
      ]
    ]
  },
  {
    "transcription": "S\u00c0NH",
    "points": [
      [
        21,
        73
      ],
      [
        174,
        71
      ],
      [
        177,
        127
      ],
      [
        21,
        128
      ]
    ]
  },
  {
    "transcription": "INOX",
    "points": [
      [
        169,
        14
      ],
      [
        269,
        13
      ],
      [
        269,
        62
      ],
      [
        169,
        62
      ]
    ]
  },
  {
    "transcription": "NH\u1ef0A",
    "points": [
      [
        18,
        8
      ],
      [
        144,
        8
      ],
      [
        144,
        76
      ],
      [
        18,
        76
      ]
    ]
  },
  {
    "transcription": "S\u00c0NH",
    "points": [
      [
        24,
        71
      ],
      [
        174,
        71
      ],
      [
        174,
        127
      ],
      [
        24,
        127
      ]
    ]
  },
  {
    "transcription": "INOX",
    "points": [
      [
        170,
        11
      ],
      [
        268,
        11
      ],
      [
        268,
        63
      ],
      [
        170,
        63
      ]
    ]
  },
  {
    "transcription": "S\u1ee8",
    "points": [
      [
        193,
        69
      ],
      [
        265,
        69
      ],
      [
        265,
        123
      ],
      [
        193,
        123
      ]
    ]
  }
]