[
  {
    "transcription": "NG\u01af\u1edcI",
    "points": [
      [
        298,
        256
      ],
      [
        367,
        252
      ],
      [
        369,
        280
      ],
      [
        298,
        284
      ]
    ]
  },
  {
    "transcription": "M\u1eccI",
    "points": [
      [
        254,
        265
      ],
      [
        294,
        262
      ],
      [
        294,
        287
      ],
      [
        255,
        288
      ]
    ]
  },
  {
    "transcription": "C\u1ee6A",
    "points": [
      [
        320,
        292
      ],
      [
        359,
        290
      ],
      [
        366,
        317
      ],
      [
        321,
        319
      ]
    ]
  },
  {
    "transcription": "KH\u00d4NG",
    "points": [
      [
        406,
        288
      ],
      [
        486,
        286
      ],
      [
        486,
        313
      ],
      [
        406,
        315
      ]
    ]
  },
  {
    "transcription": "TH\u1ea4Y",
    "points": [
      [
        406,
        251
      ],
      [
        458,
        250
      ],
      [
        457,
        277
      ],
      [
        406,
        277
      ]
    ]
  },
  {
    "transcription": "c\u00f3",
    "points": [
      [
        372,
        251
      ],
      [
        403,
        251
      ],
      [
        403,
        280
      ],
      [
        372,
        280
      ]
    ]
  },
  {
    "transcription": "TUI",
    "points": [
      [
        367,
        294
      ],
      [
        402,
        293
      ],
      [
        402,
        315
      ],
      [
        369,
        316
      ]
    ]
  },
  {
    "transcription": "M\u00c8O",
    "points": [
      [
        271,
        297
      ],
      [
        316,
        293
      ],
      [
        317,
        319
      ],
      [
        272,
        321
      ]
    ]
  },
  {
    "transcription": "CON",
    "points": [
      [
        230,
        303
      ],
      [
        267,
        300
      ],
      [
        268,
        322
      ],
      [
        230,
        324
      ]
    ]
  }
]