[
  {
    "transcription": "TH\u1ee6Y",
    "points": [
      [
        89,
        174
      ],
      [
        613,
        163
      ],
      [
        619,
        374
      ],
      [
        91,
        391
      ]
    ]
  },
  {
    "transcription": "V\u0168",
    "points": [
      [
        677,
        125
      ],
      [
        961,
        127
      ],
      [
        968,
        344
      ],
      [
        689,
        344
      ]
    ]
  },
  {
    "transcription": "V\u0168",
    "points": [
      [
        677,
        124
      ],
      [
        969,
        124
      ],
      [
        969,
        352
      ],
      [
        677,
        352
      ]
    ]
  },
  {
    "transcription": "TH\u1ee6Y",
    "points": [
      [
        102,
        138
      ],
      [
        650,
        138
      ],
      [
        650,
        372
      ],
      [
        102,
        372
      ]
    ]
  }
]