[
  {
    "transcription": "ANH",
    "points": [
      [
        436,
        195
      ],
      [
        759,
        183
      ],
      [
        766,
        285
      ],
      [
        435,
        288
      ]
    ]
  },
  {
    "transcription": "THU\u1ed0C",
    "points": [
      [
        341,
        133
      ],
      [
        584,
        124
      ],
      [
        587,
        186
      ],
      [
        343,
        191
      ]
    ]
  },
  {
    "transcription": "NH\u00c0",
    "points": [
      [
        177,
        140
      ],
      [
        321,
        130
      ],
      [
        333,
        189
      ],
      [
        177,
        196
      ]
    ]
  },
  {
    "transcription": "T\u00d9NG",
    "points": [
      [
        41,
        195
      ],
      [
        389,
        197
      ],
      [
        390,
        290
      ],
      [
        39,
        291
      ]
    ]
  }
]