[
  {
    "transcription": "BAN",
    "points": [
      [
        321,
        208
      ],
      [
        351,
        208
      ],
      [
        351,
        223
      ],
      [
        322,
        223
      ]
    ]
  },
  {
    "transcription": "TO\u00c0N",
    "points": [
      [
        373,
        207
      ],
      [
        411,
        208
      ],
      [
        412,
        225
      ],
      [
        374,
        225
      ]
    ]
  },
  {
    "transcription": "T\u1ec8NH",
    "points": [
      [
        498,
        210
      ],
      [
        531,
        210
      ],
      [
        532,
        228
      ],
      [
        499,
        227
      ]
    ]
  },
  {
    "transcription": "GIAO",
    "points": [
      [
        414,
        210
      ],
      [
        447,
        210
      ],
      [
        448,
        226
      ],
      [
        414,
        226
      ]
    ]
  },
  {
    "transcription": "AN",
    "points": [
      [
        353,
        207
      ],
      [
        372,
        207
      ],
      [
        372,
        223
      ],
      [
        353,
        223
      ]
    ]
  },
  {
    "transcription": "TH\u00d4NG",
    "points": [
      [
        449,
        209
      ],
      [
        496,
        210
      ],
      [
        497,
        227
      ],
      [
        449,
        227
      ]
    ]
  },
  {
    "transcription": "B\u1ea0C",
    "points": [
      [
        534,
        212
      ],
      [
        562,
        212
      ],
      [
        563,
        230
      ],
      [
        534,
        230
      ]
    ]
  },
  {
    "transcription": "LI\u00caU",
    "points": [
      [
        564,
        212
      ],
      [
        593,
        213
      ],
      [
        593,
        229
      ],
      [
        564,
        229
      ]
    ]
  },
  {
    "transcription": "AN",
    "points": [
      [
        353,
        207
      ],
      [
        371,
        207
      ],
      [
        371,
        221
      ],
      [
        353,
        221
      ]
    ]
  },
  {
    "transcription": "LI\u1ec6U",
    "points": [
      [
        566,
        212
      ],
      [
        592,
        212
      ],
      [
        592,
        228
      ],
      [
        566,
        228
      ]
    ]
  },
  {
    "transcription": "BAN",
    "points": [
      [
        322,
        208
      ],
      [
        350,
        208
      ],
      [
        350,
        222
      ],
      [
        322,
        222
      ]
    ]
  },
  {
    "transcription": "B\u1ea0C",
    "points": [
      [
        534,
        213
      ],
      [
        562,
        213
      ],
      [
        562,
        229
      ],
      [
        534,
        229
      ]
    ]
  },
  {
    "transcription": "T\u1ec8NH",
    "points": [
      [
        498,
        210
      ],
      [
        530,
        210
      ],
      [
        530,
        226
      ],
      [
        498,
        226
      ]
    ]
  },
  {
    "transcription": "GIAO",
    "points": [
      [
        415,
        211
      ],
      [
        447,
        211
      ],
      [
        447,
        225
      ],
      [
        415,
        225
      ]
    ]
  },
  {
    "transcription": "TH\u00d4NG",
    "points": [
      [
        451,
        210
      ],
      [
        495,
        210
      ],
      [
        495,
        226
      ],
      [
        451,
        226
      ]
    ]
  },
  {
    "transcription": "TO\u00c0N",
    "points": [
      [
        374,
        208
      ],
      [
        410,
        208
      ],
      [
        410,
        224
      ],
      [
        374,
        224
      ]
    ]
  }
]