[
  {
    "transcription": "15,",
    "points": [
      [
        312,
        150
      ],
      [
        376,
        149
      ],
      [
        376,
        214
      ],
      [
        311,
        212
      ]
    ]
  },
  {
    "transcription": "Kh\u00ea",
    "points": [
      [
        1144,
        148
      ],
      [
        1223,
        148
      ],
      [
        1225,
        208
      ],
      [
        1145,
        208
      ]
    ]
  },
  {
    "transcription": "\u0111\u01b0\u1eddng",
    "points": [
      [
        509,
        145
      ],
      [
        640,
        145
      ],
      [
        640,
        217
      ],
      [
        509,
        215
      ]
    ]
  },
  {
    "transcription": "L\u00ea",
    "points": [
      [
        649,
        147
      ],
      [
        699,
        146
      ],
      [
        700,
        206
      ],
      [
        649,
        207
      ]
    ]
  },
  {
    "transcription": "ng\u00f5",
    "points": [
      [
        385,
        151
      ],
      [
        466,
        148
      ],
      [
        466,
        214
      ],
      [
        384,
        215
      ]
    ]
  },
  {
    "transcription": "T\u1ea5n,",
    "points": [
      [
        830,
        145
      ],
      [
        918,
        145
      ],
      [
        920,
        214
      ],
      [
        831,
        214
      ]
    ]
  },
  {
    "transcription": "S\u1ed1",
    "points": [
      [
        247,
        146
      ],
      [
        307,
        146
      ],
      [
        306,
        207
      ],
      [
        246,
        207
      ]
    ]
  },
  {
    "transcription": "Tr\u1ecdng",
    "points": [
      [
        705,
        150
      ],
      [
        824,
        151
      ],
      [
        825,
        219
      ],
      [
        705,
        217
      ]
    ]
  },
  {
    "transcription": "Ph\u01b0\u1eddng",
    "points": [
      [
        926,
        146
      ],
      [
        1078,
        148
      ],
      [
        1079,
        216
      ],
      [
        927,
        213
      ]
    ]
  },
  {
    "transcription": "ch\u1ec9:",
    "points": [
      [
        160,
        149
      ],
      [
        238,
        146
      ],
      [
        239,
        207
      ],
      [
        159,
        209
      ]
    ]
  },
  {
    "transcription": "4",
    "points": [
      [
        472,
        151
      ],
      [
        502,
        150
      ],
      [
        502,
        205
      ],
      [
        471,
        206
      ]
    ]
  },
  {
    "transcription": "La",
    "points": [
      [
        1088,
        151
      ],
      [
        1137,
        152
      ],
      [
        1138,
        208
      ],
      [
        1089,
        208
      ]
    ]
  },
  {
    "transcription": "\u0110\u1ecba",
    "points": [
      [
        80,
        150
      ],
      [
        150,
        151
      ],
      [
        150,
        217
      ],
      [
        79,
        216
      ]
    ]
  }
]