[
  {
    "transcription": "HOA",
    "points": [
      [
        160,
        55
      ],
      [
        236,
        56
      ],
      [
        238,
        106
      ],
      [
        159,
        104
      ]
    ]
  },
  {
    "transcription": "vinataba",
    "points": [
      [
        146,
        10
      ],
      [
        347,
        14
      ],
      [
        347,
        52
      ],
      [
        144,
        51
      ]
    ]
  },
  {
    "transcription": "VIET",
    "points": [
      [
        243,
        57
      ],
      [
        325,
        57
      ],
      [
        325,
        109
      ],
      [
        244,
        108
      ]
    ]
  }
]