[
  {
    "transcription": "29",
    "points": [
      [
        183,
        53
      ],
      [
        306,
        50
      ],
      [
        309,
        179
      ],
      [
        186,
        182
      ]
    ]
  },
  {
    "transcription": "T8",
    "points": [
      [
        377,
        50
      ],
      [
        507,
        46
      ],
      [
        508,
        180
      ],
      [
        383,
        185
      ]
    ]
  },
  {
    "transcription": "2843",
    "points": [
      [
        185,
        191
      ],
      [
        505,
        195
      ],
      [
        507,
        319
      ],
      [
        186,
        311
      ]
    ]
  },
  {
    "transcription": "-",
    "points": [
      [
        320,
        103
      ],
      [
        364,
        103
      ],
      [
        364,
        137
      ],
      [
        320,
        137
      ]
    ]
  },
  {
    "transcription": "2843",
    "points": [
      [
        187,
        190
      ],
      [
        501,
        190
      ],
      [
        501,
        320
      ],
      [
        187,
        320
      ]
    ]
  },
  {
    "transcription": "T8",
    "points": [
      [
        382,
        47
      ],
      [
        506,
        47
      ],
      [
        506,
        185
      ],
      [
        382,
        185
      ]
    ]
  },
  {
    "transcription": "29",
    "points": [
      [
        185,
        50
      ],
      [
        309,
        50
      ],
      [
        309,
        182
      ],
      [
        185,
        182
      ]
    ]
  }
]