[
  {
    "transcription": "S\u1ea0CH",
    "points": [
      [
        139,
        111
      ],
      [
        324,
        111
      ],
      [
        323,
        201
      ],
      [
        137,
        202
      ]
    ]
  },
  {
    "transcription": "TO\u00c0N",
    "points": [
      [
        627,
        103
      ],
      [
        801,
        106
      ],
      [
        801,
        195
      ],
      [
        627,
        193
      ]
    ]
  },
  {
    "transcription": "EM",
    "points": [
      [
        13,
        112
      ],
      [
        120,
        112
      ],
      [
        121,
        191
      ],
      [
        14,
        191
      ]
    ]
  },
  {
    "transcription": "\u0110T:",
    "points": [
      [
        893,
        18
      ],
      [
        949,
        17
      ],
      [
        950,
        47
      ],
      [
        894,
        47
      ]
    ]
  },
  {
    "transcription": "X\u00d4",
    "points": [
      [
        138,
        16
      ],
      [
        190,
        16
      ],
      [
        190,
        46
      ],
      [
        139,
        46
      ]
    ]
  },
  {
    "transcription": "TH\u1ea0NH",
    "points": [
      [
        741,
        18
      ],
      [
        865,
        18
      ],
      [
        866,
        48
      ],
      [
        742,
        48
      ]
    ]
  },
  {
    "transcription": "AN",
    "points": [
      [
        522,
        117
      ],
      [
        612,
        116
      ],
      [
        610,
        193
      ],
      [
        516,
        193
      ]
    ]
  },
  {
    "transcription": "T\u00ccNH.",
    "points": [
      [
        392,
        17
      ],
      [
        483,
        18
      ],
      [
        484,
        47
      ],
      [
        393,
        47
      ]
    ]
  },
  {
    "transcription": "NGH\u1ec6",
    "points": [
      [
        285,
        18
      ],
      [
        383,
        18
      ],
      [
        384,
        47
      ],
      [
        286,
        47
      ]
    ]
  },
  {
    "transcription": "155",
    "points": [
      [
        72,
        19
      ],
      [
        129,
        18
      ],
      [
        129,
        45
      ],
      [
        72,
        46
      ]
    ]
  },
  {
    "transcription": "08.38404397",
    "points": [
      [
        956,
        18
      ],
      [
        1167,
        18
      ],
      [
        1164,
        48
      ],
      [
        957,
        48
      ]
    ]
  },
  {
    "transcription": "\u0110\u1eb8P",
    "points": [
      [
        340,
        112
      ],
      [
        477,
        111
      ],
      [
        477,
        202
      ],
      [
        341,
        203
      ]
    ]
  },
  {
    "transcription": "B\u00ccNH",
    "points": [
      [
        646,
        17
      ],
      [
        735,
        17
      ],
      [
        735,
        46
      ],
      [
        647,
        46
      ]
    ]
  },
  {
    "transcription": "-",
    "points": [
      [
        483,
        149
      ],
      [
        511,
        149
      ],
      [
        511,
        167
      ],
      [
        482,
        168
      ]
    ]
  },
  {
    "transcription": "T\u00ccNH.",
    "points": [
      [
        395,
        15
      ],
      [
        485,
        15
      ],
      [
        485,
        45
      ],
      [
        395,
        45
      ]
    ]
  },
  {
    "transcription": "\u0110T:",
    "points": [
      [
        893,
        17
      ],
      [
        949,
        17
      ],
      [
        949,
        45
      ],
      [
        893,
        45
      ]
    ]
  },
  {
    "transcription": "B\u00ccNH",
    "points": [
      [
        647,
        15
      ],
      [
        733,
        15
      ],
      [
        733,
        45
      ],
      [
        647,
        45
      ]
    ]
  },
  {
    "transcription": "X\u00d4",
    "points": [
      [
        137,
        16
      ],
      [
        189,
        16
      ],
      [
        189,
        44
      ],
      [
        137,
        44
      ]
    ]
  },
  {
    "transcription": "VI\u00caT",
    "points": [
      [
        196,
        15
      ],
      [
        276,
        15
      ],
      [
        276,
        45
      ],
      [
        196,
        45
      ]
    ]
  },
  {
    "transcription": "155",
    "points": [
      [
        73,
        16
      ],
      [
        127,
        16
      ],
      [
        127,
        44
      ],
      [
        73,
        44
      ]
    ]
  },
  {
    "transcription": "TH\u1ea0NH",
    "points": [
      [
        742,
        16
      ],
      [
        864,
        16
      ],
      [
        864,
        46
      ],
      [
        742,
        46
      ]
    ]
  },
  {
    "transcription": "08.38404397",
    "points": [
      [
        960,
        16
      ],
      [
        1166,
        16
      ],
      [
        1166,
        46
      ],
      [
        960,
        46
      ]
    ]
  },
  {
    "transcription": "NGH\u1ec6",
    "points": [
      [
        286,
        16
      ],
      [
        382,
        16
      ],
      [
        382,
        46
      ],
      [
        286,
        46
      ]
    ]
  },
  {
    "transcription": "AN",
    "points": [
      [
        516,
        117
      ],
      [
        610,
        117
      ],
      [
        610,
        193
      ],
      [
        516,
        193
      ]
    ]
  },
  {
    "transcription": "\u0110\u1eb8P",
    "points": [
      [
        338,
        116
      ],
      [
        476,
        116
      ],
      [
        476,
        202
      ],
      [
        338,
        202
      ]
    ]
  },
  {
    "transcription": "EM",
    "points": [
      [
        14,
        116
      ],
      [
        120,
        116
      ],
      [
        120,
        190
      ],
      [
        14,
        190
      ]
    ]
  },
  {
    "transcription": "TO\u00c0N",
    "points": [
      [
        630,
        111
      ],
      [
        802,
        111
      ],
      [
        802,
        195
      ],
      [
        630,
        195
      ]
    ]
  },
  {
    "transcription": "S\u1ea0CH",
    "points": [
      [
        140,
        114
      ],
      [
        322,
        114
      ],
      [
        322,
        200
      ],
      [
        140,
        200
      ]
    ]
  }
]