[
  {
    "transcription": "NON",
    "points": [
      [
        384,
        90
      ],
      [
        496,
        90
      ],
      [
        498,
        152
      ],
      [
        384,
        152
      ]
    ]
  },
  {
    "transcription": "Mia",
    "points": [
      [
        459,
        167
      ],
      [
        826,
        189
      ],
      [
        830,
        336
      ],
      [
        461,
        313
      ]
    ]
  },
  {
    "transcription": "TR\u01af\u1edcNG",
    "points": [
      [
        2,
        92
      ],
      [
        219,
        86
      ],
      [
        220,
        160
      ],
      [
        1,
        164
      ]
    ]
  },
  {
    "transcription": "TH\u1ee4C",
    "points": [
      [
        590,
        84
      ],
      [
        739,
        82
      ],
      [
        744,
        154
      ],
      [
        595,
        155
      ]
    ]
  },
  {
    "transcription": "H\u1eccA",
    "points": [
      [
        13,
        172
      ],
      [
        421,
        173
      ],
      [
        418,
        331
      ],
      [
        2,
        332
      ]
    ]
  },
  {
    "transcription": "M\u1ea6M",
    "points": [
      [
        231,
        76
      ],
      [
        368,
        72
      ],
      [
        371,
        155
      ],
      [
        230,
        158
      ]
    ]
  },
  {
    "transcription": "T\u01af",
    "points": [
      [
        506,
        84
      ],
      [
        582,
        81
      ],
      [
        584,
        150
      ],
      [
        513,
        151
      ]
    ]
  }
]