[
  {
    "transcription": "C\u1eecA",
    "points": [
      [
        494,
        24
      ],
      [
        634,
        24
      ],
      [
        639,
        99
      ],
      [
        494,
        98
      ]
    ]
  },
  {
    "transcription": "TH\u1ed0NG",
    "points": [
      [
        216,
        14
      ],
      [
        484,
        18
      ],
      [
        486,
        99
      ],
      [
        217,
        98
      ]
    ]
  },
  {
    "transcription": "M\u1eb8",
    "points": [
      [
        876,
        46
      ],
      [
        973,
        48
      ],
      [
        974,
        120
      ],
      [
        875,
        118
      ]
    ]
  },
  {
    "transcription": "H\u00c0NG",
    "points": [
      [
        653,
        32
      ],
      [
        860,
        36
      ],
      [
        861,
        104
      ],
      [
        652,
        103
      ]
    ]
  },
  {
    "transcription": "H\u1ec6",
    "points": [
      [
        113,
        20
      ],
      [
        202,
        22
      ],
      [
        202,
        100
      ],
      [
        114,
        98
      ]
    ]
  },
  {
    "transcription": "V\u00c0",
    "points": [
      [
        986,
        38
      ],
      [
        1077,
        38
      ],
      [
        1086,
        110
      ],
      [
        989,
        111
      ]
    ]
  },
  {
    "transcription": "B\u00c9",
    "points": [
      [
        1094,
        36
      ],
      [
        1178,
        37
      ],
      [
        1178,
        112
      ],
      [
        1094,
        111
      ]
    ]
  },
  {
    "transcription": "H\u1ec6",
    "points": [
      [
        115,
        19
      ],
      [
        203,
        19
      ],
      [
        203,
        101
      ],
      [
        115,
        101
      ]
    ]
  },
  {
    "transcription": "C\u1eecA",
    "points": [
      [
        492,
        25
      ],
      [
        642,
        25
      ],
      [
        642,
        101
      ],
      [
        492,
        101
      ]
    ]
  },
  {
    "transcription": "B\u00c9",
    "points": [
      [
        1093,
        38
      ],
      [
        1175,
        38
      ],
      [
        1175,
        108
      ],
      [
        1093,
        108
      ]
    ]
  },
  {
    "transcription": "H\u00c0NG",
    "points": [
      [
        653,
        32
      ],
      [
        859,
        32
      ],
      [
        859,
        106
      ],
      [
        653,
        106
      ]
    ]
  },
  {
    "transcription": "V\u00c0",
    "points": [
      [
        985,
        39
      ],
      [
        1083,
        39
      ],
      [
        1083,
        107
      ],
      [
        985,
        107
      ]
    ]
  },
  {
    "transcription": "TH\u1ed0NG",
    "points": [
      [
        216,
        16
      ],
      [
        480,
        16
      ],
      [
        480,
        98
      ],
      [
        216,
        98
      ]
    ]
  },
  {
    "transcription": "M\u1eb8",
    "points": [
      [
        876,
        49
      ],
      [
        970,
        49
      ],
      [
        970,
        117
      ],
      [
        876,
        117
      ]
    ]
  }
]