[
  {
    "transcription": "TI\u00caN",
    "points": [
      [
        243,
        50
      ],
      [
        314,
        49
      ],
      [
        317,
        91
      ],
      [
        246,
        91
      ]
    ]
  },
  {
    "transcription": "B\u00ccNH",
    "points": [
      [
        168,
        49
      ],
      [
        242,
        49
      ],
      [
        244,
        91
      ],
      [
        169,
        90
      ]
    ]
  },
  {
    "transcription": "TI\u00caU",
    "points": [
      [
        4,
        48
      ],
      [
        75,
        48
      ],
      [
        77,
        88
      ],
      [
        6,
        88
      ]
    ]
  },
  {
    "transcription": "D\u00d9NG",
    "points": [
      [
        78,
        49
      ],
      [
        164,
        49
      ],
      [
        166,
        89
      ],
      [
        79,
        89
      ]
    ]
  }
]