[
  {
    "transcription": "\u0110\u1ebeN",
    "points": [
      [
        755,
        3
      ],
      [
        864,
        0
      ],
      [
        870,
        103
      ],
      [
        760,
        106
      ]
    ]
  },
  {
    "transcription": "vien",
    "points": [
      [
        215,
        278
      ],
      [
        261,
        278
      ],
      [
        261,
        293
      ],
      [
        216,
        293
      ]
    ]
  },
  {
    "transcription": "X\u1ea2",
    "points": [
      [
        4,
        23
      ],
      [
        72,
        19
      ],
      [
        71,
        121
      ],
      [
        1,
        122
      ]
    ]
  },
  {
    "transcription": "H\u00c0NG",
    "points": [
      [
        184,
        27
      ],
      [
        314,
        26
      ],
      [
        315,
        119
      ],
      [
        184,
        119
      ]
    ]
  },
  {
    "transcription": "ng\u1eddi",
    "points": [
      [
        257,
        270
      ],
      [
        309,
        270
      ],
      [
        307,
        288
      ],
      [
        256,
        288
      ]
    ]
  },
  {
    "transcription": "Ta",
    "points": [
      [
        18,
        258
      ],
      [
        34,
        262
      ],
      [
        30,
        298
      ],
      [
        14,
        293
      ]
    ]
  },
  {
    "transcription": "GI\u1ea2M",
    "points": [
      [
        617,
        9
      ],
      [
        746,
        6
      ],
      [
        754,
        108
      ],
      [
        620,
        112
      ]
    ]
  },
  {
    "transcription": "100K",
    "points": [
      [
        873,
        18
      ],
      [
        1000,
        14
      ],
      [
        1019,
        97
      ],
      [
        887,
        102
      ]
    ]
  },
  {
    "transcription": "in",
    "points": [
      [
        2,
        261
      ],
      [
        17,
        265
      ],
      [
        15,
        290
      ],
      [
        0,
        286
      ]
    ]
  },
  {
    "transcription": "KHO",
    "points": [
      [
        80,
        36
      ],
      [
        179,
        36
      ],
      [
        178,
        120
      ],
      [
        79,
        121
      ]
    ]
  },
  {
    "transcription": "126",
    "points": [
      [
        595,
        181
      ],
      [
        641,
        180
      ],
      [
        643,
        227
      ],
      [
        596,
        228
      ]
    ]
  },
  {
    "transcription": "VNPAY",
    "points": [
      [
        441,
        29
      ],
      [
        606,
        28
      ],
      [
        607,
        111
      ],
      [
        444,
        113
      ]
    ]
  },
  {
    "transcription": "H\u00c8",
    "points": [
      [
        324,
        23
      ],
      [
        387,
        23
      ],
      [
        388,
        115
      ],
      [
        323,
        117
      ]
    ]
  },
  {
    "transcription": "+",
    "points": [
      [
        399,
        52
      ],
      [
        436,
        51
      ],
      [
        436,
        106
      ],
      [
        398,
        107
      ]
    ]
  }
]