[
  {
    "transcription": "98",
    "points": [
      [
        137,
        28
      ],
      [
        229,
        27
      ],
      [
        230,
        122
      ],
      [
        137,
        122
      ]
    ]
  },
  {
    "transcription": "028.97",
    "points": [
      [
        112,
        137
      ],
      [
        404,
        132
      ],
      [
        402,
        221
      ],
      [
        110,
        227
      ]
    ]
  },
  {
    "transcription": "-",
    "points": [
      [
        245,
        64
      ],
      [
        271,
        64
      ],
      [
        271,
        84
      ],
      [
        245,
        84
      ]
    ]
  },
  {
    "transcription": "98",
    "points": [
      [
        141,
        28
      ],
      [
        229,
        28
      ],
      [
        229,
        120
      ],
      [
        141,
        120
      ]
    ]
  },
  {
    "transcription": "K1",
    "points": [
      [
        285,
        27
      ],
      [
        371,
        27
      ],
      [
        371,
        119
      ],
      [
        285,
        119
      ]
    ]
  },
  {
    "transcription": "028.97",
    "points": [
      [
        131,
        128
      ],
      [
        389,
        128
      ],
      [
        389,
        220
      ],
      [
        131,
        220
      ]
    ]
  }
]