[
  {
    "transcription": "C\u1ed8NG",
    "points": [
      [
        65,
        102
      ],
      [
        100,
        102
      ],
      [
        101,
        117
      ],
      [
        65,
        118
      ]
    ]
  },
  {
    "transcription": "TH\u1eaeNG",
    "points": [
      [
        66,
        196
      ],
      [
        108,
        195
      ],
      [
        108,
        211
      ],
      [
        67,
        212
      ]
    ]
  },
  {
    "transcription": "\u0110\u1ea2NG",
    "points": [
      [
        79,
        83
      ],
      [
        115,
        83
      ],
      [
        115,
        100
      ],
      [
        79,
        101
      ]
    ]
  },
  {
    "transcription": "N\u0102M",
    "points": [
      [
        100,
        260
      ],
      [
        130,
        259
      ],
      [
        131,
        276
      ],
      [
        100,
        278
      ]
    ]
  },
  {
    "transcription": "M\u1ea0NG",
    "points": [
      [
        98,
        227
      ],
      [
        136,
        227
      ],
      [
        136,
        242
      ],
      [
        98,
        242
      ]
    ]
  },
  {
    "transcription": "M\u1eccI",
    "points": [
      [
        85,
        182
      ],
      [
        111,
        182
      ],
      [
        112,
        196
      ],
      [
        86,
        196
      ]
    ]
  },
  {
    "transcription": "!",
    "points": [
      [
        132,
        260
      ],
      [
        138,
        260
      ],
      [
        138,
        274
      ],
      [
        132,
        274
      ]
    ]
  },
  {
    "transcription": "C\u00c1CH",
    "points": [
      [
        62,
        228
      ],
      [
        96,
        227
      ],
      [
        97,
        242
      ],
      [
        62,
        243
      ]
    ]
  },
  {
    "transcription": "MU\u00d4N",
    "points": [
      [
        61,
        261
      ],
      [
        99,
        261
      ],
      [
        99,
        279
      ],
      [
        61,
        279
      ]
    ]
  },
  {
    "transcription": "NAM",
    "points": [
      [
        99,
        243
      ],
      [
        129,
        243
      ],
      [
        130,
        258
      ],
      [
        99,
        259
      ]
    ]
  },
  {
    "transcription": "S\u1ea2N",
    "points": [
      [
        103,
        99
      ],
      [
        130,
        98
      ],
      [
        130,
        115
      ],
      [
        103,
        116
      ]
    ]
  },
  {
    "transcription": "NG\u01af\u1edcI",
    "points": [
      [
        77,
        133
      ],
      [
        118,
        132
      ],
      [
        119,
        147
      ],
      [
        78,
        148
      ]
    ]
  },
  {
    "transcription": "NAM",
    "points": [
      [
        97,
        118
      ],
      [
        128,
        118
      ],
      [
        128,
        132
      ],
      [
        97,
        132
      ]
    ]
  },
  {
    "transcription": "L\u1ee2I",
    "points": [
      [
        110,
        195
      ],
      [
        130,
        195
      ],
      [
        131,
        211
      ],
      [
        110,
        212
      ]
    ]
  },
  {
    "transcription": "L\u00c3NH",
    "points": [
      [
        67,
        150
      ],
      [
        101,
        149
      ],
      [
        101,
        164
      ],
      [
        67,
        165
      ]
    ]
  },
  {
    "transcription": "VI\u1ec6T",
    "points": [
      [
        67,
        118
      ],
      [
        95,
        118
      ],
      [
        95,
        134
      ],
      [
        68,
        134
      ]
    ]
  },
  {
    "transcription": "VI\u1ec6T",
    "points": [
      [
        69,
        244
      ],
      [
        97,
        243
      ],
      [
        97,
        261
      ],
      [
        69,
        261
      ]
    ]
  },
  {
    "transcription": "CH\u1ee8C",
    "points": [
      [
        91,
        164
      ],
      [
        124,
        163
      ],
      [
        125,
        179
      ],
      [
        91,
        179
      ]
    ]
  },
  {
    "transcription": "\u0110\u1ea0O",
    "points": [
      [
        103,
        149
      ],
      [
        129,
        149
      ],
      [
        129,
        164
      ],
      [
        103,
        164
      ]
    ]
  },
  {
    "transcription": "C\u1ee6A",
    "points": [
      [
        86,
        211
      ],
      [
        112,
        210
      ],
      [
        113,
        226
      ],
      [
        86,
        226
      ]
    ]
  },
  {
    "transcription": "T\u1ed4",
    "points": [
      [
        72,
        164
      ],
      [
        89,
        164
      ],
      [
        90,
        180
      ],
      [
        72,
        181
      ]
    ]
  }
]