[
  {
    "transcription": "Van",
    "points": [
      [
        115,
        11
      ],
      [
        137,
        11
      ],
      [
        137,
        27
      ],
      [
        116,
        26
      ]
    ]
  },
  {
    "transcription": "Nguy\u1ec5n",
    "points": [
      [
        73,
        8
      ],
      [
        115,
        10
      ],
      [
        115,
        26
      ],
      [
        73,
        25
      ]
    ]
  },
  {
    "transcription": "Linh,",
    "points": [
      [
        137,
        12
      ],
      [
        164,
        12
      ],
      [
        164,
        29
      ],
      [
        137,
        29
      ]
    ]
  },
  {
    "transcription": "N\u1ea3ng",
    "points": [
      [
        229,
        17
      ],
      [
        256,
        18
      ],
      [
        256,
        33
      ],
      [
        229,
        32
      ]
    ]
  },
  {
    "transcription": "171",
    "points": [
      [
        52,
        6
      ],
      [
        72,
        7
      ],
      [
        72,
        23
      ],
      [
        52,
        22
      ]
    ]
  },
  {
    "transcription": "169",
    "points": [
      [
        22,
        6
      ],
      [
        43,
        6
      ],
      [
        43,
        20
      ],
      [
        22,
        20
      ]
    ]
  },
  {
    "transcription": "Ch\u00e1u,",
    "points": [
      [
        183,
        14
      ],
      [
        213,
        15
      ],
      [
        213,
        31
      ],
      [
        183,
        30
      ]
    ]
  },
  {
    "transcription": "169",
    "points": [
      [
        21,
        7
      ],
      [
        43,
        7
      ],
      [
        43,
        19
      ],
      [
        21,
        19
      ]
    ]
  },
  {
    "transcription": "\u0110a",
    "points": [
      [
        214,
        18
      ],
      [
        228,
        18
      ],
      [
        228,
        30
      ],
      [
        214,
        30
      ]
    ]
  },
  {
    "transcription": "N\u1ea3ng",
    "points": [
      [
        230,
        17
      ],
      [
        256,
        17
      ],
      [
        256,
        31
      ],
      [
        230,
        31
      ]
    ]
  },
  {
    "transcription": "171",
    "points": [
      [
        53,
        9
      ],
      [
        71,
        9
      ],
      [
        71,
        21
      ],
      [
        53,
        21
      ]
    ]
  },
  {
    "transcription": "V\u0103n",
    "points": [
      [
        115,
        12
      ],
      [
        135,
        12
      ],
      [
        135,
        24
      ],
      [
        115,
        24
      ]
    ]
  },
  {
    "transcription": "Ch\u00e1u,",
    "points": [
      [
        185,
        16
      ],
      [
        213,
        16
      ],
      [
        213,
        30
      ],
      [
        185,
        30
      ]
    ]
  },
  {
    "transcription": "Linh,",
    "points": [
      [
        139,
        13
      ],
      [
        163,
        13
      ],
      [
        163,
        27
      ],
      [
        139,
        27
      ]
    ]
  },
  {
    "transcription": "Nguy\u1ec5n",
    "points": [
      [
        74,
        10
      ],
      [
        114,
        10
      ],
      [
        114,
        24
      ],
      [
        74,
        24
      ]
    ]
  }
]