[
  {
    "transcription": "THANH",
    "points": [
      [
        354,
        9
      ],
      [
        406,
        9
      ],
      [
        406,
        41
      ],
      [
        354,
        41
      ]
    ]
  },
  {
    "transcription": "0243.8585.626",
    "points": [
      [
        285,
        51
      ],
      [
        440,
        52
      ],
      [
        440,
        79
      ],
      [
        285,
        78
      ]
    ]
  },
  {
    "transcription": "AN",
    "points": [
      [
        278,
        7
      ],
      [
        303,
        7
      ],
      [
        303,
        41
      ],
      [
        278,
        41
      ]
    ]
  },
  {
    "transcription": "C\u00d4NG",
    "points": [
      [
        232,
        4
      ],
      [
        277,
        4
      ],
      [
        277,
        39
      ],
      [
        232,
        40
      ]
    ]
  },
  {
    "transcription": "626",
    "points": [
      [
        399,
        49
      ],
      [
        438,
        49
      ],
      [
        438,
        81
      ],
      [
        399,
        81
      ]
    ]
  },
  {
    "transcription": "3.",
    "points": [
      [
        325,
        48
      ],
      [
        341,
        48
      ],
      [
        341,
        80
      ],
      [
        324,
        80
      ]
    ]
  },
  {
    "transcription": "QU\u1eacN",
    "points": [
      [
        306,
        6
      ],
      [
        351,
        5
      ],
      [
        351,
        44
      ],
      [
        306,
        45
      ]
    ]
  },
  {
    "transcription": "XU\u00c2N",
    "points": [
      [
        409,
        6
      ],
      [
        454,
        6
      ],
      [
        454,
        41
      ],
      [
        409,
        41
      ]
    ]
  },
  {
    "transcription": "6",
    "points": [
      [
        244,
        46
      ],
      [
        277,
        46
      ],
      [
        278,
        80
      ],
      [
        245,
        80
      ]
    ]
  }
]