[
  {
    "transcription": "c",
    "points": [
      [
        571,
        73
      ],
      [
        589,
        72
      ],
      [
        588,
        97
      ],
      [
        571,
        99
      ]
    ]
  },
  {
    "transcription": "M\u1ef8",
    "points": [
      [
        377,
        49
      ],
      [
        446,
        48
      ],
      [
        444,
        109
      ],
      [
        375,
        109
      ]
    ]
  },
  {
    "transcription": "MI",
    "points": [
      [
        599,
        55
      ],
      [
        655,
        55
      ],
      [
        653,
        109
      ],
      [
        595,
        110
      ]
    ]
  },
  {
    "transcription": "NAIL",
    "points": [
      [
        472,
        57
      ],
      [
        564,
        57
      ],
      [
        563,
        106
      ],
      [
        470,
        106
      ]
    ]
  },
  {
    "transcription": "TH\u1ea8M",
    "points": [
      [
        258,
        47
      ],
      [
        367,
        47
      ],
      [
        366,
        105
      ],
      [
        256,
        105
      ]
    ]
  },
  {
    "transcription": "PHUN",
    "points": [
      [
        32,
        57
      ],
      [
        148,
        58
      ],
      [
        147,
        105
      ],
      [
        31,
        105
      ]
    ]
  },
  {
    "transcription": "X\u0102M",
    "points": [
      [
        157,
        50
      ],
      [
        247,
        51
      ],
      [
        247,
        104
      ],
      [
        155,
        104
      ]
    ]
  },
  {
    "transcription": ":",
    "points": [
      [
        301,
        132
      ],
      [
        328,
        131
      ],
      [
        328,
        176
      ],
      [
        301,
        178
      ]
    ]
  },
  {
    "transcription": "E",
    "points": [
      [
        445,
        55
      ],
      [
        463,
        54
      ],
      [
        463,
        112
      ],
      [
        445,
        113
      ]
    ]
  }
]