[
  {
    "transcription": "h\u1ecfng",
    "points": [
      [
        39,
        175
      ],
      [
        123,
        179
      ],
      [
        123,
        218
      ],
      [
        39,
        215
      ]
    ]
  },
  {
    "transcription": "h\u00f3c",
    "points": [
      [
        128,
        177
      ],
      [
        187,
        178
      ],
      [
        187,
        212
      ],
      [
        128,
        212
      ]
    ]
  },
  {
    "transcription": "h\u00f3c",
    "points": [
      [
        127,
        178
      ],
      [
        187,
        178
      ],
      [
        187,
        214
      ],
      [
        127,
        214
      ]
    ]
  },
  {
    "transcription": "h\u1ecfng",
    "points": [
      [
        39,
        176
      ],
      [
        123,
        176
      ],
      [
        123,
        218
      ],
      [
        39,
        218
      ]
    ]
  }
]