[
  {
    "transcription": "S\u1ea2",
    "points": [
      [
        227,
        169
      ],
      [
        291,
        169
      ],
      [
        292,
        224
      ],
      [
        226,
        224
      ]
    ]
  },
  {
    "transcription": "G\u00c0",
    "points": [
      [
        25,
        174
      ],
      [
        94,
        174
      ],
      [
        97,
        225
      ],
      [
        25,
        226
      ]
    ]
  },
  {
    "transcription": "H\u1ea6M",
    "points": [
      [
        106,
        169
      ],
      [
        216,
        170
      ],
      [
        216,
        225
      ],
      [
        106,
        225
      ]
    ]
  },
  {
    "transcription": "CH\u00c1O",
    "points": [
      [
        11,
        36
      ],
      [
        163,
        36
      ],
      [
        163,
        166
      ],
      [
        11,
        166
      ]
    ]
  },
  {
    "transcription": "L\u00d2NG",
    "points": [
      [
        171,
        36
      ],
      [
        311,
        36
      ],
      [
        311,
        166
      ],
      [
        171,
        166
      ]
    ]
  },
  {
    "transcription": "S\u1ea2",
    "points": [
      [
        228,
        169
      ],
      [
        290,
        169
      ],
      [
        290,
        223
      ],
      [
        228,
        223
      ]
    ]
  },
  {
    "transcription": "G\u00c0",
    "points": [
      [
        26,
        176
      ],
      [
        96,
        176
      ],
      [
        96,
        224
      ],
      [
        26,
        224
      ]
    ]
  },
  {
    "transcription": "H\u1ea6M",
    "points": [
      [
        109,
        172
      ],
      [
        213,
        172
      ],
      [
        213,
        224
      ],
      [
        109,
        224
      ]
    ]
  }
]