[
  {
    "transcription": "S\u00d3C",
    "points": [
      [
        257,
        17
      ],
      [
        319,
        17
      ],
      [
        319,
        68
      ],
      [
        257,
        68
      ]
    ]
  },
  {
    "transcription": "CH\u0102M",
    "points": [
      [
        165,
        14
      ],
      [
        254,
        14
      ],
      [
        254,
        67
      ],
      [
        165,
        67
      ]
    ]
  },
  {
    "transcription": "CHUY\u00caN",
    "points": [
      [
        29,
        15
      ],
      [
        162,
        15
      ],
      [
        163,
        68
      ],
      [
        28,
        67
      ]
    ]
  },
  {
    "transcription": "CHUY\u00caN",
    "points": [
      [
        30,
        15
      ],
      [
        158,
        15
      ],
      [
        158,
        69
      ],
      [
        30,
        69
      ]
    ]
  },
  {
    "transcription": "CH\u0102M",
    "points": [
      [
        166,
        15
      ],
      [
        252,
        15
      ],
      [
        252,
        67
      ],
      [
        166,
        67
      ]
    ]
  },
  {
    "transcription": "S\u00d3C",
    "points": [
      [
        259,
        16
      ],
      [
        317,
        16
      ],
      [
        317,
        68
      ],
      [
        259,
        68
      ]
    ]
  }
]