[
  {
    "transcription": "C\u00d4N",
    "points": [
      [
        437,
        12
      ],
      [
        554,
        13
      ],
      [
        555,
        96
      ],
      [
        437,
        95
      ]
    ]
  },
  {
    "transcription": "N\u1ea4M",
    "points": [
      [
        295,
        5
      ],
      [
        427,
        4
      ],
      [
        427,
        97
      ],
      [
        295,
        98
      ]
    ]
  },
  {
    "transcription": "L\u1ea8U",
    "points": [
      [
        176,
        4
      ],
      [
        285,
        4
      ],
      [
        284,
        97
      ],
      [
        176,
        96
      ]
    ]
  },
  {
    "transcription": "MINH",
    "points": [
      [
        565,
        17
      ],
      [
        717,
        17
      ],
      [
        717,
        96
      ],
      [
        565,
        96
      ]
    ]
  },
  {
    "transcription": "S\u1ea2N",
    "points": [
      [
        874,
        5
      ],
      [
        994,
        5
      ],
      [
        994,
        94
      ],
      [
        873,
        94
      ]
    ]
  },
  {
    "transcription": "H\u1ea2I",
    "points": [
      [
        764,
        8
      ],
      [
        863,
        7
      ],
      [
        863,
        94
      ],
      [
        764,
        94
      ]
    ]
  },
  {
    "transcription": "\u0110\u1ea0I",
    "points": [
      [
        1003,
        19
      ],
      [
        1103,
        18
      ],
      [
        1103,
        99
      ],
      [
        1002,
        100
      ]
    ]
  },
  {
    "transcription": "D\u01af\u01a0NG",
    "points": [
      [
        1110,
        11
      ],
      [
        1308,
        11
      ],
      [
        1307,
        89
      ],
      [
        1110,
        89
      ]
    ]
  },
  {
    "transcription": "-",
    "points": [
      [
        726,
        49
      ],
      [
        755,
        50
      ],
      [
        755,
        75
      ],
      [
        726,
        75
      ]
    ]
  },
  {
    "transcription": "-",
    "points": [
      [
        729,
        51
      ],
      [
        755,
        51
      ],
      [
        755,
        73
      ],
      [
        729,
        73
      ]
    ]
  },
  {
    "transcription": "L\u1ea8U",
    "points": [
      [
        176,
        4
      ],
      [
        284,
        4
      ],
      [
        284,
        98
      ],
      [
        176,
        98
      ]
    ]
  },
  {
    "transcription": "\u0110\u1ea0I",
    "points": [
      [
        1004,
        20
      ],
      [
        1102,
        20
      ],
      [
        1102,
        98
      ],
      [
        1004,
        98
      ]
    ]
  },
  {
    "transcription": "H\u1ea2I",
    "points": [
      [
        764,
        7
      ],
      [
        862,
        7
      ],
      [
        862,
        93
      ],
      [
        764,
        93
      ]
    ]
  },
  {
    "transcription": "MINH",
    "points": [
      [
        566,
        22
      ],
      [
        716,
        22
      ],
      [
        716,
        94
      ],
      [
        566,
        94
      ]
    ]
  },
  {
    "transcription": "D\u01af\u01a0NG",
    "points": [
      [
        1112,
        12
      ],
      [
        1308,
        12
      ],
      [
        1308,
        90
      ],
      [
        1112,
        90
      ]
    ]
  },
  {
    "transcription": "N\u1ea4M",
    "points": [
      [
        294,
        7
      ],
      [
        424,
        7
      ],
      [
        424,
        95
      ],
      [
        294,
        95
      ]
    ]
  },
  {
    "transcription": "C\u00d4N",
    "points": [
      [
        438,
        15
      ],
      [
        554,
        15
      ],
      [
        554,
        93
      ],
      [
        438,
        93
      ]
    ]
  },
  {
    "transcription": "S\u1ea2N",
    "points": [
      [
        873,
        7
      ],
      [
        993,
        7
      ],
      [
        993,
        93
      ],
      [
        873,
        93
      ]
    ]
  }
]