[
  {
    "transcription": "THO\u1ea0I",
    "points": [
      [
        144,
        100
      ],
      [
        203,
        101
      ],
      [
        204,
        130
      ],
      [
        144,
        129
      ]
    ]
  },
  {
    "transcription": "S\u1eecA",
    "points": [
      [
        326,
        102
      ],
      [
        368,
        102
      ],
      [
        369,
        132
      ],
      [
        325,
        132
      ]
    ]
  },
  {
    "transcription": "DU\u1ef4",
    "points": [
      [
        33,
        17
      ],
      [
        195,
        23
      ],
      [
        195,
        82
      ],
      [
        31,
        76
      ]
    ]
  },
  {
    "transcription": "STORE",
    "points": [
      [
        233,
        27
      ],
      [
        481,
        31
      ],
      [
        483,
        90
      ],
      [
        233,
        87
      ]
    ]
  },
  {
    "transcription": "-",
    "points": [
      [
        206,
        111
      ],
      [
        215,
        111
      ],
      [
        215,
        121
      ],
      [
        206,
        121
      ]
    ]
  },
  {
    "transcription": "CH\u1eeeA",
    "points": [
      [
        371,
        106
      ],
      [
        426,
        107
      ],
      [
        426,
        133
      ],
      [
        371,
        133
      ]
    ]
  },
  {
    "transcription": "\u0110I\u1ec6N",
    "points": [
      [
        90,
        96
      ],
      [
        139,
        96
      ],
      [
        139,
        126
      ],
      [
        89,
        125
      ]
    ]
  },
  {
    "transcription": "KI\u1ec6N",
    "points": [
      [
        265,
        103
      ],
      [
        312,
        103
      ],
      [
        313,
        132
      ],
      [
        265,
        132
      ]
    ]
  },
  {
    "transcription": "PH\u00da",
    "points": [
      [
        219,
        102
      ],
      [
        261,
        103
      ],
      [
        261,
        130
      ],
      [
        219,
        130
      ]
    ]
  },
  {
    "transcription": "-",
    "points": [
      [
        314,
        115
      ],
      [
        323,
        115
      ],
      [
        323,
        125
      ],
      [
        314,
        125
      ]
    ]
  }
]