[
  {
    "transcription": "M",
    "points": [
      [
        233,
        397
      ],
      [
        405,
        396
      ],
      [
        407,
        495
      ],
      [
        231,
        495
      ]
    ]
  },
  {
    "transcription": "MOT",
    "points": [
      [
        220,
        391
      ],
      [
        722,
        388
      ],
      [
        722,
        515
      ],
      [
        221,
        514
      ]
    ]
  },
  {
    "transcription": "THU",
    "points": [
      [
        115,
        286
      ],
      [
        567,
        284
      ],
      [
        570,
        383
      ],
      [
        115,
        391
      ]
    ]
  },
  {
    "transcription": "M",
    "points": [
      [
        233,
        397
      ],
      [
        405,
        396
      ],
      [
        407,
        495
      ],
      [
        231,
        495
      ]
    ]
  },
  {
    "transcription": "N",
    "points": [
      [
        1015,
        291
      ],
      [
        1148,
        294
      ],
      [
        1169,
        378
      ],
      [
        1028,
        379
      ]
    ]
  },
  {
    "transcription": "m\u00ec",
    "points": [
      [
        1091,
        341
      ],
      [
        1104,
        351
      ],
      [
        1100,
        358
      ],
      [
        1088,
        348
      ]
    ]
  },
  {
    "transcription": "nutiFood",
    "points": [
      [
        963,
        296
      ],
      [
        981,
        296
      ],
      [
        981,
        302
      ],
      [
        963,
        302
      ]
    ]
  },
  {
    "transcription": "\"M\u1eebng",
    "points": [
      [
        1098,
        346
      ],
      [
        1108,
        354
      ],
      [
        1104,
        360
      ],
      [
        1095,
        352
      ]
    ]
  },
  {
    "transcription": "tuil",
    "points": [
      [
        959,
        272
      ],
      [
        974,
        272
      ],
      [
        974,
        278
      ],
      [
        960,
        279
      ]
    ]
  },
  {
    "transcription": "t\u00ednh",
    "points": [
      [
        1110,
        355
      ],
      [
        1122,
        363
      ],
      [
        1119,
        369
      ],
      [
        1106,
        360
      ]
    ]
  },
  {
    "transcription": "HI",
    "points": [
      [
        644,
        284
      ],
      [
        864,
        283
      ],
      [
        869,
        405
      ],
      [
        645,
        413
      ]
    ]
  },
  {
    "transcription": "4445",
    "points": [
      [
        934,
        276
      ],
      [
        945,
        276
      ],
      [
        945,
        280
      ],
      [
        933,
        280
      ]
    ]
  },
  {
    "transcription": "TI\u1ec6N",
    "points": [
      [
        612,
        259
      ],
      [
        1213,
        230
      ],
      [
        1200,
        460
      ],
      [
        597,
        475
      ]
    ]
  },
  {
    "transcription": "has",
    "points": [
      [
        935,
        280
      ],
      [
        949,
        281
      ],
      [
        948,
        286
      ],
      [
        933,
        285
      ]
    ]
  },
  {
    "transcription": "T\u01af",
    "points": [
      [
        617,
        281
      ],
      [
        888,
        272
      ],
      [
        899,
        516
      ],
      [
        619,
        529
      ]
    ]
  },
  {
    "transcription": "B\u00e1nh",
    "points": [
      [
        941,
        281
      ],
      [
        959,
        281
      ],
      [
        958,
        287
      ],
      [
        940,
        287
      ]
    ]
  },
  {
    "transcription": "\"XA",
    "points": [
      [
        1103,
        350
      ],
      [
        1109,
        355
      ],
      [
        1108,
        363
      ],
      [
        1099,
        354
      ]
    ]
  },
  {
    "transcription": "fruman",
    "points": [
      [
        510,
        294
      ],
      [
        549,
        293
      ],
      [
        549,
        302
      ],
      [
        511,
        303
      ]
    ]
  },
  {
    "transcription": "m\u00ec",
    "points": [
      [
        1084,
        335
      ],
      [
        1098,
        347
      ],
      [
        1094,
        354
      ],
      [
        1081,
        343
      ]
    ]
  },
  {
    "transcription": "THU",
    "points": [
      [
        115,
        286
      ],
      [
        567,
        284
      ],
      [
        570,
        383
      ],
      [
        115,
        391
      ]
    ]
  },
  {
    "transcription": "M",
    "points": [
      [
        233,
        397
      ],
      [
        405,
        396
      ],
      [
        407,
        495
      ],
      [
        231,
        495
      ]
    ]
  },
  {
    "transcription": "N",
    "points": [
      [
        1015,
        291
      ],
      [
        1148,
        294
      ],
      [
        1169,
        378
      ],
      [
        1028,
        379
      ]
    ]
  },
  {
    "transcription": "m\u00ec",
    "points": [
      [
        1091,
        341
      ],
      [
        1104,
        351
      ],
      [
        1100,
        358
      ],
      [
        1088,
        348
      ]
    ]
  },
  {
    "transcription": "nutiFood",
    "points": [
      [
        963,
        296
      ],
      [
        981,
        296
      ],
      [
        981,
        302
      ],
      [
        963,
        302
      ]
    ]
  },
  {
    "transcription": "\"M\u1eebng",
    "points": [
      [
        1098,
        346
      ],
      [
        1108,
        354
      ],
      [
        1104,
        360
      ],
      [
        1095,
        352
      ]
    ]
  },
  {
    "transcription": "MOT",
    "points": [
      [
        220,
        391
      ],
      [
        722,
        388
      ],
      [
        722,
        515
      ],
      [
        221,
        514
      ]
    ]
  },
  {
    "transcription": "tuil",
    "points": [
      [
        959,
        272
      ],
      [
        974,
        272
      ],
      [
        974,
        278
      ],
      [
        960,
        279
      ]
    ]
  },
  {
    "transcription": "t\u00ednh",
    "points": [
      [
        1110,
        355
      ],
      [
        1122,
        363
      ],
      [
        1119,
        369
      ],
      [
        1106,
        360
      ]
    ]
  },
  {
    "transcription": "HI",
    "points": [
      [
        644,
        284
      ],
      [
        864,
        283
      ],
      [
        869,
        405
      ],
      [
        645,
        413
      ]
    ]
  },
  {
    "transcription": "4445",
    "points": [
      [
        934,
        276
      ],
      [
        945,
        276
      ],
      [
        945,
        280
      ],
      [
        933,
        280
      ]
    ]
  },
  {
    "transcription": "TI\u1ec6N",
    "points": [
      [
        612,
        259
      ],
      [
        1213,
        230
      ],
      [
        1200,
        460
      ],
      [
        597,
        475
      ]
    ]
  },
  {
    "transcription": "has",
    "points": [
      [
        935,
        280
      ],
      [
        949,
        281
      ],
      [
        948,
        286
      ],
      [
        933,
        285
      ]
    ]
  },
  {
    "transcription": "T\u01af",
    "points": [
      [
        617,
        281
      ],
      [
        888,
        272
      ],
      [
        899,
        516
      ],
      [
        619,
        529
      ]
    ]
  },
  {
    "transcription": "B\u00e1nh",
    "points": [
      [
        941,
        281
      ],
      [
        959,
        281
      ],
      [
        958,
        287
      ],
      [
        940,
        287
      ]
    ]
  },
  {
    "transcription": "\"XA",
    "points": [
      [
        1103,
        350
      ],
      [
        1109,
        355
      ],
      [
        1108,
        363
      ],
      [
        1099,
        354
      ]
    ]
  },
  {
    "transcription": "fruman",
    "points": [
      [
        510,
        294
      ],
      [
        549,
        293
      ],
      [
        549,
        302
      ],
      [
        511,
        303
      ]
    ]
  },
  {
    "transcription": "m\u00ec",
    "points": [
      [
        1084,
        335
      ],
      [
        1098,
        347
      ],
      [
        1094,
        354
      ],
      [
        1081,
        343
      ]
    ]
  }
]