[
  {
    "transcription": "C\u1ea2NH",
    "points": [
      [
        320,
        23
      ],
      [
        445,
        24
      ],
      [
        445,
        125
      ],
      [
        319,
        121
      ]
    ]
  },
  {
    "transcription": "C\u00c1",
    "points": [
      [
        247,
        26
      ],
      [
        314,
        27
      ],
      [
        314,
        114
      ],
      [
        246,
        113
      ]
    ]
  },
  {
    "transcription": "C\u00c1",
    "points": [
      [
        246,
        26
      ],
      [
        314,
        26
      ],
      [
        314,
        118
      ],
      [
        246,
        118
      ]
    ]
  },
  {
    "transcription": "C\u1ea2NH",
    "points": [
      [
        321,
        25
      ],
      [
        447,
        25
      ],
      [
        447,
        125
      ],
      [
        321,
        125
      ]
    ]
  }
]