[
  {
    "transcription": "8",
    "points": [
      [
        94,
        0
      ],
      [
        347,
        0
      ],
      [
        353,
        178
      ],
      [
        102,
        193
      ]
    ]
  },
  {
    "transcription": "7",
    "points": [
      [
        112,
        5
      ],
      [
        200,
        8
      ],
      [
        202,
        200
      ],
      [
        110,
        204
      ]
    ]
  },
  {
    "transcription": "c\u1ea3o",
    "points": [
      [
        320,
        45
      ],
      [
        528,
        50
      ],
      [
        536,
        216
      ],
      [
        321,
        209
      ]
    ]
  }
]