[
  {
    "transcription": "Hotline:",
    "points": [
      [
        271,
        117
      ],
      [
        388,
        117
      ],
      [
        389,
        157
      ],
      [
        272,
        157
      ]
    ]
  },
  {
    "transcription": "Email:",
    "points": [
      [
        616,
        116
      ],
      [
        708,
        116
      ],
      [
        709,
        157
      ],
      [
        617,
        157
      ]
    ]
  },
  {
    "transcription": "199",
    "points": [
      [
        537,
        119
      ],
      [
        593,
        119
      ],
      [
        594,
        156
      ],
      [
        537,
        156
      ]
    ]
  },
  {
    "transcription": "net",
    "points": [
      [
        1030,
        123
      ],
      [
        1080,
        123
      ],
      [
        1080,
        157
      ],
      [
        1031,
        156
      ]
    ]
  },
  {
    "transcription": "BANGHIEUDAN",
    "points": [
      [
        362,
        1
      ],
      [
        1010,
        0
      ],
      [
        1009,
        55
      ],
      [
        359,
        59
      ]
    ]
  },
  {
    "transcription": "info@banghieudanang-",
    "points": [
      [
        713,
        121
      ],
      [
        1071,
        124
      ],
      [
        1070,
        164
      ],
      [
        713,
        165
      ]
    ]
  },
  {
    "transcription": "0935857199",
    "points": [
      [
        393,
        122
      ],
      [
        595,
        122
      ],
      [
        595,
        154
      ],
      [
        393,
        154
      ]
    ]
  },
  {
    "transcription": "BANGHIEUDAN",
    "points": [
      [
        350,
        6
      ],
      [
        992,
        6
      ],
      [
        992,
        70
      ],
      [
        350,
        70
      ]
    ]
  },
  {
    "transcription": "info@banghieudanang-netne",
    "points": [
      [
        716,
        119
      ],
      [
        1082,
        119
      ],
      [
        1082,
        163
      ],
      [
        716,
        163
      ]
    ]
  },
  {
    "transcription": "Hotline:",
    "points": [
      [
        276,
        121
      ],
      [
        384,
        121
      ],
      [
        384,
        153
      ],
      [
        276,
        153
      ]
    ]
  },
  {
    "transcription": "Email:",
    "points": [
      [
        620,
        120
      ],
      [
        706,
        120
      ],
      [
        706,
        154
      ],
      [
        620,
        154
      ]
    ]
  }
]