[
  {
    "transcription": "BO",
    "points": [
      [
        127,
        322
      ],
      [
        343,
        320
      ],
      [
        344,
        455
      ],
      [
        127,
        452
      ]
    ]
  },
  {
    "transcription": "AB",
    "points": [
      [
        164,
        54
      ],
      [
        662,
        28
      ],
      [
        632,
        262
      ],
      [
        156,
        273
      ]
    ]
  },
  {
    "transcription": "L",
    "points": [
      [
        117,
        109
      ],
      [
        251,
        56
      ],
      [
        258,
        371
      ],
      [
        125,
        409
      ]
    ]
  },
  {
    "transcription": "T3",
    "points": [
      [
        339,
        28
      ],
      [
        599,
        30
      ],
      [
        590,
        271
      ],
      [
        340,
        274
      ]
    ]
  },
  {
    "transcription": "A1",
    "points": [
      [
        23,
        100
      ],
      [
        415,
        29
      ],
      [
        427,
        282
      ],
      [
        26,
        316
      ]
    ]
  },
  {
    "transcription": "ST",
    "points": [
      [
        392,
        319
      ],
      [
        558,
        322
      ],
      [
        558,
        456
      ],
      [
        391,
        453
      ]
    ]
  },
  {
    "transcription": "R",
    "points": [
      [
        692,
        337
      ],
      [
        777,
        337
      ],
      [
        780,
        449
      ],
      [
        692,
        449
      ]
    ]
  },
  {
    "transcription": "RE",
    "points": [
      [
        687,
        323
      ],
      [
        866,
        323
      ],
      [
        867,
        455
      ],
      [
        687,
        453
      ]
    ]
  },
  {
    "transcription": "GTORF",
    "points": [
      [
        572,
        108
      ],
      [
        660,
        108
      ],
      [
        655,
        148
      ],
      [
        568,
        148
      ]
    ]
  }
]