[
  {
    "transcription": "D\u1ecaCH",
    "points": [
      [
        957,
        350
      ],
      [
        1154,
        348
      ],
      [
        1154,
        426
      ],
      [
        959,
        429
      ]
    ]
  },
  {
    "transcription": "PH\u00d2NG",
    "points": [
      [
        471,
        341
      ],
      [
        736,
        341
      ],
      [
        737,
        424
      ],
      [
        470,
        427
      ]
    ]
  },
  {
    "transcription": "GIAO",
    "points": [
      [
        756,
        350
      ],
      [
        942,
        350
      ],
      [
        942,
        423
      ],
      [
        757,
        424
      ]
    ]
  },
  {
    "transcription": "GROUP",
    "points": [
      [
        850,
        17
      ],
      [
        1296,
        16
      ],
      [
        1297,
        117
      ],
      [
        850,
        127
      ]
    ]
  },
  {
    "transcription": "V\u0102N",
    "points": [
      [
        295,
        349
      ],
      [
        454,
        348
      ],
      [
        454,
        425
      ],
      [
        298,
        427
      ]
    ]
  },
  {
    "transcription": "F",
    "points": [
      [
        261,
        41
      ],
      [
        335,
        40
      ],
      [
        332,
        126
      ],
      [
        261,
        128
      ]
    ]
  },
  {
    "transcription": "L",
    "points": [
      [
        458,
        42
      ],
      [
        526,
        41
      ],
      [
        527,
        134
      ],
      [
        456,
        134
      ]
    ]
  },
  {
    "transcription": "PH\u00d2NG",
    "points": [
      [
        474,
        341
      ],
      [
        734,
        341
      ],
      [
        734,
        425
      ],
      [
        474,
        425
      ]
    ]
  },
  {
    "transcription": "GIAO",
    "points": [
      [
        757,
        351
      ],
      [
        939,
        351
      ],
      [
        939,
        423
      ],
      [
        757,
        423
      ]
    ]
  },
  {
    "transcription": "D\u1ecaCH",
    "points": [
      [
        962,
        347
      ],
      [
        1152,
        347
      ],
      [
        1152,
        425
      ],
      [
        962,
        425
      ]
    ]
  },
  {
    "transcription": "V\u0102N",
    "points": [
      [
        298,
        347
      ],
      [
        456,
        347
      ],
      [
        456,
        423
      ],
      [
        298,
        423
      ]
    ]
  },
  {
    "transcription": "GROUP",
    "points": [
      [
        855,
        22
      ],
      [
        1295,
        22
      ],
      [
        1295,
        122
      ],
      [
        855,
        122
      ]
    ]
  }
]