[
  {
    "transcription": "IM",
    "points": [
      [
        313,
        4
      ],
      [
        333,
        9
      ],
      [
        325,
        25
      ],
      [
        309,
        20
      ]
    ]
  },
  {
    "transcription": "Chocopie",
    "points": [
      [
        212,
        18
      ],
      [
        319,
        19
      ],
      [
        319,
        51
      ],
      [
        211,
        51
      ]
    ]
  },
  {
    "transcription": "b\u00e0y",
    "points": [
      [
        252,
        118
      ],
      [
        308,
        118
      ],
      [
        312,
        166
      ],
      [
        253,
        166
      ]
    ]
  },
  {
    "transcription": "t\u1ecf",
    "points": [
      [
        310,
        114
      ],
      [
        343,
        111
      ],
      [
        346,
        149
      ],
      [
        314,
        151
      ]
    ]
  },
  {
    "transcription": "kh\u00f4ng",
    "points": [
      [
        229,
        81
      ],
      [
        271,
        82
      ],
      [
        271,
        108
      ],
      [
        229,
        106
      ]
    ]
  },
  {
    "transcription": "C\u01af\u1ee0I",
    "points": [
      [
        266,
        61
      ],
      [
        316,
        61
      ],
      [
        317,
        89
      ],
      [
        267,
        89
      ]
    ]
  },
  {
    "transcription": "FAI",
    "points": [
      [
        250,
        153
      ],
      [
        267,
        160
      ],
      [
        261,
        173
      ],
      [
        244,
        166
      ]
    ]
  },
  {
    "transcription": "l\u01b0\u1ee1i",
    "points": [
      [
        278,
        86
      ],
      [
        323,
        86
      ],
      [
        323,
        119
      ],
      [
        278,
        119
      ]
    ]
  },
  {
    "transcription": "16",
    "points": [
      [
        340,
        7
      ],
      [
        519,
        0
      ],
      [
        522,
        191
      ],
      [
        337,
        194
      ]
    ]
  }
]