[
  {
    "transcription": "R\u00c8N",
    "points": [
      [
        432,
        138
      ],
      [
        464,
        138
      ],
      [
        465,
        158
      ],
      [
        432,
        158
      ]
    ]
  },
  {
    "transcription": "N\u01af\u1edaC",
    "points": [
      [
        475,
        160
      ],
      [
        518,
        160
      ],
      [
        519,
        182
      ],
      [
        475,
        182
      ]
    ]
  },
  {
    "transcription": "THANH",
    "points": [
      [
        253,
        134
      ],
      [
        311,
        135
      ],
      [
        311,
        153
      ],
      [
        253,
        153
      ]
    ]
  },
  {
    "transcription": "LAO",
    "points": [
      [
        605,
        116
      ],
      [
        618,
        118
      ],
      [
        618,
        128
      ],
      [
        605,
        127
      ]
    ]
  },
  {
    "transcription": "T\u1eacP,",
    "points": [
      [
        395,
        137
      ],
      [
        429,
        137
      ],
      [
        429,
        159
      ],
      [
        395,
        159
      ]
    ]
  },
  {
    "transcription": "H\u0110H",
    "points": [
      [
        407,
        161
      ],
      [
        440,
        161
      ],
      [
        440,
        180
      ],
      [
        407,
        180
      ]
    ]
  },
  {
    "transcription": "NGHI\u1ec6P",
    "points": [
      [
        300,
        157
      ],
      [
        362,
        157
      ],
      [
        362,
        181
      ],
      [
        301,
        181
      ]
    ]
  },
  {
    "transcription": "NI\u00caN",
    "points": [
      [
        314,
        134
      ],
      [
        355,
        135
      ],
      [
        355,
        155
      ],
      [
        314,
        155
      ]
    ]
  },
  {
    "transcription": "\u0110\u1ea4T",
    "points": [
      [
        442,
        158
      ],
      [
        473,
        158
      ],
      [
        473,
        181
      ],
      [
        442,
        181
      ]
    ]
  },
  {
    "transcription": "Th\u1ee9",
    "points": [
      [
        623,
        120
      ],
      [
        636,
        122
      ],
      [
        636,
        130
      ],
      [
        623,
        128
      ]
    ]
  },
  {
    "transcription": "LUY\u1ec6N",
    "points": [
      [
        468,
        139
      ],
      [
        516,
        140
      ],
      [
        517,
        161
      ],
      [
        468,
        160
      ]
    ]
  },
  {
    "transcription": "TH\u00c1NG",
    "points": [
      [
        135,
        132
      ],
      [
        216,
        132
      ],
      [
        215,
        172
      ],
      [
        135,
        171
      ]
    ]
  },
  {
    "transcription": "H\u1eccC",
    "points": [
      [
        358,
        137
      ],
      [
        391,
        137
      ],
      [
        392,
        158
      ],
      [
        358,
        158
      ]
    ]
  },
  {
    "transcription": "c",
    "points": [
      [
        634,
        121
      ],
      [
        642,
        122
      ],
      [
        642,
        132
      ],
      [
        634,
        131
      ]
    ]
  },
  {
    "transcription": "S\u1ef0",
    "points": [
      [
        274,
        156
      ],
      [
        300,
        157
      ],
      [
        299,
        180
      ],
      [
        274,
        179
      ]
    ]
  },
  {
    "transcription": "CNH,",
    "points": [
      [
        365,
        160
      ],
      [
        403,
        160
      ],
      [
        404,
        181
      ],
      [
        365,
        181
      ]
    ]
  },
  {
    "transcription": "V\u00cc",
    "points": [
      [
        253,
        155
      ],
      [
        271,
        155
      ],
      [
        272,
        176
      ],
      [
        253,
        176
      ]
    ]
  },
  {
    "transcription": "9:",
    "points": [
      [
        221,
        138
      ],
      [
        244,
        139
      ],
      [
        244,
        173
      ],
      [
        221,
        172
      ]
    ]
  }
]