[
  {
    "transcription": "H\u00c0",
    "points": [
      [
        832,
        1288
      ],
      [
        960,
        1287
      ],
      [
        962,
        1463
      ],
      [
        828,
        1458
      ]
    ]
  },
  {
    "transcription": "H\u01a0I",
    "points": [
      [
        640,
        1295
      ],
      [
        802,
        1296
      ],
      [
        801,
        1459
      ],
      [
        638,
        1455
      ]
    ]
  },
  {
    "transcription": "TRINH",
    "points": [
      [
        1128,
        1522
      ],
      [
        1608,
        1526
      ],
      [
        1607,
        1659
      ],
      [
        1131,
        1659
      ]
    ]
  },
  {
    "transcription": "T\u1eea",
    "points": [
      [
        1285,
        2420
      ],
      [
        1489,
        2420
      ],
      [
        1478,
        2584
      ],
      [
        1288,
        2583
      ]
    ]
  },
  {
    "transcription": "TAM",
    "points": [
      [
        732,
        1508
      ],
      [
        1075,
        1514
      ],
      [
        1078,
        1649
      ],
      [
        734,
        1643
      ]
    ]
  },
  {
    "transcription": "O",
    "points": [
      [
        1146,
        2706
      ],
      [
        1213,
        2705
      ],
      [
        1213,
        2954
      ],
      [
        1141,
        2945
      ]
    ]
  },
  {
    "transcription": "D",
    "points": [
      [
        855,
        2707
      ],
      [
        921,
        2706
      ],
      [
        920,
        2962
      ],
      [
        847,
        2952
      ]
    ]
  },
  {
    "transcription": "AIGON",
    "points": [
      [
        16,
        1689
      ],
      [
        70,
        1688
      ],
      [
        68,
        1707
      ],
      [
        15,
        1707
      ]
    ]
  },
  {
    "transcription": "SAIGON",
    "points": [
      [
        9,
        1954
      ],
      [
        77,
        1953
      ],
      [
        75,
        1974
      ],
      [
        8,
        1974
      ]
    ]
  },
  {
    "transcription": "ON",
    "points": [
      [
        50,
        2211
      ],
      [
        89,
        2210
      ],
      [
        88,
        2232
      ],
      [
        50,
        2232
      ]
    ]
  },
  {
    "transcription": "CHCO",
    "points": [
      [
        158,
        835
      ],
      [
        245,
        827
      ],
      [
        245,
        861
      ],
      [
        158,
        869
      ]
    ]
  },
  {
    "transcription": "58",
    "points": [
      [
        30,
        2786
      ],
      [
        67,
        2786
      ],
      [
        66,
        2807
      ],
      [
        30,
        2808
      ]
    ]
  },
  {
    "transcription": "TAY",
    "points": [
      [
        1960,
        1719
      ],
      [
        1989,
        1730
      ],
      [
        1984,
        1763
      ],
      [
        1955,
        1757
      ]
    ]
  },
  {
    "transcription": "G\u00d2N,",
    "points": [
      [
        46,
        2750
      ],
      [
        83,
        2748
      ],
      [
        83,
        2771
      ],
      [
        47,
        2773
      ]
    ]
  },
  {
    "transcription": "E6",
    "points": [
      [
        1552,
        1332
      ],
      [
        1665,
        1335
      ],
      [
        1664,
        1484
      ],
      [
        1548,
        1481
      ]
    ]
  },
  {
    "transcription": "CH\u1ec8",
    "points": [
      [
        941,
        2415
      ],
      [
        1245,
        2409
      ],
      [
        1246,
        2581
      ],
      [
        942,
        2582
      ]
    ]
  },
  {
    "transcription": "BIA",
    "points": [
      [
        438,
        1302
      ],
      [
        598,
        1303
      ],
      [
        609,
        1454
      ],
      [
        436,
        1451
      ]
    ]
  },
  {
    "transcription": "18",
    "points": [
      [
        513,
        1502
      ],
      [
        680,
        1506
      ],
      [
        682,
        1641
      ],
      [
        513,
        1639
      ]
    ]
  },
  {
    "transcription": "NGON",
    "points": [
      [
        961,
        1904
      ],
      [
        1758,
        1911
      ],
      [
        1760,
        2400
      ],
      [
        957,
        2396
      ]
    ]
  },
  {
    "transcription": "SAIGON",
    "points": [
      [
        18,
        2750
      ],
      [
        76,
        2749
      ],
      [
        75,
        2771
      ],
      [
        17,
        2772
      ]
    ]
  },
  {
    "transcription": "1",
    "points": [
      [
        483,
        1506
      ],
      [
        559,
        1511
      ],
      [
        561,
        1638
      ],
      [
        485,
        1636
      ]
    ]
  },
  {
    "transcription": "SVINNER",
    "points": [
      [
        2167,
        1205
      ],
      [
        2239,
        1201
      ],
      [
        2238,
        1221
      ],
      [
        2168,
        1224
      ]
    ]
  },
  {
    "transcription": "H\u1ea1m",
    "points": [
      [
        1869,
        2612
      ],
      [
        1917,
        2642
      ],
      [
        1910,
        2669
      ],
      [
        1857,
        2635
      ]
    ]
  },
  {
    "transcription": "xin",
    "points": [
      [
        46,
        2180
      ],
      [
        72,
        2179
      ],
      [
        72,
        2198
      ],
      [
        46,
        2198
      ]
    ]
  },
  {
    "transcription": "C\u1ed8NG",
    "points": [
      [
        12,
        1919
      ],
      [
        68,
        1921
      ],
      [
        68,
        1942
      ],
      [
        12,
        1941
      ]
    ]
  },
  {
    "transcription": "cui",
    "points": [
      [
        2050,
        1822
      ],
      [
        2106,
        1830
      ],
      [
        2104,
        1868
      ],
      [
        2049,
        1861
      ]
    ]
  },
  {
    "transcription": "EQUAFINA",
    "points": [
      [
        12,
        1981
      ],
      [
        70,
        1982
      ],
      [
        68,
        1996
      ],
      [
        12,
        1996
      ]
    ]
  },
  {
    "transcription": "Ch\u00fac",
    "points": [
      [
        1883,
        2626
      ],
      [
        1921,
        2644
      ],
      [
        1916,
        2669
      ],
      [
        1880,
        2651
      ]
    ]
  },
  {
    "transcription": "PECIAL",
    "points": [
      [
        19,
        1706
      ],
      [
        69,
        1708
      ],
      [
        67,
        1725
      ],
      [
        17,
        1723
      ]
    ]
  },
  {
    "transcription": "C\u01af\u1edcNG",
    "points": [
      [
        1195,
        1290
      ],
      [
        1519,
        1293
      ],
      [
        1519,
        1482
      ],
      [
        1193,
        1475
      ]
    ]
  },
  {
    "transcription": "GI\u00c1",
    "points": [
      [
        597,
        2425
      ],
      [
        874,
        2416
      ],
      [
        911,
        2578
      ],
      [
        598,
        2582
      ]
    ]
  },
  {
    "transcription": "N\u1ed8I",
    "points": [
      [
        993,
        1295
      ],
      [
        1164,
        1292
      ],
      [
        1164,
        1499
      ],
      [
        990,
        1493
      ]
    ]
  },
  {
    "transcription": "L\u1ea8U",
    "points": [
      [
        319,
        1738
      ],
      [
        897,
        1715
      ],
      [
        900,
        2393
      ],
      [
        310,
        2391
      ]
    ]
  },
  {
    "transcription": "SAIGON",
    "points": [
      [
        15,
        2213
      ],
      [
        82,
        2212
      ],
      [
        80,
        2231
      ],
      [
        14,
        2232
      ]
    ]
  },
  {
    "transcription": "SAIGON",
    "points": [
      [
        12,
        2482
      ],
      [
        75,
        2480
      ],
      [
        75,
        2501
      ],
      [
        12,
        2503
      ]
    ]
  },
  {
    "transcription": "C\u00c1O",
    "points": [
      [
        16,
        2246
      ],
      [
        78,
        2247
      ],
      [
        76,
        2268
      ],
      [
        14,
        2267
      ]
    ]
  },
  {
    "transcription": "THANG",
    "points": [
      [
        1718,
        1460
      ],
      [
        1749,
        1441
      ],
      [
        1738,
        1473
      ],
      [
        1714,
        1492
      ]
    ]
  },
  {
    "transcription": "bi\u1ebft",
    "points": [
      [
        19,
        2516
      ],
      [
        69,
        2516
      ],
      [
        68,
        2536
      ],
      [
        18,
        2536
      ]
    ]
  },
  {
    "transcription": "tel:",
    "points": [
      [
        1828,
        2567
      ],
      [
        1868,
        2606
      ],
      [
        1853,
        2625
      ],
      [
        1813,
        2592
      ]
    ]
  },
  {
    "transcription": "TINH",
    "points": [
      [
        14,
        1654
      ],
      [
        67,
        1655
      ],
      [
        67,
        1677
      ],
      [
        15,
        1675
      ]
    ]
  },
  {
    "transcription": "H\u00c0NG",
    "points": [
      [
        302,
        3603
      ],
      [
        336,
        3605
      ],
      [
        335,
        3619
      ],
      [
        301,
        3617
      ]
    ]
  }
]