[
  {
    "transcription": "Nhi\u00ean",
    "points": [
      [
        34,
        189
      ],
      [
        179,
        190
      ],
      [
        179,
        233
      ],
      [
        35,
        233
      ]
    ]
  },
  {
    "transcription": "T\u1ef1",
    "points": [
      [
        75,
        111
      ],
      [
        149,
        112
      ],
      [
        148,
        161
      ],
      [
        76,
        161
      ]
    ]
  },
  {
    "transcription": "\u0110\u1eb9p",
    "points": [
      [
        55,
        41
      ],
      [
        154,
        46
      ],
      [
        153,
        88
      ],
      [
        55,
        87
      ]
    ]
  },
  {
    "transcription": "T\u1ef1",
    "points": [
      [
        75,
        113
      ],
      [
        149,
        113
      ],
      [
        149,
        159
      ],
      [
        75,
        159
      ]
    ]
  },
  {
    "transcription": "Nhi\u00ean",
    "points": [
      [
        34,
        191
      ],
      [
        178,
        191
      ],
      [
        178,
        233
      ],
      [
        34,
        233
      ]
    ]
  },
  {
    "transcription": "\u0110\u1eb9p",
    "points": [
      [
        53,
        43
      ],
      [
        153,
        43
      ],
      [
        153,
        89
      ],
      [
        53,
        89
      ]
    ]
  }
]