[
  {
    "transcription": "Pollos",
    "points": [
      [
        518,
        109
      ],
      [
        989,
        115
      ],
      [
        993,
        257
      ],
      [
        519,
        256
      ]
    ]
  },
  {
    "transcription": "15",
    "points": [
      [
        370,
        70
      ],
      [
        397,
        70
      ],
      [
        397,
        96
      ],
      [
        370,
        96
      ]
    ]
  },
  {
    "transcription": "P",
    "points": [
      [
        425,
        95
      ],
      [
        540,
        96
      ],
      [
        542,
        242
      ],
      [
        425,
        241
      ]
    ]
  },
  {
    "transcription": "oll",
    "points": [
      [
        572,
        114
      ],
      [
        758,
        111
      ],
      [
        759,
        258
      ],
      [
        573,
        262
      ]
    ]
  }
]