[
  {
    "transcription": "PH\u1ea6N",
    "points": [
      [
        394,
        97
      ],
      [
        508,
        96
      ],
      [
        508,
        152
      ],
      [
        394,
        152
      ]
    ]
  },
  {
    "transcription": "KI\u1ebeN",
    "points": [
      [
        730,
        89
      ],
      [
        829,
        89
      ],
      [
        829,
        153
      ],
      [
        730,
        153
      ]
    ]
  },
  {
    "transcription": "TR\u00daC",
    "points": [
      [
        838,
        92
      ],
      [
        942,
        92
      ],
      [
        942,
        150
      ],
      [
        838,
        150
      ]
    ]
  },
  {
    "transcription": "QU\u1ed0C",
    "points": [
      [
        953,
        89
      ],
      [
        1064,
        88
      ],
      [
        1065,
        152
      ],
      [
        953,
        154
      ]
    ]
  },
  {
    "transcription": "C\u00d4NG",
    "points": [
      [
        147,
        96
      ],
      [
        261,
        96
      ],
      [
        262,
        154
      ],
      [
        147,
        154
      ]
    ]
  },
  {
    "transcription": "D\u1ef0NG",
    "points": [
      [
        607,
        98
      ],
      [
        721,
        97
      ],
      [
        721,
        157
      ],
      [
        607,
        157
      ]
    ]
  },
  {
    "transcription": "BHA",
    "points": [
      [
        481,
        266
      ],
      [
        781,
        267
      ],
      [
        785,
        395
      ],
      [
        480,
        396
      ]
    ]
  },
  {
    "transcription": "TY",
    "points": [
      [
        271,
        101
      ],
      [
        319,
        101
      ],
      [
        318,
        152
      ],
      [
        272,
        153
      ]
    ]
  },
  {
    "transcription": "T\u1ebe",
    "points": [
      [
        1073,
        86
      ],
      [
        1126,
        86
      ],
      [
        1126,
        149
      ],
      [
        1074,
        148
      ]
    ]
  },
  {
    "transcription": "C\u1ed4",
    "points": [
      [
        329,
        90
      ],
      [
        386,
        90
      ],
      [
        385,
        152
      ],
      [
        329,
        151
      ]
    ]
  },
  {
    "transcription": "X\u00c2Y",
    "points": [
      [
        518,
        94
      ],
      [
        599,
        94
      ],
      [
        598,
        151
      ],
      [
        517,
        151
      ]
    ]
  },
  {
    "transcription": "BAUHAUS",
    "points": [
      [
        535,
        169
      ],
      [
        732,
        168
      ],
      [
        732,
        218
      ],
      [
        536,
        219
      ]
    ]
  },
  {
    "transcription": "TY",
    "points": [
      [
        269,
        94
      ],
      [
        321,
        94
      ],
      [
        321,
        160
      ],
      [
        269,
        160
      ]
    ]
  },
  {
    "transcription": "T\u1ebe",
    "points": [
      [
        1072,
        81
      ],
      [
        1128,
        81
      ],
      [
        1128,
        153
      ],
      [
        1072,
        153
      ]
    ]
  },
  {
    "transcription": "C\u1ed4",
    "points": [
      [
        329,
        85
      ],
      [
        389,
        85
      ],
      [
        389,
        155
      ],
      [
        329,
        155
      ]
    ]
  },
  {
    "transcription": "X\u00c2Y",
    "points": [
      [
        516,
        91
      ],
      [
        600,
        91
      ],
      [
        600,
        149
      ],
      [
        516,
        149
      ]
    ]
  },
  {
    "transcription": "C\u00d4NG",
    "points": [
      [
        143,
        91
      ],
      [
        263,
        91
      ],
      [
        263,
        157
      ],
      [
        143,
        157
      ]
    ]
  },
  {
    "transcription": "TR\u00daC",
    "points": [
      [
        836,
        87
      ],
      [
        944,
        87
      ],
      [
        944,
        153
      ],
      [
        836,
        153
      ]
    ]
  },
  {
    "transcription": "PH\u1ea6N",
    "points": [
      [
        395,
        88
      ],
      [
        507,
        88
      ],
      [
        507,
        154
      ],
      [
        395,
        154
      ]
    ]
  },
  {
    "transcription": "BAUHAUS",
    "points": [
      [
        538,
        165
      ],
      [
        732,
        165
      ],
      [
        732,
        221
      ],
      [
        538,
        221
      ]
    ]
  },
  {
    "transcription": "QU\u1ed0C",
    "points": [
      [
        953,
        83
      ],
      [
        1065,
        83
      ],
      [
        1065,
        153
      ],
      [
        953,
        153
      ]
    ]
  },
  {
    "transcription": "KI\u1ebeN",
    "points": [
      [
        729,
        84
      ],
      [
        829,
        84
      ],
      [
        829,
        152
      ],
      [
        729,
        152
      ]
    ]
  },
  {
    "transcription": "D\u1ef0NG",
    "points": [
      [
        605,
        94
      ],
      [
        721,
        94
      ],
      [
        721,
        158
      ],
      [
        605,
        158
      ]
    ]
  },
  {
    "transcription": "BHA",
    "points": [
      [
        484,
        265
      ],
      [
        786,
        265
      ],
      [
        786,
        395
      ],
      [
        484,
        395
      ]
    ]
  }
]