[
  {
    "transcription": "TR\u01af\u1edcNG",
    "points": [
      [
        5,
        23
      ],
      [
        625,
        0
      ],
      [
        625,
        132
      ],
      [
        5,
        157
      ]
    ]
  },
  {
    "transcription": "826",
    "points": [
      [
        727,
        117
      ],
      [
        778,
        116
      ],
      [
        778,
        144
      ],
      [
        727,
        145
      ]
    ]
  },
  {
    "transcription": "\u0110T:",
    "points": [
      [
        604,
        125
      ],
      [
        652,
        124
      ],
      [
        653,
        151
      ],
      [
        604,
        153
      ]
    ]
  },
  {
    "transcription": "557",
    "points": [
      [
        784,
        114
      ],
      [
        835,
        113
      ],
      [
        834,
        140
      ],
      [
        784,
        142
      ]
    ]
  },
  {
    "transcription": "\u0110T:",
    "points": [
      [
        604,
        123
      ],
      [
        654,
        123
      ],
      [
        654,
        153
      ],
      [
        604,
        153
      ]
    ]
  },
  {
    "transcription": "0763826557",
    "points": [
      [
        654,
        110
      ],
      [
        836,
        110
      ],
      [
        836,
        148
      ],
      [
        654,
        148
      ]
    ]
  }
]