[
  {
    "transcription": "X\u00d4",
    "points": [
      [
        140,
        16
      ],
      [
        190,
        15
      ],
      [
        190,
        46
      ],
      [
        139,
        46
      ]
    ]
  },
  {
    "transcription": "155",
    "points": [
      [
        73,
        18
      ],
      [
        129,
        18
      ],
      [
        129,
        45
      ],
      [
        73,
        46
      ]
    ]
  },
  {
    "transcription": "VI\u1ebeT",
    "points": [
      [
        199,
        16
      ],
      [
        275,
        16
      ],
      [
        276,
        46
      ],
      [
        199,
        46
      ]
    ]
  },
  {
    "transcription": "155X\u00d4VI\u00c9T",
    "points": [
      [
        67,
        16
      ],
      [
        276,
        17
      ],
      [
        278,
        50
      ],
      [
        67,
        50
      ]
    ]
  },
  {
    "transcription": "NGH\u1eb8",
    "points": [
      [
        287,
        18
      ],
      [
        382,
        18
      ],
      [
        383,
        46
      ],
      [
        287,
        46
      ]
    ]
  },
  {
    "transcription": "EM",
    "points": [
      [
        13,
        109
      ],
      [
        120,
        109
      ],
      [
        121,
        194
      ],
      [
        14,
        194
      ]
    ]
  },
  {
    "transcription": "-",
    "points": [
      [
        873,
        25
      ],
      [
        886,
        25
      ],
      [
        887,
        41
      ],
      [
        873,
        40
      ]
    ]
  },
  {
    "transcription": "T\u1ec8NH.",
    "points": [
      [
        394,
        16
      ],
      [
        484,
        17
      ],
      [
        485,
        47
      ],
      [
        395,
        47
      ]
    ]
  },
  {
    "transcription": "-",
    "points": [
      [
        482,
        149
      ],
      [
        511,
        149
      ],
      [
        511,
        168
      ],
      [
        482,
        169
      ]
    ]
  },
  {
    "transcription": "\u0110\u1eb8P",
    "points": [
      [
        339,
        110
      ],
      [
        483,
        109
      ],
      [
        484,
        205
      ],
      [
        339,
        206
      ]
    ]
  },
  {
    "transcription": "\u0110T:",
    "points": [
      [
        894,
        17
      ],
      [
        949,
        17
      ],
      [
        949,
        47
      ],
      [
        894,
        47
      ]
    ]
  },
  {
    "transcription": "X\u00d4",
    "points": [
      [
        140,
        16
      ],
      [
        190,
        15
      ],
      [
        190,
        46
      ],
      [
        139,
        46
      ]
    ]
  },
  {
    "transcription": "155",
    "points": [
      [
        73,
        18
      ],
      [
        129,
        18
      ],
      [
        129,
        45
      ],
      [
        73,
        46
      ]
    ]
  },
  {
    "transcription": "VI\u1ebeT",
    "points": [
      [
        199,
        16
      ],
      [
        275,
        16
      ],
      [
        276,
        46
      ],
      [
        199,
        46
      ]
    ]
  },
  {
    "transcription": "S\u1ea0CH",
    "points": [
      [
        139,
        109
      ],
      [
        322,
        109
      ],
      [
        321,
        205
      ],
      [
        138,
        205
      ]
    ]
  },
  {
    "transcription": "08.38404397",
    "points": [
      [
        959,
        19
      ],
      [
        1164,
        20
      ],
      [
        1164,
        48
      ],
      [
        959,
        48
      ]
    ]
  },
  {
    "transcription": "-",
    "points": [
      [
        483,
        114
      ],
      [
        508,
        113
      ],
      [
        508,
        206
      ],
      [
        481,
        207
      ]
    ]
  },
  {
    "transcription": "TH\u1ea0NH",
    "points": [
      [
        743,
        18
      ],
      [
        865,
        17
      ],
      [
        866,
        47
      ],
      [
        743,
        48
      ]
    ]
  },
  {
    "transcription": "TO\u00c0N",
    "points": [
      [
        627,
        105
      ],
      [
        801,
        106
      ],
      [
        801,
        197
      ],
      [
        627,
        196
      ]
    ]
  },
  {
    "transcription": "P.",
    "points": [
      [
        495,
        16
      ],
      [
        531,
        17
      ],
      [
        532,
        46
      ],
      [
        495,
        46
      ]
    ]
  },
  {
    "transcription": "B\u00ccNH",
    "points": [
      [
        647,
        16
      ],
      [
        733,
        16
      ],
      [
        734,
        46
      ],
      [
        647,
        46
      ]
    ]
  },
  {
    "transcription": "17.",
    "points": [
      [
        539,
        19
      ],
      [
        588,
        19
      ],
      [
        589,
        46
      ],
      [
        539,
        46
      ]
    ]
  },
  {
    "transcription": "P.17.0",
    "points": [
      [
        496,
        17
      ],
      [
        611,
        18
      ],
      [
        612,
        46
      ],
      [
        496,
        46
      ]
    ]
  },
  {
    "transcription": "Q.",
    "points": [
      [
        599,
        18
      ],
      [
        640,
        19
      ],
      [
        641,
        46
      ],
      [
        599,
        45
      ]
    ]
  },
  {
    "transcription": "X\u00d4",
    "points": [
      [
        140,
        16
      ],
      [
        190,
        15
      ],
      [
        190,
        46
      ],
      [
        139,
        46
      ]
    ]
  },
  {
    "transcription": "VI\u1ebeT",
    "points": [
      [
        199,
        16
      ],
      [
        275,
        16
      ],
      [
        276,
        46
      ],
      [
        199,
        46
      ]
    ]
  },
  {
    "transcription": "155X\u00d4VI\u00c9T",
    "points": [
      [
        67,
        16
      ],
      [
        276,
        17
      ],
      [
        278,
        50
      ],
      [
        67,
        50
      ]
    ]
  },
  {
    "transcription": "AN",
    "points": [
      [
        519,
        113
      ],
      [
        612,
        113
      ],
      [
        610,
        196
      ],
      [
        515,
        196
      ]
    ]
  }
]