[
  {
    "transcription": "TH\u1ec2",
    "points": [
      [
        539,
        105
      ],
      [
        673,
        101
      ],
      [
        674,
        178
      ],
      [
        540,
        179
      ]
    ]
  },
  {
    "transcription": "TRANG",
    "points": [
      [
        298,
        119
      ],
      [
        525,
        120
      ],
      [
        527,
        173
      ],
      [
        298,
        173
      ]
    ]
  },
  {
    "transcription": "TSPORT",
    "points": [
      [
        71,
        251
      ],
      [
        902,
        258
      ],
      [
        908,
        404
      ],
      [
        70,
        414
      ]
    ]
  },
  {
    "transcription": "THAO",
    "points": [
      [
        686,
        118
      ],
      [
        869,
        122
      ],
      [
        870,
        177
      ],
      [
        686,
        177
      ]
    ]
  },
  {
    "transcription": "TH\u1edcI",
    "points": [
      [
        120,
        107
      ],
      [
        281,
        107
      ],
      [
        283,
        173
      ],
      [
        120,
        173
      ]
    ]
  }
]