[
  {
    "transcription": "PH\u00daC",
    "points": [
      [
        490,
        10
      ],
      [
        633,
        5
      ],
      [
        635,
        71
      ],
      [
        490,
        74
      ]
    ]
  },
  {
    "transcription": "H\u1ea0NH",
    "points": [
      [
        327,
        21
      ],
      [
        477,
        16
      ],
      [
        478,
        82
      ],
      [
        328,
        87
      ]
    ]
  },
  {
    "transcription": "\u0110\u1ec0",
    "points": [
      [
        234,
        17
      ],
      [
        313,
        16
      ],
      [
        314,
        85
      ],
      [
        235,
        86
      ]
    ]
  },
  {
    "transcription": "\u0110\u1eb8P",
    "points": [
      [
        101,
        31
      ],
      [
        221,
        30
      ],
      [
        221,
        95
      ],
      [
        100,
        97
      ]
    ]
  }
]