[
  {
    "transcription": "TI\u1ebeU",
    "points": [
      [
        400,
        42
      ],
      [
        497,
        42
      ],
      [
        498,
        70
      ],
      [
        400,
        71
      ]
    ]
  },
  {
    "transcription": "H\u1eccC",
    "points": [
      [
        503,
        45
      ],
      [
        597,
        45
      ],
      [
        597,
        71
      ],
      [
        503,
        72
      ]
    ]
  },
  {
    "transcription": "TR\u01af\u1edcNG",
    "points": [
      [
        218,
        49
      ],
      [
        396,
        50
      ],
      [
        397,
        76
      ],
      [
        217,
        76
      ]
    ]
  },
  {
    "transcription": "TRUNG",
    "points": [
      [
        420,
        68
      ],
      [
        730,
        66
      ],
      [
        732,
        113
      ],
      [
        422,
        112
      ]
    ]
  },
  {
    "transcription": "QUANG",
    "points": [
      [
        99,
        73
      ],
      [
        411,
        82
      ],
      [
        410,
        118
      ],
      [
        98,
        114
      ]
    ]
  },
  {
    "transcription": "QUANG",
    "points": [
      [
        106,
        78
      ],
      [
        404,
        78
      ],
      [
        404,
        120
      ],
      [
        106,
        120
      ]
    ]
  },
  {
    "transcription": "TR\u01af\u1edcNG",
    "points": [
      [
        219,
        47
      ],
      [
        395,
        47
      ],
      [
        395,
        73
      ],
      [
        219,
        73
      ]
    ]
  },
  {
    "transcription": "H\u1eccC",
    "points": [
      [
        504,
        46
      ],
      [
        596,
        46
      ],
      [
        596,
        72
      ],
      [
        504,
        72
      ]
    ]
  },
  {
    "transcription": "TRUNG",
    "points": [
      [
        426,
        73
      ],
      [
        720,
        73
      ],
      [
        720,
        111
      ],
      [
        426,
        111
      ]
    ]
  },
  {
    "transcription": "TI\u1ebeU",
    "points": [
      [
        400,
        41
      ],
      [
        496,
        41
      ],
      [
        496,
        69
      ],
      [
        400,
        69
      ]
    ]
  }
]