[
  {
    "transcription": "bay",
    "points": [
      [
        248,
        37
      ],
      [
        290,
        38
      ],
      [
        290,
        71
      ],
      [
        248,
        70
      ]
    ]
  },
  {
    "transcription": "h\u1ecfng",
    "points": [
      [
        428,
        39
      ],
      [
        488,
        40
      ],
      [
        488,
        72
      ],
      [
        428,
        72
      ]
    ]
  },
  {
    "transcription": "h\u01b0",
    "points": [
      [
        396,
        38
      ],
      [
        426,
        39
      ],
      [
        426,
        68
      ],
      [
        396,
        69
      ]
    ]
  },
  {
    "transcription": "c\u1ee7a",
    "points": [
      [
        293,
        41
      ],
      [
        329,
        40
      ],
      [
        329,
        66
      ],
      [
        293,
        66
      ]
    ]
  },
  {
    "transcription": "\u0111\u00e3",
    "points": [
      [
        366,
        39
      ],
      [
        394,
        39
      ],
      [
        394,
        68
      ],
      [
        366,
        68
      ]
    ]
  },
  {
    "transcription": "M\u00e1y",
    "points": [
      [
        196,
        36
      ],
      [
        246,
        37
      ],
      [
        246,
        70
      ],
      [
        195,
        69
      ]
    ]
  },
  {
    "transcription": "t\u00f4i",
    "points": [
      [
        333,
        39
      ],
      [
        363,
        39
      ],
      [
        363,
        68
      ],
      [
        333,
        68
      ]
    ]
  }
]