[
  {
    "transcription": "Shop",
    "points": [
      [
        618,
        280
      ],
      [
        705,
        289
      ],
      [
        705,
        344
      ],
      [
        618,
        334
      ]
    ]
  },
  {
    "transcription": "Fashion",
    "points": [
      [
        478,
        265
      ],
      [
        617,
        275
      ],
      [
        618,
        324
      ],
      [
        478,
        314
      ]
    ]
  },
  {
    "transcription": "Fashion",
    "points": [
      [
        478,
        266
      ],
      [
        618,
        266
      ],
      [
        618,
        320
      ],
      [
        478,
        320
      ]
    ]
  },
  {
    "transcription": "Shop",
    "points": [
      [
        617,
        280
      ],
      [
        705,
        280
      ],
      [
        705,
        340
      ],
      [
        617,
        340
      ]
    ]
  }
]