[
  {
    "transcription": ":",
    "points": [
      [
        290,
        262
      ],
      [
        297,
        261
      ],
      [
        297,
        279
      ],
      [
        290,
        280
      ]
    ]
  },
  {
    "transcription": "XANH",
    "points": [
      [
        292,
        127
      ],
      [
        362,
        126
      ],
      [
        364,
        154
      ],
      [
        293,
        155
      ]
    ]
  },
  {
    "transcription": "NON",
    "points": [
      [
        298,
        94
      ],
      [
        333,
        95
      ],
      [
        334,
        116
      ],
      [
        298,
        117
      ]
    ]
  },
  {
    "transcription": "B\u1ea6U",
    "points": [
      [
        157,
        116
      ],
      [
        216,
        116
      ],
      [
        216,
        157
      ],
      [
        157,
        158
      ]
    ]
  },
  {
    "transcription": "M\u1ea6M",
    "points": [
      [
        261,
        90
      ],
      [
        297,
        90
      ],
      [
        298,
        117
      ],
      [
        261,
        117
      ]
    ]
  },
  {
    "transcription": "TR\u1edcI",
    "points": [
      [
        223,
        121
      ],
      [
        287,
        120
      ],
      [
        288,
        156
      ],
      [
        224,
        157
      ]
    ]
  },
  {
    "transcription": "TR\u01af\u1edcNG",
    "points": [
      [
        189,
        93
      ],
      [
        259,
        92
      ],
      [
        260,
        115
      ],
      [
        189,
        115
      ]
    ]
  }
]