[
  {
    "transcription": "BI\u1ec2N",
    "points": [
      [
        475,
        52
      ],
      [
        842,
        48
      ],
      [
        845,
        275
      ],
      [
        476,
        279
      ]
    ]
  },
  {
    "transcription": "S\u1ea2N",
    "points": [
      [
        249,
        70
      ],
      [
        451,
        70
      ],
      [
        452,
        189
      ],
      [
        250,
        191
      ]
    ]
  },
  {
    "transcription": "\u0110\u1ea2O",
    "points": [
      [
        856,
        60
      ],
      [
        1181,
        57
      ],
      [
        1190,
        261
      ],
      [
        862,
        264
      ]
    ]
  },
  {
    "transcription": "46",
    "points": [
      [
        377,
        216
      ],
      [
        433,
        215
      ],
      [
        434,
        271
      ],
      [
        377,
        272
      ]
    ]
  },
  {
    "transcription": "46",
    "points": [
      [
        257,
        220
      ],
      [
        312,
        220
      ],
      [
        312,
        275
      ],
      [
        256,
        275
      ]
    ]
  },
  {
    "transcription": "H\u1ea2I",
    "points": [
      [
        73,
        81
      ],
      [
        237,
        82
      ],
      [
        237,
        193
      ],
      [
        73,
        194
      ]
    ]
  },
  {
    "transcription": "88",
    "points": [
      [
        316,
        219
      ],
      [
        371,
        218
      ],
      [
        371,
        271
      ],
      [
        316,
        272
      ]
    ]
  },
  {
    "transcription": "0931",
    "points": [
      [
        136,
        296
      ],
      [
        247,
        295
      ],
      [
        247,
        348
      ],
      [
        137,
        349
      ]
    ]
  },
  {
    "transcription": "0988",
    "points": [
      [
        142,
        225
      ],
      [
        252,
        224
      ],
      [
        252,
        274
      ],
      [
        142,
        276
      ]
    ]
  },
  {
    "transcription": "111282",
    "points": [
      [
        265,
        293
      ],
      [
        431,
        290
      ],
      [
        430,
        342
      ],
      [
        266,
        347
      ]
    ]
  },
  {
    "transcription": "0931",
    "points": [
      [
        141,
        298
      ],
      [
        247,
        298
      ],
      [
        247,
        348
      ],
      [
        141,
        348
      ]
    ]
  },
  {
    "transcription": "111282",
    "points": [
      [
        243,
        293
      ],
      [
        431,
        293
      ],
      [
        431,
        343
      ],
      [
        243,
        343
      ]
    ]
  },
  {
    "transcription": "\u0110T:",
    "points": [
      [
        66,
        230
      ],
      [
        138,
        230
      ],
      [
        138,
        276
      ],
      [
        66,
        276
      ]
    ]
  },
  {
    "transcription": "BI\u1ec2N",
    "points": [
      [
        477,
        44
      ],
      [
        841,
        44
      ],
      [
        841,
        274
      ],
      [
        477,
        274
      ]
    ]
  },
  {
    "transcription": "\u0110\u1ea2O",
    "points": [
      [
        861,
        59
      ],
      [
        1191,
        59
      ],
      [
        1191,
        267
      ],
      [
        861,
        267
      ]
    ]
  },
  {
    "transcription": "H\u1ea2I",
    "points": [
      [
        74,
        81
      ],
      [
        236,
        81
      ],
      [
        236,
        195
      ],
      [
        74,
        195
      ]
    ]
  },
  {
    "transcription": "S\u1ea2N",
    "points": [
      [
        251,
        70
      ],
      [
        449,
        70
      ],
      [
        449,
        192
      ],
      [
        251,
        192
      ]
    ]
  },
  {
    "transcription": "0988468846",
    "points": [
      [
        141,
        218
      ],
      [
        433,
        218
      ],
      [
        433,
        274
      ],
      [
        141,
        274
      ]
    ]
  }
]