[
  {
    "transcription": "TR\u01af\u1edcNG",
    "points": [
      [
        64,
        123
      ],
      [
        383,
        122
      ],
      [
        384,
        183
      ],
      [
        63,
        186
      ]
    ]
  },
  {
    "transcription": "NON",
    "points": [
      [
        589,
        132
      ],
      [
        751,
        134
      ],
      [
        752,
        181
      ],
      [
        589,
        182
      ]
    ]
  },
  {
    "transcription": "M\u1ea6M",
    "points": [
      [
        388,
        124
      ],
      [
        581,
        123
      ],
      [
        582,
        183
      ],
      [
        389,
        184
      ]
    ]
  },
  {
    "transcription": "HI\u00caN",
    "points": [
      [
        0,
        193
      ],
      [
        516,
        192
      ],
      [
        514,
        366
      ],
      [
        0,
        366
      ]
    ]
  },
  {
    "transcription": "ANH",
    "points": [
      [
        585,
        219
      ],
      [
        1048,
        220
      ],
      [
        1051,
        364
      ],
      [
        585,
        367
      ]
    ]
  },
  {
    "transcription": "ANH",
    "points": [
      [
        586,
        181
      ],
      [
        1220,
        181
      ],
      [
        1220,
        367
      ],
      [
        586,
        367
      ]
    ]
  },
  {
    "transcription": "NON",
    "points": [
      [
        590,
        135
      ],
      [
        750,
        135
      ],
      [
        750,
        181
      ],
      [
        590,
        181
      ]
    ]
  },
  {
    "transcription": "HI\u00caN",
    "points": [
      [
        0,
        192
      ],
      [
        518,
        192
      ],
      [
        518,
        372
      ],
      [
        0,
        372
      ]
    ]
  },
  {
    "transcription": "M\u1ea6M",
    "points": [
      [
        390,
        126
      ],
      [
        582,
        126
      ],
      [
        582,
        182
      ],
      [
        390,
        182
      ]
    ]
  },
  {
    "transcription": "TR\u01af\u1edcNG",
    "points": [
      [
        65,
        124
      ],
      [
        383,
        124
      ],
      [
        383,
        182
      ],
      [
        65,
        182
      ]
    ]
  }
]