[
  {
    "transcription": "L\u1edaN",
    "points": [
      [
        323,
        91
      ],
      [
        354,
        91
      ],
      [
        354,
        113
      ],
      [
        323,
        114
      ]
    ]
  },
  {
    "transcription": "KHAI",
    "points": [
      [
        285,
        19
      ],
      [
        317,
        19
      ],
      [
        317,
        39
      ],
      [
        285,
        39
      ]
    ]
  },
  {
    "transcription": "TRUS\u1ede",
    "points": [
      [
        293,
        42
      ],
      [
        344,
        42
      ],
      [
        344,
        62
      ],
      [
        293,
        63
      ]
    ]
  },
  {
    "transcription": "L\u1ec4",
    "points": [
      [
        267,
        17
      ],
      [
        284,
        17
      ],
      [
        284,
        37
      ],
      [
        267,
        37
      ]
    ]
  },
  {
    "transcription": "20",
    "points": [
      [
        346,
        147
      ],
      [
        364,
        148
      ],
      [
        364,
        168
      ],
      [
        346,
        168
      ]
    ]
  },
  {
    "transcription": "26/02",
    "points": [
      [
        304,
        148
      ],
      [
        340,
        148
      ],
      [
        341,
        169
      ],
      [
        304,
        170
      ]
    ]
  },
  {
    "transcription": "2016",
    "points": [
      [
        347,
        147
      ],
      [
        382,
        147
      ],
      [
        383,
        168
      ],
      [
        347,
        168
      ]
    ]
  },
  {
    "transcription": "26",
    "points": [
      [
        304,
        148
      ],
      [
        324,
        148
      ],
      [
        324,
        168
      ],
      [
        304,
        169
      ]
    ]
  },
  {
    "transcription": "02",
    "points": [
      [
        325,
        149
      ],
      [
        342,
        149
      ],
      [
        342,
        169
      ],
      [
        325,
        168
      ]
    ]
  },
  {
    "transcription": ",",
    "points": [
      [
        321,
        152
      ],
      [
        325,
        152
      ],
      [
        325,
        169
      ],
      [
        320,
        169
      ]
    ]
  },
  {
    "transcription": "16",
    "points": [
      [
        364,
        149
      ],
      [
        382,
        149
      ],
      [
        382,
        167
      ],
      [
        364,
        167
      ]
    ]
  },
  {
    "transcription": "CHI",
    "points": [
      [
        283,
        68
      ],
      [
        309,
        68
      ],
      [
        309,
        87
      ],
      [
        283,
        87
      ]
    ]
  },
  {
    "transcription": "TR\u01af\u01a0NG",
    "points": [
      [
        318,
        19
      ],
      [
        374,
        19
      ],
      [
        375,
        37
      ],
      [
        319,
        38
      ]
    ]
  },
  {
    "transcription": "CH\u1ee2L\u1edaN",
    "points": [
      [
        290,
        93
      ],
      [
        351,
        93
      ],
      [
        351,
        114
      ],
      [
        290,
        114
      ]
    ]
  },
  {
    "transcription": "Ng\u00e0y",
    "points": [
      [
        265,
        146
      ],
      [
        303,
        147
      ],
      [
        303,
        173
      ],
      [
        265,
        173
      ]
    ]
  },
  {
    "transcription": "TR\u1ee4",
    "points": [
      [
        294,
        43
      ],
      [
        323,
        43
      ],
      [
        323,
        65
      ],
      [
        294,
        65
      ]
    ]
  },
  {
    "transcription": "P",
    "points": [
      [
        78,
        32
      ],
      [
        198,
        1
      ],
      [
        204,
        80
      ],
      [
        79,
        113
      ]
    ]
  },
  {
    "transcription": "CH\u1ee2",
    "points": [
      [
        290,
        92
      ],
      [
        323,
        92
      ],
      [
        323,
        117
      ],
      [
        291,
        117
      ]
    ]
  },
  {
    "transcription": "NH\u00c1NH",
    "points": [
      [
        310,
        67
      ],
      [
        360,
        67
      ],
      [
        360,
        86
      ],
      [
        310,
        87
      ]
    ]
  }
]