[
  {
    "transcription": "KH\u00c1NH",
    "points": [
      [
        263,
        186
      ],
      [
        438,
        185
      ],
      [
        438,
        288
      ],
      [
        263,
        287
      ]
    ]
  },
  {
    "transcription": "B\u00c1O",
    "points": [
      [
        141,
        185
      ],
      [
        247,
        187
      ],
      [
        247,
        286
      ],
      [
        141,
        285
      ]
    ]
  },
  {
    "transcription": "PH\u1ed0",
    "points": [
      [
        221,
        128
      ],
      [
        361,
        127
      ],
      [
        360,
        177
      ],
      [
        220,
        177
      ]
    ]
  },
  {
    "transcription": "N\u1ed8I",
    "points": [
      [
        144,
        180
      ],
      [
        159,
        179
      ],
      [
        160,
        190
      ],
      [
        144,
        190
      ]
    ]
  },
  {
    "transcription": "HA",
    "points": [
      [
        133,
        180
      ],
      [
        145,
        180
      ],
      [
        145,
        188
      ],
      [
        133,
        188
      ]
    ]
  },
  {
    "transcription": "N\u1ed8I",
    "points": [
      [
        145,
        179
      ],
      [
        159,
        179
      ],
      [
        159,
        189
      ],
      [
        145,
        189
      ]
    ]
  },
  {
    "transcription": "PH\u1ed0",
    "points": [
      [
        222,
        128
      ],
      [
        362,
        128
      ],
      [
        362,
        176
      ],
      [
        222,
        176
      ]
    ]
  },
  {
    "transcription": "B\u00c1O",
    "points": [
      [
        144,
        185
      ],
      [
        246,
        185
      ],
      [
        246,
        287
      ],
      [
        144,
        287
      ]
    ]
  },
  {
    "transcription": "KH\u00c1NH",
    "points": [
      [
        265,
        184
      ],
      [
        437,
        184
      ],
      [
        437,
        288
      ],
      [
        265,
        288
      ]
    ]
  }
]