[
  {
    "transcription": "Qu\u00e2n",
    "points": [
      [
        783,
        339
      ],
      [
        1002,
        337
      ],
      [
        1003,
        393
      ],
      [
        785,
        400
      ]
    ]
  },
  {
    "transcription": "Qu\u00e2n",
    "points": [
      [
        796,
        1
      ],
      [
        1259,
        0
      ],
      [
        1261,
        138
      ],
      [
        800,
        149
      ]
    ]
  },
  {
    "transcription": "Ho\u00e0ng",
    "points": [
      [
        508,
        338
      ],
      [
        767,
        342
      ],
      [
        768,
        400
      ],
      [
        508,
        400
      ]
    ]
  },
  {
    "transcription": "Ho\u00e0ng",
    "points": [
      [
        216,
        1
      ],
      [
        758,
        4
      ],
      [
        757,
        153
      ],
      [
        217,
        149
      ]
    ]
  },
  {
    "transcription": "Nh\u00e0",
    "points": [
      [
        112,
        341
      ],
      [
        226,
        341
      ],
      [
        223,
        385
      ],
      [
        111,
        386
      ]
    ]
  },
  {
    "transcription": "h\u00e0ng",
    "points": [
      [
        234,
        340
      ],
      [
        372,
        343
      ],
      [
        367,
        390
      ],
      [
        228,
        389
      ]
    ]
  },
  {
    "transcription": "Seafood",
    "points": [
      [
        1155,
        329
      ],
      [
        1336,
        330
      ],
      [
        1336,
        366
      ],
      [
        1155,
        367
      ]
    ]
  },
  {
    "transcription": "Bestaurant",
    "points": [
      [
        1139,
        365
      ],
      [
        1342,
        369
      ],
      [
        1342,
        397
      ],
      [
        1140,
        397
      ]
    ]
  },
  {
    "transcription": "Restauran",
    "points": [
      [
        1123,
        364
      ],
      [
        1351,
        364
      ],
      [
        1351,
        394
      ],
      [
        1123,
        394
      ]
    ]
  },
  {
    "transcription": "Seafood",
    "points": [
      [
        1157,
        334
      ],
      [
        1337,
        334
      ],
      [
        1337,
        364
      ],
      [
        1157,
        364
      ]
    ]
  },
  {
    "transcription": "Nh\u00e0",
    "points": [
      [
        112,
        341
      ],
      [
        224,
        341
      ],
      [
        224,
        381
      ],
      [
        112,
        381
      ]
    ]
  },
  {
    "transcription": "Ho\u00e0ng",
    "points": [
      [
        212,
        6
      ],
      [
        766,
        6
      ],
      [
        766,
        142
      ],
      [
        212,
        142
      ]
    ]
  },
  {
    "transcription": "Qu\u00e2n",
    "points": [
      [
        781,
        338
      ],
      [
        997,
        338
      ],
      [
        997,
        396
      ],
      [
        781,
        396
      ]
    ]
  },
  {
    "transcription": "h\u00e0ng",
    "points": [
      [
        229,
        339
      ],
      [
        371,
        339
      ],
      [
        371,
        389
      ],
      [
        229,
        389
      ]
    ]
  },
  {
    "transcription": "Ho\u00e0ng",
    "points": [
      [
        509,
        337
      ],
      [
        765,
        337
      ],
      [
        765,
        401
      ],
      [
        509,
        401
      ]
    ]
  },
  {
    "transcription": "Qu\u00e2n",
    "points": [
      [
        798,
        0
      ],
      [
        1260,
        0
      ],
      [
        1260,
        132
      ],
      [
        798,
        132
      ]
    ]
  }
]