[
  {
    "transcription": "PHUN",
    "points": [
      [
        31,
        56
      ],
      [
        148,
        57
      ],
      [
        147,
        104
      ],
      [
        30,
        105
      ]
    ]
  },
  {
    "transcription": "TH\u1ea6M",
    "points": [
      [
        257,
        46
      ],
      [
        368,
        47
      ],
      [
        367,
        104
      ],
      [
        256,
        105
      ]
    ]
  },
  {
    "transcription": "M\u1ef8",
    "points": [
      [
        377,
        49
      ],
      [
        443,
        49
      ],
      [
        440,
        108
      ],
      [
        374,
        108
      ]
    ]
  },
  {
    "transcription": "NAIL",
    "points": [
      [
        471,
        56
      ],
      [
        564,
        57
      ],
      [
        563,
        107
      ],
      [
        470,
        106
      ]
    ]
  },
  {
    "transcription": "X\u0102M",
    "points": [
      [
        157,
        48
      ],
      [
        248,
        49
      ],
      [
        247,
        104
      ],
      [
        155,
        103
      ]
    ]
  },
  {
    "transcription": "MI",
    "points": [
      [
        599,
        55
      ],
      [
        654,
        56
      ],
      [
        652,
        108
      ],
      [
        595,
        109
      ]
    ]
  },
  {
    "transcription": "-",
    "points": [
      [
        571,
        76
      ],
      [
        589,
        76
      ],
      [
        588,
        94
      ],
      [
        571,
        95
      ]
    ]
  },
  {
    "transcription": "-",
    "points": [
      [
        446,
        76
      ],
      [
        463,
        76
      ],
      [
        462,
        91
      ],
      [
        446,
        92
      ]
    ]
  },
  {
    "transcription": "-",
    "points": [
      [
        572,
        76
      ],
      [
        588,
        76
      ],
      [
        588,
        92
      ],
      [
        572,
        92
      ]
    ]
  },
  {
    "transcription": "MI",
    "points": [
      [
        595,
        61
      ],
      [
        653,
        61
      ],
      [
        653,
        103
      ],
      [
        595,
        103
      ]
    ]
  },
  {
    "transcription": "M\u1ef8",
    "points": [
      [
        374,
        50
      ],
      [
        444,
        50
      ],
      [
        444,
        104
      ],
      [
        374,
        104
      ]
    ]
  },
  {
    "transcription": "NAIL",
    "points": [
      [
        470,
        61
      ],
      [
        562,
        61
      ],
      [
        562,
        103
      ],
      [
        470,
        103
      ]
    ]
  },
  {
    "transcription": "TH\u1ea8M",
    "points": [
      [
        256,
        48
      ],
      [
        368,
        48
      ],
      [
        368,
        104
      ],
      [
        256,
        104
      ]
    ]
  },
  {
    "transcription": "PHUN",
    "points": [
      [
        29,
        59
      ],
      [
        147,
        59
      ],
      [
        147,
        103
      ],
      [
        29,
        103
      ]
    ]
  },
  {
    "transcription": "X\u0102M",
    "points": [
      [
        155,
        50
      ],
      [
        247,
        50
      ],
      [
        247,
        104
      ],
      [
        155,
        104
      ]
    ]
  }
]