[
  {
    "transcription": "DAT",
    "points": [
      [
        60,
        125
      ],
      [
        232,
        123
      ],
      [
        232,
        202
      ],
      [
        60,
        204
      ]
    ]
  },
  {
    "transcription": "NAM",
    "points": [
      [
        508,
        116
      ],
      [
        726,
        115
      ],
      [
        733,
        191
      ],
      [
        508,
        193
      ]
    ]
  },
  {
    "transcription": "XANH",
    "points": [
      [
        255,
        123
      ],
      [
        492,
        121
      ],
      [
        493,
        198
      ],
      [
        254,
        199
      ]
    ]
  },
  {
    "transcription": "PH\u1ea6N",
    "points": [
      [
        285,
        285
      ],
      [
        369,
        286
      ],
      [
        369,
        328
      ],
      [
        285,
        328
      ]
    ]
  },
  {
    "transcription": "B\u1ed8",
    "points": [
      [
        592,
        283
      ],
      [
        637,
        283
      ],
      [
        637,
        327
      ],
      [
        592,
        326
      ]
    ]
  },
  {
    "transcription": "BO",
    "points": [
      [
        743,
        111
      ],
      [
        868,
        112
      ],
      [
        870,
        186
      ],
      [
        744,
        188
      ]
    ]
  },
  {
    "transcription": "C\u00d4NG",
    "points": [
      [
        93,
        294
      ],
      [
        192,
        293
      ],
      [
        193,
        332
      ],
      [
        93,
        332
      ]
    ]
  },
  {
    "transcription": "\u0110\u1ea4T",
    "points": [
      [
        371,
        285
      ],
      [
        425,
        286
      ],
      [
        425,
        325
      ],
      [
        371,
        326
      ]
    ]
  },
  {
    "transcription": "TYC\u1ed4",
    "points": [
      [
        195,
        284
      ],
      [
        285,
        284
      ],
      [
        286,
        330
      ],
      [
        195,
        330
      ]
    ]
  },
  {
    "transcription": "TY",
    "points": [
      [
        196,
        299
      ],
      [
        232,
        299
      ],
      [
        232,
        327
      ],
      [
        196,
        327
      ]
    ]
  },
  {
    "transcription": "B\u1ed8",
    "points": [
      [
        593,
        286
      ],
      [
        637,
        286
      ],
      [
        637,
        324
      ],
      [
        593,
        324
      ]
    ]
  },
  {
    "transcription": "BO",
    "points": [
      [
        743,
        110
      ],
      [
        871,
        110
      ],
      [
        871,
        192
      ],
      [
        743,
        192
      ]
    ]
  },
  {
    "transcription": "NAM",
    "points": [
      [
        521,
        292
      ],
      [
        589,
        292
      ],
      [
        589,
        320
      ],
      [
        521,
        320
      ]
    ]
  },
  {
    "transcription": "XANH",
    "points": [
      [
        429,
        293
      ],
      [
        515,
        293
      ],
      [
        515,
        323
      ],
      [
        429,
        323
      ]
    ]
  },
  {
    "transcription": "C\u00d4NG",
    "points": [
      [
        96,
        297
      ],
      [
        190,
        297
      ],
      [
        190,
        329
      ],
      [
        96,
        329
      ]
    ]
  },
  {
    "transcription": "\u0110\u1ea4T",
    "points": [
      [
        372,
        287
      ],
      [
        424,
        287
      ],
      [
        424,
        323
      ],
      [
        372,
        323
      ]
    ]
  },
  {
    "transcription": "PH\u1ea6N",
    "points": [
      [
        288,
        287
      ],
      [
        366,
        287
      ],
      [
        366,
        325
      ],
      [
        288,
        325
      ]
    ]
  },
  {
    "transcription": "C\u1ed4",
    "points": [
      [
        234,
        286
      ],
      [
        282,
        286
      ],
      [
        282,
        328
      ],
      [
        234,
        328
      ]
    ]
  },
  {
    "transcription": "XANH",
    "points": [
      [
        256,
        123
      ],
      [
        492,
        123
      ],
      [
        492,
        197
      ],
      [
        256,
        197
      ]
    ]
  },
  {
    "transcription": "NAM",
    "points": [
      [
        507,
        116
      ],
      [
        731,
        116
      ],
      [
        731,
        192
      ],
      [
        507,
        192
      ]
    ]
  },
  {
    "transcription": "DAT",
    "points": [
      [
        60,
        128
      ],
      [
        232,
        128
      ],
      [
        232,
        202
      ],
      [
        60,
        202
      ]
    ]
  }
]