[
  {
    "transcription": "\u0110T",
    "points": [
      [
        112,
        14
      ],
      [
        186,
        17
      ],
      [
        187,
        74
      ],
      [
        114,
        71
      ]
    ]
  },
  {
    "transcription": "0909",
    "points": [
      [
        191,
        24
      ],
      [
        338,
        36
      ],
      [
        342,
        91
      ],
      [
        191,
        78
      ]
    ]
  },
  {
    "transcription": "\u0110T",
    "points": [
      [
        110,
        14
      ],
      [
        190,
        14
      ],
      [
        190,
        74
      ],
      [
        110,
        74
      ]
    ]
  }
]