[
  {
    "transcription": "BO",
    "points": [
      [
        129,
        321
      ],
      [
        339,
        321
      ],
      [
        340,
        452
      ],
      [
        130,
        449
      ]
    ]
  },
  {
    "transcription": "STORE",
    "points": [
      [
        572,
        109
      ],
      [
        661,
        110
      ],
      [
        655,
        147
      ],
      [
        567,
        146
      ]
    ]
  },
  {
    "transcription": "STORE",
    "points": [
      [
        388,
        320
      ],
      [
        882,
        317
      ],
      [
        887,
        454
      ],
      [
        389,
        455
      ]
    ]
  },
  {
    "transcription": "RE",
    "points": [
      [
        692,
        327
      ],
      [
        864,
        328
      ],
      [
        865,
        448
      ],
      [
        692,
        446
      ]
    ]
  },
  {
    "transcription": "BO",
    "points": [
      [
        121,
        315
      ],
      [
        351,
        315
      ],
      [
        351,
        451
      ],
      [
        121,
        451
      ]
    ]
  },
  {
    "transcription": "STORE",
    "points": [
      [
        383,
        316
      ],
      [
        877,
        316
      ],
      [
        877,
        456
      ],
      [
        383,
        456
      ]
    ]
  }
]