[
  {
    "transcription": "TRUNG",
    "points": [
      [
        11,
        122
      ],
      [
        320,
        104
      ],
      [
        323,
        189
      ],
      [
        12,
        198
      ]
    ]
  },
  {
    "transcription": "H\u1eccC",
    "points": [
      [
        338,
        93
      ],
      [
        542,
        81
      ],
      [
        542,
        180
      ],
      [
        338,
        187
      ]
    ]
  },
  {
    "transcription": "C\u01a0",
    "points": [
      [
        566,
        67
      ],
      [
        720,
        58
      ],
      [
        719,
        150
      ],
      [
        568,
        157
      ]
    ]
  },
  {
    "transcription": "S\u1ede",
    "points": [
      [
        742,
        21
      ],
      [
        902,
        13
      ],
      [
        901,
        136
      ],
      [
        740,
        144
      ]
    ]
  }
]