[
  {
    "transcription": "MINH",
    "points": [
      [
        441,
        332
      ],
      [
        608,
        331
      ],
      [
        609,
        427
      ],
      [
        440,
        427
      ]
    ]
  },
  {
    "transcription": "&",
    "points": [
      [
        487,
        92
      ],
      [
        510,
        92
      ],
      [
        510,
        125
      ],
      [
        487,
        124
      ]
    ]
  },
  {
    "transcription": "QUANG",
    "points": [
      [
        210,
        335
      ],
      [
        427,
        335
      ],
      [
        427,
        427
      ],
      [
        209,
        427
      ]
    ]
  },
  {
    "transcription": "-",
    "points": [
      [
        621,
        367
      ],
      [
        652,
        368
      ],
      [
        651,
        392
      ],
      [
        621,
        392
      ]
    ]
  },
  {
    "transcription": "K\u1ebe",
    "points": [
      [
        335,
        87
      ],
      [
        375,
        86
      ],
      [
        375,
        127
      ],
      [
        335,
        127
      ]
    ]
  },
  {
    "transcription": "T\u01af",
    "points": [
      [
        582,
        88
      ],
      [
        626,
        88
      ],
      [
        624,
        125
      ],
      [
        583,
        125
      ]
    ]
  },
  {
    "transcription": "H\u00c0",
    "points": [
      [
        808,
        84
      ],
      [
        851,
        84
      ],
      [
        854,
        123
      ],
      [
        808,
        123
      ]
    ]
  },
  {
    "transcription": "LO\u01a0ISTICS",
    "points": [
      [
        663,
        334
      ],
      [
        996,
        332
      ],
      [
        995,
        427
      ],
      [
        663,
        427
      ]
    ]
  },
  {
    "transcription": "C\u00d4NG",
    "points": [
      [
        370,
        193
      ],
      [
        539,
        193
      ],
      [
        541,
        293
      ],
      [
        369,
        294
      ]
    ]
  },
  {
    "transcription": "TY",
    "points": [
      [
        551,
        200
      ],
      [
        641,
        200
      ],
      [
        641,
        295
      ],
      [
        552,
        296
      ]
    ]
  },
  {
    "transcription": "N\u1ed8I",
    "points": [
      [
        857,
        84
      ],
      [
        914,
        84
      ],
      [
        915,
        129
      ],
      [
        857,
        128
      ]
    ]
  },
  {
    "transcription": "\u0110\u1ea6U",
    "points": [
      [
        514,
        87
      ],
      [
        579,
        86
      ],
      [
        579,
        125
      ],
      [
        513,
        126
      ]
    ]
  },
  {
    "transcription": "TH\u00c0NH",
    "points": [
      [
        628,
        88
      ],
      [
        733,
        86
      ],
      [
        734,
        123
      ],
      [
        628,
        126
      ]
    ]
  },
  {
    "transcription": "TNHH",
    "points": [
      [
        648,
        201
      ],
      [
        827,
        202
      ],
      [
        828,
        294
      ],
      [
        649,
        294
      ]
    ]
  },
  {
    "transcription": "HO\u1ea0CH",
    "points": [
      [
        379,
        91
      ],
      [
        484,
        91
      ],
      [
        485,
        130
      ],
      [
        379,
        131
      ]
    ]
  },
  {
    "transcription": "S\u1ede",
    "points": [
      [
        288,
        88
      ],
      [
        332,
        88
      ],
      [
        332,
        127
      ],
      [
        288,
        127
      ]
    ]
  },
  {
    "transcription": "PH\u1ed0",
    "points": [
      [
        739,
        88
      ],
      [
        802,
        86
      ],
      [
        803,
        122
      ],
      [
        739,
        124
      ]
    ]
  }
]