[
  {
    "transcription": "TH\u1ebe",
    "points": [
      [
        390,
        75
      ],
      [
        580,
        68
      ],
      [
        581,
        171
      ],
      [
        390,
        174
      ]
    ]
  },
  {
    "transcription": "SALON",
    "points": [
      [
        254,
        39
      ],
      [
        424,
        37
      ],
      [
        424,
        79
      ],
      [
        254,
        80
      ]
    ]
  },
  {
    "transcription": "HO\u00c0N",
    "points": [
      [
        118,
        89
      ],
      [
        366,
        87
      ],
      [
        367,
        173
      ],
      [
        116,
        174
      ]
    ]
  },
  {
    "transcription": "GI\u1edaI",
    "points": [
      [
        604,
        68
      ],
      [
        799,
        64
      ],
      [
        800,
        172
      ],
      [
        603,
        173
      ]
    ]
  },
  {
    "transcription": "T\u00d3C",
    "points": [
      [
        824,
        64
      ],
      [
        1031,
        57
      ],
      [
        1033,
        167
      ],
      [
        825,
        171
      ]
    ]
  },
  {
    "transcription": "BEAUTY",
    "points": [
      [
        59,
        42
      ],
      [
        244,
        41
      ],
      [
        245,
        83
      ],
      [
        58,
        85
      ]
    ]
  }
]