[
  {
    "transcription": "S\u1ed0NG",
    "points": [
      [
        597,
        3
      ],
      [
        812,
        4
      ],
      [
        811,
        108
      ],
      [
        594,
        107
      ]
    ]
  },
  {
    "transcription": "LONG",
    "points": [
      [
        971,
        30
      ],
      [
        1181,
        32
      ],
      [
        1181,
        118
      ],
      [
        971,
        116
      ]
    ]
  },
  {
    "transcription": "H\u1ea0",
    "points": [
      [
        825,
        26
      ],
      [
        947,
        24
      ],
      [
        953,
        129
      ],
      [
        825,
        128
      ]
    ]
  },
  {
    "transcription": "B\u00c1N",
    "points": [
      [
        351,
        126
      ],
      [
        472,
        125
      ],
      [
        466,
        191
      ],
      [
        343,
        192
      ]
    ]
  },
  {
    "transcription": "B\u00c1N",
    "points": [
      [
        689,
        127
      ],
      [
        810,
        127
      ],
      [
        805,
        193
      ],
      [
        682,
        193
      ]
    ]
  },
  {
    "transcription": "CHUY\u00caN",
    "points": [
      [
        110,
        127
      ],
      [
        336,
        126
      ],
      [
        336,
        192
      ],
      [
        109,
        196
      ]
    ]
  },
  {
    "transcription": "BU\u00d4N",
    "points": [
      [
        482,
        122
      ],
      [
        644,
        122
      ],
      [
        641,
        193
      ],
      [
        480,
        193
      ]
    ]
  },
  {
    "transcription": "S\u1ea2N",
    "points": [
      [
        197,
        3
      ],
      [
        363,
        4
      ],
      [
        358,
        107
      ],
      [
        187,
        106
      ]
    ]
  },
  {
    "transcription": "H\u1ea2I",
    "points": [
      [
        18,
        3
      ],
      [
        176,
        4
      ],
      [
        171,
        109
      ],
      [
        13,
        109
      ]
    ]
  },
  {
    "transcription": "T\u01af\u01a0I",
    "points": [
      [
        373,
        12
      ],
      [
        574,
        11
      ],
      [
        574,
        107
      ],
      [
        372,
        107
      ]
    ]
  },
  {
    "transcription": "L\u1eba",
    "points": [
      [
        823,
        127
      ],
      [
        890,
        127
      ],
      [
        887,
        192
      ],
      [
        819,
        193
      ]
    ]
  },
  {
    "transcription": "-",
    "points": [
      [
        650,
        151
      ],
      [
        675,
        151
      ],
      [
        674,
        173
      ],
      [
        650,
        174
      ]
    ]
  },
  {
    "transcription": "B\u00c1N",
    "points": [
      [
        684,
        123
      ],
      [
        810,
        123
      ],
      [
        810,
        191
      ],
      [
        684,
        191
      ]
    ]
  },
  {
    "transcription": "B\u00c1N",
    "points": [
      [
        344,
        124
      ],
      [
        472,
        124
      ],
      [
        472,
        188
      ],
      [
        344,
        188
      ]
    ]
  },
  {
    "transcription": "L\u1eba",
    "points": [
      [
        818,
        123
      ],
      [
        888,
        123
      ],
      [
        888,
        191
      ],
      [
        818,
        191
      ]
    ]
  },
  {
    "transcription": "BU\u00d4N",
    "points": [
      [
        480,
        122
      ],
      [
        644,
        122
      ],
      [
        644,
        192
      ],
      [
        480,
        192
      ]
    ]
  },
  {
    "transcription": "CHUY\u00caN",
    "points": [
      [
        107,
        125
      ],
      [
        333,
        125
      ],
      [
        333,
        191
      ],
      [
        107,
        191
      ]
    ]
  },
  {
    "transcription": "H\u1ea0",
    "points": [
      [
        824,
        28
      ],
      [
        946,
        28
      ],
      [
        946,
        126
      ],
      [
        824,
        126
      ]
    ]
  },
  {
    "transcription": "H\u00c0I",
    "points": [
      [
        14,
        7
      ],
      [
        176,
        7
      ],
      [
        176,
        109
      ],
      [
        14,
        109
      ]
    ]
  },
  {
    "transcription": "S\u1ea2N",
    "points": [
      [
        192,
        4
      ],
      [
        364,
        4
      ],
      [
        364,
        106
      ],
      [
        192,
        106
      ]
    ]
  },
  {
    "transcription": "LONG",
    "points": [
      [
        971,
        34
      ],
      [
        1177,
        34
      ],
      [
        1177,
        114
      ],
      [
        971,
        114
      ]
    ]
  },
  {
    "transcription": "T\u01af\u01a0I",
    "points": [
      [
        371,
        14
      ],
      [
        575,
        14
      ],
      [
        575,
        108
      ],
      [
        371,
        108
      ]
    ]
  },
  {
    "transcription": "S\u1ed0NG",
    "points": [
      [
        595,
        4
      ],
      [
        809,
        4
      ],
      [
        809,
        108
      ],
      [
        595,
        108
      ]
    ]
  }
]