[
  {
    "transcription": "LAN",
    "points": [
      [
        84,
        79
      ],
      [
        130,
        78
      ],
      [
        131,
        101
      ],
      [
        84,
        102
      ]
    ]
  },
  {
    "transcription": "D\u00c9P",
    "points": [
      [
        33,
        11
      ],
      [
        107,
        12
      ],
      [
        108,
        39
      ],
      [
        33,
        39
      ]
    ]
  },
  {
    "transcription": "TRANG",
    "points": [
      [
        64,
        45
      ],
      [
        133,
        45
      ],
      [
        133,
        70
      ],
      [
        65,
        70
      ]
    ]
  },
  {
    "transcription": "TH\u1edcI",
    "points": [
      [
        14,
        43
      ],
      [
        63,
        43
      ],
      [
        63,
        71
      ],
      [
        14,
        71
      ]
    ]
  },
  {
    "transcription": "TH\u00c1I",
    "points": [
      [
        19,
        77
      ],
      [
        80,
        76
      ],
      [
        80,
        103
      ],
      [
        19,
        104
      ]
    ]
  },
  {
    "transcription": "TRANG",
    "points": [
      [
        63,
        45
      ],
      [
        131,
        45
      ],
      [
        131,
        69
      ],
      [
        63,
        69
      ]
    ]
  },
  {
    "transcription": "TH\u00c1I",
    "points": [
      [
        19,
        77
      ],
      [
        79,
        77
      ],
      [
        79,
        103
      ],
      [
        19,
        103
      ]
    ]
  },
  {
    "transcription": "TH\u1edcI",
    "points": [
      [
        14,
        44
      ],
      [
        64,
        44
      ],
      [
        64,
        70
      ],
      [
        14,
        70
      ]
    ]
  },
  {
    "transcription": "LAN",
    "points": [
      [
        84,
        80
      ],
      [
        130,
        80
      ],
      [
        130,
        100
      ],
      [
        84,
        100
      ]
    ]
  }
]