[
  {
    "transcription": "PH\u1ed0",
    "points": [
      [
        153,
        58
      ],
      [
        174,
        58
      ],
      [
        174,
        81
      ],
      [
        153,
        82
      ]
    ]
  },
  {
    "transcription": "M\u00d4NG",
    "points": [
      [
        173,
        56
      ],
      [
        204,
        54
      ],
      [
        205,
        78
      ],
      [
        174,
        81
      ]
    ]
  },
  {
    "transcription": "X\u00c2Y",
    "points": [
      [
        76,
        65
      ],
      [
        95,
        64
      ],
      [
        95,
        87
      ],
      [
        76,
        88
      ]
    ]
  },
  {
    "transcription": "PH\u1ea6N",
    "points": [
      [
        50,
        66
      ],
      [
        76,
        65
      ],
      [
        76,
        88
      ],
      [
        51,
        90
      ]
    ]
  },
  {
    "transcription": "D\u1ef0NG",
    "points": [
      [
        94,
        65
      ],
      [
        121,
        64
      ],
      [
        121,
        86
      ],
      [
        95,
        87
      ]
    ]
  },
  {
    "transcription": "Y",
    "points": [
      [
        0,
        72
      ],
      [
        7,
        72
      ],
      [
        7,
        93
      ],
      [
        0,
        93
      ]
    ]
  },
  {
    "transcription": "\u00caLA",
    "points": [
      [
        14,
        70
      ],
      [
        29,
        69
      ],
      [
        31,
        91
      ],
      [
        15,
        92
      ]
    ]
  },
  {
    "transcription": "C\u00c1I",
    "points": [
      [
        203,
        54
      ],
      [
        221,
        53
      ],
      [
        221,
        76
      ],
      [
        203,
        77
      ]
    ]
  },
  {
    "transcription": "M\u1ea0NH",
    "points": [
      [
        304,
        45
      ],
      [
        343,
        43
      ],
      [
        345,
        66
      ],
      [
        305,
        69
      ]
    ]
  },
  {
    "transcription": "NG\u00c0Y",
    "points": [
      [
        222,
        53
      ],
      [
        248,
        51
      ],
      [
        249,
        73
      ],
      [
        222,
        75
      ]
    ]
  },
  {
    "transcription": "GI\u00c0U",
    "points": [
      [
        279,
        47
      ],
      [
        304,
        44
      ],
      [
        305,
        68
      ],
      [
        279,
        70
      ]
    ]
  },
  {
    "transcription": "TH\u00c0NH",
    "points": [
      [
        122,
        62
      ],
      [
        153,
        59
      ],
      [
        154,
        83
      ],
      [
        122,
        86
      ]
    ]
  },
  {
    "transcription": "1",
    "points": [
      [
        337,
        42
      ],
      [
        344,
        43
      ],
      [
        345,
        63
      ],
      [
        338,
        63
      ]
    ]
  },
  {
    "transcription": "G\u00d3P",
    "points": [
      [
        31,
        68
      ],
      [
        50,
        67
      ],
      [
        50,
        91
      ],
      [
        31,
        92
      ]
    ]
  },
  {
    "transcription": "C\u00c0NG",
    "points": [
      [
        248,
        49
      ],
      [
        278,
        46
      ],
      [
        280,
        71
      ],
      [
        249,
        74
      ]
    ]
  }
]