[
  {
    "transcription": "E",
    "points": [
      [
        709,
        257
      ],
      [
        736,
        257
      ],
      [
        736,
        294
      ],
      [
        707,
        295
      ]
    ]
  },
  {
    "transcription": "M",
    "points": [
      [
        751,
        252
      ],
      [
        788,
        252
      ],
      [
        787,
        291
      ],
      [
        750,
        292
      ]
    ]
  },
  {
    "transcription": "T",
    "points": [
      [
        141,
        307
      ],
      [
        165,
        307
      ],
      [
        164,
        341
      ],
      [
        139,
        340
      ]
    ]
  },
  {
    "transcription": "Chunnie",
    "points": [
      [
        92,
        65
      ],
      [
        801,
        72
      ],
      [
        803,
        257
      ],
      [
        85,
        276
      ]
    ]
  },
  {
    "transcription": "TRANG",
    "points": [
      [
        300,
        289
      ],
      [
        485,
        280
      ],
      [
        486,
        321
      ],
      [
        302,
        326
      ]
    ]
  },
  {
    "transcription": "T",
    "points": [
      [
        304,
        292
      ],
      [
        330,
        293
      ],
      [
        330,
        329
      ],
      [
        303,
        329
      ]
    ]
  },
  {
    "transcription": "G",
    "points": [
      [
        456,
        278
      ],
      [
        482,
        277
      ],
      [
        481,
        317
      ],
      [
        453,
        317
      ]
    ]
  },
  {
    "transcription": "R\u1eba",
    "points": [
      [
        577,
        256
      ],
      [
        638,
        254
      ],
      [
        639,
        300
      ],
      [
        578,
        303
      ]
    ]
  },
  {
    "transcription": "R",
    "points": [
      [
        575,
        268
      ],
      [
        600,
        268
      ],
      [
        600,
        304
      ],
      [
        574,
        304
      ]
    ]
  },
  {
    "transcription": "TR",
    "points": [
      [
        537,
        269
      ],
      [
        600,
        268
      ],
      [
        601,
        304
      ],
      [
        537,
        307
      ]
    ]
  },
  {
    "transcription": "N",
    "points": [
      [
        415,
        282
      ],
      [
        441,
        282
      ],
      [
        436,
        321
      ],
      [
        410,
        321
      ]
    ]
  },
  {
    "transcription": "\u1eddi",
    "points": [
      [
        203,
        293
      ],
      [
        247,
        294
      ],
      [
        247,
        336
      ],
      [
        202,
        335
      ]
    ]
  },
  {
    "transcription": "H",
    "points": [
      [
        172,
        305
      ],
      [
        196,
        304
      ],
      [
        195,
        337
      ],
      [
        171,
        337
      ]
    ]
  },
  {
    "transcription": "T",
    "points": [
      [
        534,
        271
      ],
      [
        562,
        271
      ],
      [
        562,
        311
      ],
      [
        533,
        311
      ]
    ]
  }
]