[
  {
    "transcription": "kh\u00e1ch",
    "points": [
      [
        266,
        11
      ],
      [
        395,
        12
      ],
      [
        395,
        41
      ],
      [
        266,
        41
      ]
    ]
  },
  {
    "transcription": "qu\u00fd",
    "points": [
      [
        193,
        14
      ],
      [
        259,
        13
      ],
      [
        258,
        44
      ],
      [
        192,
        44
      ]
    ]
  },
  {
    "transcription": "ch\u00e0o",
    "points": [
      [
        117,
        14
      ],
      [
        186,
        14
      ],
      [
        185,
        38
      ],
      [
        115,
        38
      ]
    ]
  },
  {
    "transcription": "K\u00ednh",
    "points": [
      [
        49,
        12
      ],
      [
        113,
        14
      ],
      [
        112,
        37
      ],
      [
        46,
        36
      ]
    ]
  },
  {
    "transcription": "ch\u00e0o",
    "points": [
      [
        116,
        14
      ],
      [
        186,
        14
      ],
      [
        186,
        36
      ],
      [
        116,
        36
      ]
    ]
  },
  {
    "transcription": "K\u00ednh",
    "points": [
      [
        47,
        14
      ],
      [
        111,
        14
      ],
      [
        111,
        34
      ],
      [
        47,
        34
      ]
    ]
  },
  {
    "transcription": "qu\u00fd",
    "points": [
      [
        194,
        14
      ],
      [
        260,
        14
      ],
      [
        260,
        42
      ],
      [
        194,
        42
      ]
    ]
  },
  {
    "transcription": "kh\u00e1ch",
    "points": [
      [
        267,
        13
      ],
      [
        391,
        13
      ],
      [
        391,
        37
      ],
      [
        267,
        37
      ]
    ]
  }
]