[
  {
    "transcription": "WIFI",
    "points": [
      [
        645,
        65
      ],
      [
        758,
        79
      ],
      [
        757,
        127
      ],
      [
        645,
        116
      ]
    ]
  },
  {
    "transcription": "Modem",
    "points": [
      [
        425,
        46
      ],
      [
        628,
        68
      ],
      [
        627,
        113
      ],
      [
        421,
        96
      ]
    ]
  },
  {
    "transcription": "k\u00eanh",
    "points": [
      [
        385,
        129
      ],
      [
        478,
        132
      ],
      [
        477,
        171
      ],
      [
        383,
        168
      ]
    ]
  },
  {
    "transcription": "Trang",
    "points": [
      [
        174,
        23
      ],
      [
        326,
        46
      ],
      [
        321,
        97
      ],
      [
        167,
        75
      ]
    ]
  },
  {
    "transcription": "h\u00ecnh",
    "points": [
      [
        650,
        147
      ],
      [
        748,
        152
      ],
      [
        747,
        197
      ],
      [
        648,
        192
      ]
    ]
  },
  {
    "transcription": "170",
    "points": [
      [
        281,
        105
      ],
      [
        378,
        110
      ],
      [
        374,
        166
      ],
      [
        279,
        160
      ]
    ]
  },
  {
    "transcription": "game",
    "points": [
      [
        579,
        456
      ],
      [
        622,
        459
      ],
      [
        619,
        475
      ],
      [
        577,
        472
      ]
    ]
  },
  {
    "transcription": "LINFOX",
    "points": [
      [
        584,
        436
      ],
      [
        653,
        439
      ],
      [
        652,
        459
      ],
      [
        582,
        456
      ]
    ]
  },
  {
    "transcription": "098",
    "points": [
      [
        29,
        246
      ],
      [
        440,
        247
      ],
      [
        438,
        511
      ],
      [
        20,
        508
      ]
    ]
  },
  {
    "transcription": "SUCGO",
    "points": [
      [
        452,
        448
      ],
      [
        513,
        449
      ],
      [
        510,
        467
      ],
      [
        452,
        465
      ]
    ]
  },
  {
    "transcription": "2",
    "points": [
      [
        649,
        310
      ],
      [
        777,
        301
      ],
      [
        772,
        533
      ],
      [
        643,
        542
      ]
    ]
  },
  {
    "transcription": "UNIC",
    "points": [
      [
        605,
        410
      ],
      [
        660,
        408
      ],
      [
        665,
        418
      ],
      [
        604,
        420
      ]
    ]
  },
  {
    "transcription": "01001",
    "points": [
      [
        578,
        457
      ],
      [
        604,
        457
      ],
      [
        602,
        471
      ],
      [
        577,
        471
      ]
    ]
  },
  {
    "transcription": "6066",
    "points": [
      [
        486,
        449
      ],
      [
        511,
        449
      ],
      [
        506,
        466
      ],
      [
        484,
        466
      ]
    ]
  },
  {
    "transcription": "7",
    "points": [
      [
        263,
        103
      ],
      [
        294,
        104
      ],
      [
        293,
        159
      ],
      [
        262,
        159
      ]
    ]
  },
  {
    "transcription": "H\u01a1n",
    "points": [
      [
        154,
        104
      ],
      [
        249,
        114
      ],
      [
        244,
        155
      ],
      [
        147,
        146
      ]
    ]
  },
  {
    "transcription": "Truy\u1ec1n",
    "points": [
      [
        489,
        130
      ],
      [
        639,
        141
      ],
      [
        638,
        189
      ],
      [
        488,
        177
      ]
    ]
  },
  {
    "transcription": "b\u1ecb",
    "points": [
      [
        341,
        41
      ],
      [
        399,
        45
      ],
      [
        393,
        101
      ],
      [
        334,
        97
      ]
    ]
  }
]