[
  {
    "transcription": "T\u1eb6NG",
    "points": [
      [
        113,
        0
      ],
      [
        173,
        0
      ],
      [
        173,
        20
      ],
      [
        114,
        20
      ]
    ]
  },
  {
    "transcription": "B\u1ea2NG",
    "points": [
      [
        110,
        25
      ],
      [
        140,
        25
      ],
      [
        140,
        43
      ],
      [
        110,
        42
      ]
    ]
  },
  {
    "transcription": "TR\u01af\u1edcNG",
    "points": [
      [
        140,
        26
      ],
      [
        183,
        26
      ],
      [
        183,
        44
      ],
      [
        141,
        43
      ]
    ]
  },
  {
    "transcription": "SA",
    "points": [
      [
        183,
        29
      ],
      [
        197,
        29
      ],
      [
        198,
        44
      ],
      [
        184,
        44
      ]
    ]
  },
  {
    "transcription": "C\u00c2Y",
    "points": [
      [
        87,
        24
      ],
      [
        108,
        25
      ],
      [
        108,
        40
      ],
      [
        87,
        40
      ]
    ]
  },
  {
    "transcription": "SA",
    "points": [
      [
        184,
        30
      ],
      [
        198,
        30
      ],
      [
        198,
        42
      ],
      [
        184,
        42
      ]
    ]
  },
  {
    "transcription": "C\u00c2Y",
    "points": [
      [
        86,
        25
      ],
      [
        108,
        25
      ],
      [
        108,
        39
      ],
      [
        86,
        39
      ]
    ]
  },
  {
    "transcription": "B\u00c0NG",
    "points": [
      [
        111,
        26
      ],
      [
        139,
        26
      ],
      [
        139,
        40
      ],
      [
        111,
        40
      ]
    ]
  },
  {
    "transcription": "TR\u01af\u1edcNG",
    "points": [
      [
        141,
        27
      ],
      [
        181,
        27
      ],
      [
        181,
        41
      ],
      [
        141,
        41
      ]
    ]
  },
  {
    "transcription": "T\u0102NG",
    "points": [
      [
        115,
        0
      ],
      [
        171,
        0
      ],
      [
        171,
        18
      ],
      [
        115,
        18
      ]
    ]
  }
]