[
  {
    "transcription": "GIAO",
    "points": [
      [
        28,
        30
      ],
      [
        221,
        39
      ],
      [
        221,
        124
      ],
      [
        26,
        115
      ]
    ]
  },
  {
    "transcription": "D\u1ecaCH",
    "points": [
      [
        239,
        43
      ],
      [
        426,
        48
      ],
      [
        426,
        143
      ],
      [
        237,
        139
      ]
    ]
  },
  {
    "transcription": "\u0110\u1ed8NG",
    "points": [
      [
        606,
        49
      ],
      [
        814,
        53
      ],
      [
        815,
        161
      ],
      [
        605,
        157
      ]
    ]
  },
  {
    "transcription": "TH\u00c0NH",
    "points": [
      [
        0,
        152
      ],
      [
        619,
        169
      ],
      [
        620,
        339
      ],
      [
        0,
        329
      ]
    ]
  },
  {
    "transcription": "S\u1ea2N",
    "points": [
      [
        834,
        50
      ],
      [
        985,
        52
      ],
      [
        985,
        159
      ],
      [
        832,
        156
      ]
    ]
  },
  {
    "transcription": "\u0110\u1ea0T",
    "points": [
      [
        654,
        190
      ],
      [
        987,
        197
      ],
      [
        990,
        371
      ],
      [
        655,
        363
      ]
    ]
  },
  {
    "transcription": "B\u1ea4T",
    "points": [
      [
        444,
        33
      ],
      [
        589,
        37
      ],
      [
        589,
        140
      ],
      [
        443,
        137
      ]
    ]
  },
  {
    "transcription": "TH\u00c0NH",
    "points": [
      [
        0,
        148
      ],
      [
        608,
        148
      ],
      [
        608,
        328
      ],
      [
        0,
        328
      ]
    ]
  },
  {
    "transcription": "S\u1ea2N",
    "points": [
      [
        832,
        48
      ],
      [
        988,
        48
      ],
      [
        988,
        156
      ],
      [
        832,
        156
      ]
    ]
  },
  {
    "transcription": "\u0110\u1ea0T",
    "points": [
      [
        660,
        194
      ],
      [
        992,
        194
      ],
      [
        992,
        378
      ],
      [
        660,
        378
      ]
    ]
  },
  {
    "transcription": "B\u1ea4T",
    "points": [
      [
        444,
        34
      ],
      [
        590,
        34
      ],
      [
        590,
        140
      ],
      [
        444,
        140
      ]
    ]
  },
  {
    "transcription": "\u0110\u1ed8NG",
    "points": [
      [
        605,
        53
      ],
      [
        813,
        53
      ],
      [
        813,
        159
      ],
      [
        605,
        159
      ]
    ]
  },
  {
    "transcription": "D\u1ecaCH",
    "points": [
      [
        243,
        49
      ],
      [
        419,
        49
      ],
      [
        419,
        141
      ],
      [
        243,
        141
      ]
    ]
  },
  {
    "transcription": "GIAO",
    "points": [
      [
        29,
        36
      ],
      [
        215,
        36
      ],
      [
        215,
        120
      ],
      [
        29,
        120
      ]
    ]
  }
]