[
  {
    "transcription": "Vi\u00ean",
    "points": [
      [
        127,
        5
      ],
      [
        266,
        5
      ],
      [
        266,
        61
      ],
      [
        127,
        62
      ]
    ]
  },
  {
    "transcription": "H\u1ecdc",
    "points": [
      [
        1,
        16
      ],
      [
        112,
        17
      ],
      [
        111,
        79
      ],
      [
        0,
        78
      ]
    ]
  },
  {
    "transcription": "Vi\u00ean",
    "points": [
      [
        128,
        3
      ],
      [
        266,
        3
      ],
      [
        266,
        63
      ],
      [
        128,
        63
      ]
    ]
  },
  {
    "transcription": "H\u1ecdc",
    "points": [
      [
        2,
        15
      ],
      [
        112,
        15
      ],
      [
        112,
        79
      ],
      [
        2,
        79
      ]
    ]
  }
]