[
  {
    "transcription": "NH\u00c2N",
    "points": [
      [
        91,
        128
      ],
      [
        163,
        113
      ],
      [
        165,
        138
      ],
      [
        92,
        152
      ]
    ]
  },
  {
    "transcription": "KHAI",
    "points": [
      [
        216,
        101
      ],
      [
        287,
        85
      ],
      [
        288,
        111
      ],
      [
        217,
        127
      ]
    ]
  },
  {
    "transcription": "D\u1ecaP",
    "points": [
      [
        167,
        115
      ],
      [
        212,
        105
      ],
      [
        213,
        129
      ],
      [
        168,
        140
      ]
    ]
  },
  {
    "transcription": "TR\u01af\u1edcNG",
    "points": [
      [
        291,
        81
      ],
      [
        414,
        55
      ],
      [
        416,
        83
      ],
      [
        292,
        109
      ]
    ]
  },
  {
    "transcription": "D\u1ecaP",
    "points": [
      [
        167,
        107
      ],
      [
        213,
        107
      ],
      [
        213,
        139
      ],
      [
        167,
        139
      ]
    ]
  },
  {
    "transcription": "KHAI",
    "points": [
      [
        216,
        86
      ],
      [
        288,
        86
      ],
      [
        288,
        126
      ],
      [
        216,
        126
      ]
    ]
  },
  {
    "transcription": "TR\u01af\u1edcNG",
    "points": [
      [
        291,
        53
      ],
      [
        415,
        53
      ],
      [
        415,
        109
      ],
      [
        291,
        109
      ]
    ]
  },
  {
    "transcription": "NH\u00c2N",
    "points": [
      [
        91,
        116
      ],
      [
        163,
        116
      ],
      [
        163,
        150
      ],
      [
        91,
        150
      ]
    ]
  }
]