[
  {
    "transcription": "shoptretho",
    "points": [
      [
        6,
        104
      ],
      [
        562,
        105
      ],
      [
        563,
        208
      ],
      [
        3,
        207
      ]
    ]
  },
  {
    "transcription": "dcom.vn",
    "points": [
      [
        400,
        204
      ],
      [
        567,
        206
      ],
      [
        566,
        240
      ],
      [
        400,
        237
      ]
    ]
  },
  {
    "transcription": "B\u00c9",
    "points": [
      [
        360,
        303
      ],
      [
        391,
        303
      ],
      [
        391,
        335
      ],
      [
        360,
        335
      ]
    ]
  },
  {
    "transcription": "M\u1eb8",
    "points": [
      [
        299,
        307
      ],
      [
        334,
        307
      ],
      [
        334,
        338
      ],
      [
        299,
        338
      ]
    ]
  },
  {
    "transcription": "H\u1ec6",
    "points": [
      [
        15,
        300
      ],
      [
        50,
        300
      ],
      [
        50,
        334
      ],
      [
        15,
        333
      ]
    ]
  },
  {
    "transcription": "H\u00c0NG",
    "points": [
      [
        215,
        302
      ],
      [
        291,
        301
      ],
      [
        292,
        334
      ],
      [
        215,
        335
      ]
    ]
  },
  {
    "transcription": "TH\u1ed0NG",
    "points": [
      [
        55,
        300
      ],
      [
        145,
        300
      ],
      [
        146,
        331
      ],
      [
        55,
        331
      ]
    ]
  },
  {
    "transcription": "C\u1eecA",
    "points": [
      [
        153,
        301
      ],
      [
        208,
        301
      ],
      [
        209,
        333
      ],
      [
        153,
        333
      ]
    ]
  },
  {
    "transcription": "&",
    "points": [
      [
        337,
        307
      ],
      [
        356,
        307
      ],
      [
        356,
        336
      ],
      [
        336,
        337
      ]
    ]
  }
]