[
  {
    "transcription": "554",
    "points": [
      [
        220,
        60
      ],
      [
        267,
        60
      ],
      [
        267,
        86
      ],
      [
        220,
        86
      ]
    ]
  },
  {
    "transcription": "01688",
    "points": [
      [
        91,
        60
      ],
      [
        164,
        61
      ],
      [
        165,
        86
      ],
      [
        92,
        86
      ]
    ]
  },
  {
    "transcription": "\u0110T:",
    "points": [
      [
        38,
        60
      ],
      [
        85,
        60
      ],
      [
        86,
        87
      ],
      [
        39,
        87
      ]
    ]
  },
  {
    "transcription": "339",
    "points": [
      [
        169,
        61
      ],
      [
        215,
        61
      ],
      [
        216,
        86
      ],
      [
        169,
        86
      ]
    ]
  },
  {
    "transcription": "01688",
    "points": [
      [
        93,
        59
      ],
      [
        169,
        59
      ],
      [
        169,
        87
      ],
      [
        93,
        87
      ]
    ]
  },
  {
    "transcription": "339",
    "points": [
      [
        170,
        61
      ],
      [
        214,
        61
      ],
      [
        214,
        85
      ],
      [
        170,
        85
      ]
    ]
  },
  {
    "transcription": "\u0110T:",
    "points": [
      [
        40,
        59
      ],
      [
        88,
        59
      ],
      [
        88,
        87
      ],
      [
        40,
        87
      ]
    ]
  },
  {
    "transcription": "554",
    "points": [
      [
        220,
        62
      ],
      [
        266,
        62
      ],
      [
        266,
        86
      ],
      [
        220,
        86
      ]
    ]
  }
]