[
  {
    "transcription": "C\u1eecA",
    "points": [
      [
        47,
        86
      ],
      [
        61,
        85
      ],
      [
        58,
        94
      ],
      [
        45,
        95
      ]
    ]
  },
  {
    "transcription": "TR\u01af\u1edcNG",
    "points": [
      [
        220,
        50
      ],
      [
        395,
        50
      ],
      [
        396,
        76
      ],
      [
        218,
        76
      ]
    ]
  },
  {
    "transcription": "H\u1eccC",
    "points": [
      [
        504,
        45
      ],
      [
        596,
        45
      ],
      [
        596,
        71
      ],
      [
        504,
        72
      ]
    ]
  },
  {
    "transcription": "QUANG",
    "points": [
      [
        106,
        72
      ],
      [
        409,
        80
      ],
      [
        408,
        119
      ],
      [
        104,
        115
      ]
    ]
  },
  {
    "transcription": "ab",
    "points": [
      [
        35,
        73
      ],
      [
        51,
        72
      ],
      [
        51,
        87
      ],
      [
        35,
        88
      ]
    ]
  },
  {
    "transcription": "C\u00c1C",
    "points": [
      [
        30,
        86
      ],
      [
        45,
        87
      ],
      [
        44,
        96
      ],
      [
        27,
        96
      ]
    ]
  },
  {
    "transcription": "TI\u1ec2U",
    "points": [
      [
        400,
        43
      ],
      [
        496,
        41
      ],
      [
        497,
        70
      ],
      [
        401,
        72
      ]
    ]
  },
  {
    "transcription": "TRUNG",
    "points": [
      [
        429,
        67
      ],
      [
        725,
        71
      ],
      [
        726,
        118
      ],
      [
        428,
        115
      ]
    ]
  },
  {
    "transcription": "H",
    "points": [
      [
        54,
        58
      ],
      [
        64,
        64
      ],
      [
        61,
        70
      ],
      [
        51,
        65
      ]
    ]
  }
]