[
  {
    "transcription": "XU\u00c2N",
    "points": [
      [
        78,
        106
      ],
      [
        191,
        117
      ],
      [
        191,
        153
      ],
      [
        76,
        143
      ]
    ]
  },
  {
    "transcription": "-",
    "points": [
      [
        445,
        217
      ],
      [
        474,
        218
      ],
      [
        473,
        240
      ],
      [
        443,
        239
      ]
    ]
  },
  {
    "transcription": "S\u1eeeA",
    "points": [
      [
        98,
        152
      ],
      [
        246,
        159
      ],
      [
        246,
        233
      ],
      [
        97,
        226
      ]
    ]
  },
  {
    "transcription": "B\u1ea2O",
    "points": [
      [
        476,
        196
      ],
      [
        593,
        198
      ],
      [
        607,
        263
      ],
      [
        485,
        262
      ]
    ]
  },
  {
    "transcription": "CUNG",
    "points": [
      [
        197,
        124
      ],
      [
        307,
        138
      ],
      [
        309,
        168
      ],
      [
        197,
        156
      ]
    ]
  },
  {
    "transcription": "CH\u1eeeA",
    "points": [
      [
        257,
        175
      ],
      [
        432,
        188
      ],
      [
        436,
        252
      ],
      [
        257,
        241
      ]
    ]
  }
]