[
  {
    "transcription": "N\u1ed8I",
    "points": [
      [
        18,
        108
      ],
      [
        75,
        108
      ],
      [
        75,
        143
      ],
      [
        18,
        142
      ]
    ]
  },
  {
    "transcription": "CHUNG",
    "points": [
      [
        1,
        144
      ],
      [
        83,
        148
      ],
      [
        83,
        169
      ],
      [
        1,
        166
      ]
    ]
  },
  {
    "transcription": "C\u01af",
    "points": [
      [
        87,
        147
      ],
      [
        122,
        147
      ],
      [
        122,
        172
      ],
      [
        87,
        172
      ]
    ]
  },
  {
    "transcription": "MINI",
    "points": [
      [
        124,
        149
      ],
      [
        176,
        149
      ],
      [
        177,
        175
      ],
      [
        125,
        174
      ]
    ]
  },
  {
    "transcription": "\u0110\u00d4N",
    "points": [
      [
        230,
        151
      ],
      [
        280,
        151
      ],
      [
        280,
        178
      ],
      [
        230,
        178
      ]
    ]
  },
  {
    "transcription": "B\u1ea2N",
    "points": [
      [
        181,
        149
      ],
      [
        227,
        149
      ],
      [
        227,
        176
      ],
      [
        181,
        176
      ]
    ]
  },
  {
    "transcription": "QUY",
    "points": [
      [
        81,
        114
      ],
      [
        148,
        115
      ],
      [
        148,
        143
      ],
      [
        81,
        144
      ]
    ]
  }
]