[
  {
    "transcription": "S\u1ea2N",
    "points": [
      [
        738,
        68
      ],
      [
        1006,
        68
      ],
      [
        1011,
        189
      ],
      [
        739,
        189
      ]
    ]
  },
  {
    "transcription": "H\u1ea2I",
    "points": [
      [
        481,
        53
      ],
      [
        711,
        55
      ],
      [
        713,
        183
      ],
      [
        481,
        181
      ]
    ]
  },
  {
    "transcription": "TR\u01af\u1edcNG",
    "points": [
      [
        230,
        186
      ],
      [
        783,
        191
      ],
      [
        782,
        312
      ],
      [
        227,
        308
      ]
    ]
  },
  {
    "transcription": "V\u1ef0A",
    "points": [
      [
        159,
        48
      ],
      [
        448,
        62
      ],
      [
        449,
        188
      ],
      [
        159,
        181
      ]
    ]
  },
  {
    "transcription": "TR\u01af\u1edcNG",
    "points": [
      [
        238,
        182
      ],
      [
        772,
        182
      ],
      [
        772,
        316
      ],
      [
        238,
        316
      ]
    ]
  },
  {
    "transcription": "S\u1ea2N",
    "points": [
      [
        740,
        66
      ],
      [
        1008,
        66
      ],
      [
        1008,
        186
      ],
      [
        740,
        186
      ]
    ]
  },
  {
    "transcription": "V\u1ef0A",
    "points": [
      [
        162,
        58
      ],
      [
        446,
        58
      ],
      [
        446,
        188
      ],
      [
        162,
        188
      ]
    ]
  },
  {
    "transcription": "H\u1ea2I",
    "points": [
      [
        484,
        55
      ],
      [
        706,
        55
      ],
      [
        706,
        183
      ],
      [
        484,
        183
      ]
    ]
  }
]