[
  {
    "transcription": "\u0110\u1ec2",
    "points": [
      [
        262,
        688
      ],
      [
        338,
        689
      ],
      [
        337,
        794
      ],
      [
        261,
        793
      ]
    ]
  },
  {
    "transcription": "H\u00c2M.",
    "points": [
      [
        341,
        473
      ],
      [
        452,
        474
      ],
      [
        453,
        568
      ],
      [
        340,
        567
      ]
    ]
  },
  {
    "transcription": "\u0110\u00c2M",
    "points": [
      [
        331,
        820
      ],
      [
        432,
        820
      ],
      [
        432,
        914
      ],
      [
        330,
        914
      ]
    ]
  },
  {
    "transcription": "CYU",
    "points": [
      [
        212,
        1093
      ],
      [
        456,
        1090
      ],
      [
        458,
        1163
      ],
      [
        205,
        1163
      ]
    ]
  },
  {
    "transcription": "B\u1eca",
    "points": [
      [
        270,
        830
      ],
      [
        323,
        831
      ],
      [
        323,
        921
      ],
      [
        269,
        918
      ]
    ]
  },
  {
    "transcription": "PH\u1ea2I",
    "points": [
      [
        394,
        352
      ],
      [
        494,
        349
      ],
      [
        494,
        450
      ],
      [
        393,
        453
      ]
    ]
  },
  {
    "transcription": "KH\u1eceI",
    "points": [
      [
        344,
        697
      ],
      [
        448,
        697
      ],
      [
        447,
        799
      ],
      [
        342,
        798
      ]
    ]
  },
  {
    "transcription": "L\u00c0",
    "points": [
      [
        262,
        470
      ],
      [
        330,
        468
      ],
      [
        332,
        564
      ],
      [
        263,
        565
      ]
    ]
  },
  {
    "transcription": "KH\u00d4NG",
    "points": [
      [
        234,
        361
      ],
      [
        385,
        360
      ],
      [
        385,
        448
      ],
      [
        233,
        449
      ]
    ]
  },
  {
    "transcription": "V\u1ee0",
    "points": [
      [
        247,
        930
      ],
      [
        321,
        929
      ],
      [
        321,
        1026
      ],
      [
        248,
        1025
      ]
    ]
  },
  {
    "transcription": "AN",
    "points": [
      [
        415,
        261
      ],
      [
        470,
        257
      ],
      [
        469,
        330
      ],
      [
        413,
        333
      ]
    ]
  },
  {
    "transcription": "NH",
    "points": [
      [
        354,
        258
      ],
      [
        411,
        260
      ],
      [
        411,
        330
      ],
      [
        354,
        329
      ]
    ]
  },
  {
    "transcription": "H",
    "points": [
      [
        267,
        264
      ],
      [
        292,
        264
      ],
      [
        292,
        301
      ],
      [
        268,
        302
      ]
    ]
  },
  {
    "transcription": "\u0110\u00c8N\"",
    "points": [
      [
        332,
        936
      ],
      [
        444,
        936
      ],
      [
        443,
        1030
      ],
      [
        331,
        1030
      ]
    ]
  },
  {
    "transcription": "X-NHAN",
    "points": [
      [
        262,
        597
      ],
      [
        453,
        602
      ],
      [
        453,
        680
      ],
      [
        262,
        676
      ]
    ]
  }
]