[
  {
    "transcription": "KH\u1ea8U",
    "points": [
      [
        359,
        109
      ],
      [
        477,
        99
      ],
      [
        478,
        141
      ],
      [
        361,
        147
      ]
    ]
  },
  {
    "transcription": "D\u1ecaP",
    "points": [
      [
        168,
        113
      ],
      [
        212,
        104
      ],
      [
        213,
        131
      ],
      [
        168,
        139
      ]
    ]
  },
  {
    "transcription": "TIN",
    "points": [
      [
        12,
        58
      ],
      [
        128,
        40
      ],
      [
        126,
        120
      ],
      [
        12,
        133
      ]
    ]
  },
  {
    "transcription": "9",
    "points": [
      [
        346,
        122
      ],
      [
        362,
        125
      ],
      [
        360,
        144
      ],
      [
        342,
        142
      ]
    ]
  },
  {
    "transcription": "v\u1ecb",
    "points": [
      [
        436,
        126
      ],
      [
        473,
        124
      ],
      [
        473,
        150
      ],
      [
        434,
        151
      ]
    ]
  },
  {
    "transcription": "NH\u00c2N",
    "points": [
      [
        91,
        128
      ],
      [
        163,
        113
      ],
      [
        165,
        139
      ],
      [
        92,
        152
      ]
    ]
  },
  {
    "transcription": "A",
    "points": [
      [
        330,
        114
      ],
      [
        339,
        115
      ],
      [
        338,
        129
      ],
      [
        327,
        128
      ]
    ]
  },
  {
    "transcription": "KHAI",
    "points": [
      [
        217,
        101
      ],
      [
        287,
        85
      ],
      [
        289,
        112
      ],
      [
        217,
        128
      ]
    ]
  },
  {
    "transcription": "TR\u01af\u1edcNG",
    "points": [
      [
        291,
        83
      ],
      [
        413,
        53
      ],
      [
        416,
        84
      ],
      [
        293,
        110
      ]
    ]
  }
]