[
  {
    "transcription": "LAN",
    "points": [
      [
        83,
        79
      ],
      [
        130,
        78
      ],
      [
        131,
        101
      ],
      [
        84,
        102
      ]
    ]
  },
  {
    "transcription": "TH\u00c1I",
    "points": [
      [
        20,
        77
      ],
      [
        79,
        77
      ],
      [
        79,
        103
      ],
      [
        20,
        104
      ]
    ]
  },
  {
    "transcription": "TH\u1edcI",
    "points": [
      [
        14,
        43
      ],
      [
        63,
        42
      ],
      [
        63,
        72
      ],
      [
        14,
        72
      ]
    ]
  },
  {
    "transcription": "TRANG",
    "points": [
      [
        64,
        45
      ],
      [
        133,
        45
      ],
      [
        133,
        71
      ],
      [
        65,
        70
      ]
    ]
  },
  {
    "transcription": "D\u00c9P",
    "points": [
      [
        34,
        11
      ],
      [
        107,
        11
      ],
      [
        107,
        40
      ],
      [
        34,
        40
      ]
    ]
  }
]