[
  {
    "transcription": "N\u0102M",
    "points": [
      [
        542,
        12
      ],
      [
        670,
        11
      ],
      [
        672,
        114
      ],
      [
        541,
        114
      ]
    ]
  },
  {
    "transcription": "H\u1eccC",
    "points": [
      [
        682,
        24
      ],
      [
        799,
        21
      ],
      [
        800,
        133
      ],
      [
        682,
        134
      ]
    ]
  },
  {
    "transcription": "CH\u00c0O",
    "points": [
      [
        190,
        6
      ],
      [
        343,
        9
      ],
      [
        341,
        115
      ],
      [
        185,
        111
      ]
    ]
  },
  {
    "transcription": "2021",
    "points": [
      [
        938,
        20
      ],
      [
        1074,
        20
      ],
      [
        1075,
        113
      ],
      [
        938,
        113
      ]
    ]
  },
  {
    "transcription": "2022",
    "points": [
      [
        1132,
        20
      ],
      [
        1279,
        19
      ],
      [
        1280,
        110
      ],
      [
        1133,
        111
      ]
    ]
  },
  {
    "transcription": "M\u00d9NG",
    "points": [
      [
        354,
        7
      ],
      [
        528,
        7
      ],
      [
        528,
        114
      ],
      [
        353,
        114
      ]
    ]
  },
  {
    "transcription": "-",
    "points": [
      [
        1093,
        60
      ],
      [
        1120,
        62
      ],
      [
        1120,
        96
      ],
      [
        1094,
        95
      ]
    ]
  },
  {
    "transcription": "-",
    "points": [
      [
        1095,
        58
      ],
      [
        1123,
        58
      ],
      [
        1123,
        94
      ],
      [
        1095,
        94
      ]
    ]
  },
  {
    "transcription": "2021",
    "points": [
      [
        939,
        12
      ],
      [
        1075,
        12
      ],
      [
        1075,
        112
      ],
      [
        939,
        112
      ]
    ]
  },
  {
    "transcription": "2022",
    "points": [
      [
        1134,
        21
      ],
      [
        1280,
        21
      ],
      [
        1280,
        111
      ],
      [
        1134,
        111
      ]
    ]
  },
  {
    "transcription": "M\u1edaI",
    "points": [
      [
        813,
        6
      ],
      [
        925,
        6
      ],
      [
        925,
        112
      ],
      [
        813,
        112
      ]
    ]
  },
  {
    "transcription": "H\u1eccC",
    "points": [
      [
        684,
        26
      ],
      [
        800,
        26
      ],
      [
        800,
        132
      ],
      [
        684,
        132
      ]
    ]
  },
  {
    "transcription": "M\u00d9NG",
    "points": [
      [
        352,
        7
      ],
      [
        528,
        7
      ],
      [
        528,
        113
      ],
      [
        352,
        113
      ]
    ]
  },
  {
    "transcription": "N\u0102M",
    "points": [
      [
        538,
        11
      ],
      [
        670,
        11
      ],
      [
        670,
        113
      ],
      [
        538,
        113
      ]
    ]
  },
  {
    "transcription": "CH\u00c0O",
    "points": [
      [
        187,
        6
      ],
      [
        343,
        6
      ],
      [
        343,
        112
      ],
      [
        187,
        112
      ]
    ]
  }
]