[
  {
    "transcription": "T\u00f9ng",
    "points": [
      [
        34,
        10
      ],
      [
        141,
        23
      ],
      [
        140,
        66
      ],
      [
        31,
        55
      ]
    ]
  },
  {
    "transcription": "D\u1ee4NG",
    "points": [
      [
        167,
        74
      ],
      [
        271,
        79
      ],
      [
        272,
        149
      ],
      [
        167,
        145
      ]
    ]
  },
  {
    "transcription": "GIA",
    "points": [
      [
        87,
        74
      ],
      [
        154,
        73
      ],
      [
        156,
        139
      ],
      [
        88,
        140
      ]
    ]
  },
  {
    "transcription": "L\u00e2m",
    "points": [
      [
        152,
        21
      ],
      [
        232,
        27
      ],
      [
        230,
        63
      ],
      [
        147,
        59
      ]
    ]
  },
  {
    "transcription": "\u0110O",
    "points": [
      [
        18,
        76
      ],
      [
        74,
        76
      ],
      [
        75,
        142
      ],
      [
        18,
        142
      ]
    ]
  },
  {
    "transcription": "T\u00f9ng",
    "points": [
      [
        41,
        15
      ],
      [
        141,
        15
      ],
      [
        141,
        67
      ],
      [
        41,
        67
      ]
    ]
  },
  {
    "transcription": "L\u00e2m",
    "points": [
      [
        147,
        22
      ],
      [
        231,
        22
      ],
      [
        231,
        62
      ],
      [
        147,
        62
      ]
    ]
  },
  {
    "transcription": "GIA",
    "points": [
      [
        89,
        70
      ],
      [
        155,
        70
      ],
      [
        155,
        140
      ],
      [
        89,
        140
      ]
    ]
  },
  {
    "transcription": "\u0110\u1ed2",
    "points": [
      [
        18,
        54
      ],
      [
        76,
        54
      ],
      [
        76,
        140
      ],
      [
        18,
        140
      ]
    ]
  },
  {
    "transcription": "D\u1ee4NG",
    "points": [
      [
        167,
        75
      ],
      [
        269,
        75
      ],
      [
        269,
        153
      ],
      [
        167,
        153
      ]
    ]
  }
]