[
  {
    "transcription": "LI\u1ec6T",
    "points": [
      [
        284,
        5
      ],
      [
        335,
        6
      ],
      [
        334,
        46
      ],
      [
        284,
        45
      ]
    ]
  },
  {
    "transcription": "C\u1ea0P.",
    "points": [
      [
        124,
        7
      ],
      [
        176,
        8
      ],
      [
        176,
        40
      ],
      [
        124,
        40
      ]
    ]
  },
  {
    "transcription": "PH\u01af\u01a0NG",
    "points": [
      [
        181,
        8
      ],
      [
        279,
        8
      ],
      [
        280,
        41
      ],
      [
        181,
        41
      ]
    ]
  },
  {
    "transcription": "8693",
    "points": [
      [
        230,
        50
      ],
      [
        282,
        49
      ],
      [
        281,
        81
      ],
      [
        230,
        81
      ]
    ]
  },
  {
    "transcription": "0243.",
    "points": [
      [
        173,
        49
      ],
      [
        228,
        50
      ],
      [
        228,
        80
      ],
      [
        173,
        80
      ]
    ]
  },
  {
    "transcription": "28",
    "points": [
      [
        298,
        51
      ],
      [
        326,
        52
      ],
      [
        326,
        81
      ],
      [
        298,
        80
      ]
    ]
  },
  {
    "transcription": "-",
    "points": [
      [
        224,
        68
      ],
      [
        230,
        68
      ],
      [
        229,
        81
      ],
      [
        224,
        81
      ]
    ]
  },
  {
    "transcription": "3",
    "points": [
      [
        211,
        49
      ],
      [
        226,
        49
      ],
      [
        226,
        80
      ],
      [
        210,
        80
      ]
    ]
  },
  {
    "transcription": "-",
    "points": [
      [
        281,
        69
      ],
      [
        287,
        70
      ],
      [
        287,
        82
      ],
      [
        281,
        81
      ]
    ]
  }
]