[
  {
    "transcription": "H\u0110ND",
    "points": [
      [
        124,
        96
      ],
      [
        178,
        96
      ],
      [
        178,
        117
      ],
      [
        124,
        117
      ]
    ]
  },
  {
    "transcription": "\u0110\u00d3NG",
    "points": [
      [
        62,
        150
      ],
      [
        91,
        150
      ],
      [
        91,
        162
      ],
      [
        62,
        162
      ]
    ]
  },
  {
    "transcription": "UBND",
    "points": [
      [
        193,
        96
      ],
      [
        247,
        96
      ],
      [
        247,
        117
      ],
      [
        193,
        117
      ]
    ]
  },
  {
    "transcription": "\u0110\u1ea2NG",
    "points": [
      [
        26,
        90
      ],
      [
        79,
        90
      ],
      [
        79,
        117
      ],
      [
        25,
        117
      ]
    ]
  },
  {
    "transcription": "\u1ee6Y",
    "points": [
      [
        81,
        90
      ],
      [
        109,
        90
      ],
      [
        108,
        117
      ],
      [
        81,
        117
      ]
    ]
  },
  {
    "transcription": "C\u1ed4",
    "points": [
      [
        161,
        148
      ],
      [
        178,
        148
      ],
      [
        177,
        163
      ],
      [
        161,
        163
      ]
    ]
  },
  {
    "transcription": "S\u1ede",
    "points": [
      [
        150,
        69
      ],
      [
        199,
        69
      ],
      [
        199,
        90
      ],
      [
        150,
        90
      ]
    ]
  },
  {
    "transcription": "C\u1ed4",
    "points": [
      [
        183,
        116
      ],
      [
        213,
        117
      ],
      [
        212,
        144
      ],
      [
        183,
        144
      ]
    ]
  },
  {
    "transcription": "KHU",
    "points": [
      [
        41,
        151
      ],
      [
        61,
        151
      ],
      [
        61,
        162
      ],
      [
        41,
        162
      ]
    ]
  },
  {
    "transcription": "PH\u01af\u1edcNG",
    "points": [
      [
        58,
        119
      ],
      [
        139,
        119
      ],
      [
        138,
        144
      ],
      [
        58,
        144
      ]
    ]
  },
  {
    "transcription": "C\u00c1I",
    "points": [
      [
        228,
        150
      ],
      [
        245,
        149
      ],
      [
        245,
        162
      ],
      [
        228,
        163
      ]
    ]
  },
  {
    "transcription": "TR\u1ee4",
    "points": [
      [
        79,
        72
      ],
      [
        143,
        72
      ],
      [
        143,
        93
      ],
      [
        80,
        92
      ]
    ]
  },
  {
    "transcription": "TH\u1ecaNH",
    "points": [
      [
        92,
        151
      ],
      [
        122,
        151
      ],
      [
        123,
        162
      ],
      [
        93,
        162
      ]
    ]
  },
  {
    "transcription": "TR\u00c0",
    "points": [
      [
        139,
        150
      ],
      [
        160,
        150
      ],
      [
        160,
        162
      ],
      [
        139,
        162
      ]
    ]
  },
  {
    "transcription": "TR\u00c0",
    "points": [
      [
        142,
        120
      ],
      [
        179,
        120
      ],
      [
        180,
        144
      ],
      [
        142,
        144
      ]
    ]
  },
  {
    "transcription": "M\u00d3NG",
    "points": [
      [
        198,
        150
      ],
      [
        227,
        150
      ],
      [
        227,
        162
      ],
      [
        198,
        162
      ]
    ]
  },
  {
    "transcription": "\u0110C:",
    "points": [
      [
        22,
        151
      ],
      [
        40,
        151
      ],
      [
        40,
        163
      ],
      [
        22,
        163
      ]
    ]
  },
  {
    "transcription": "P.",
    "points": [
      [
        129,
        151
      ],
      [
        139,
        151
      ],
      [
        139,
        163
      ],
      [
        130,
        162
      ]
    ]
  },
  {
    "transcription": "-",
    "points": [
      [
        111,
        102
      ],
      [
        121,
        102
      ],
      [
        121,
        111
      ],
      [
        111,
        111
      ]
    ]
  },
  {
    "transcription": "-",
    "points": [
      [
        181,
        102
      ],
      [
        191,
        102
      ],
      [
        191,
        111
      ],
      [
        181,
        111
      ]
    ]
  },
  {
    "transcription": "TP",
    "points": [
      [
        185,
        153
      ],
      [
        197,
        153
      ],
      [
        197,
        161
      ],
      [
        185,
        161
      ]
    ]
  },
  {
    "transcription": "P",
    "points": [
      [
        131,
        153
      ],
      [
        137,
        153
      ],
      [
        137,
        161
      ],
      [
        131,
        161
      ]
    ]
  },
  {
    "transcription": "M\u00d3NG",
    "points": [
      [
        199,
        151
      ],
      [
        225,
        151
      ],
      [
        225,
        163
      ],
      [
        199,
        163
      ]
    ]
  },
  {
    "transcription": "\u0110C:",
    "points": [
      [
        23,
        152
      ],
      [
        39,
        152
      ],
      [
        39,
        162
      ],
      [
        23,
        162
      ]
    ]
  },
  {
    "transcription": "C\u1ed4",
    "points": [
      [
        162,
        148
      ],
      [
        176,
        148
      ],
      [
        176,
        162
      ],
      [
        162,
        162
      ]
    ]
  },
  {
    "transcription": "TR\u00c0",
    "points": [
      [
        140,
        151
      ],
      [
        158,
        151
      ],
      [
        158,
        163
      ],
      [
        140,
        163
      ]
    ]
  },
  {
    "transcription": "\u0110\u00d3NG",
    "points": [
      [
        62,
        151
      ],
      [
        90,
        151
      ],
      [
        90,
        161
      ],
      [
        62,
        161
      ]
    ]
  },
  {
    "transcription": "TH\u1ecaNH",
    "points": [
      [
        93,
        152
      ],
      [
        121,
        152
      ],
      [
        121,
        162
      ],
      [
        93,
        162
      ]
    ]
  },
  {
    "transcription": "\u1ee6Y",
    "points": [
      [
        82,
        90
      ],
      [
        108,
        90
      ],
      [
        108,
        116
      ],
      [
        82,
        116
      ]
    ]
  },
  {
    "transcription": "C\u1ed4",
    "points": [
      [
        183,
        116
      ],
      [
        213,
        116
      ],
      [
        213,
        144
      ],
      [
        183,
        144
      ]
    ]
  },
  {
    "transcription": "UBND",
    "points": [
      [
        194,
        97
      ],
      [
        246,
        97
      ],
      [
        246,
        117
      ],
      [
        194,
        117
      ]
    ]
  },
  {
    "transcription": "TR\u1ee4",
    "points": [
      [
        80,
        73
      ],
      [
        142,
        73
      ],
      [
        142,
        93
      ],
      [
        80,
        93
      ]
    ]
  },
  {
    "transcription": "S\u1ede",
    "points": [
      [
        151,
        69
      ],
      [
        197,
        69
      ],
      [
        197,
        89
      ],
      [
        151,
        89
      ]
    ]
  },
  {
    "transcription": "PH\u01af\u1edcNG",
    "points": [
      [
        60,
        121
      ],
      [
        138,
        121
      ],
      [
        138,
        143
      ],
      [
        60,
        143
      ]
    ]
  },
  {
    "transcription": "H\u0110ND",
    "points": [
      [
        124,
        97
      ],
      [
        178,
        97
      ],
      [
        178,
        117
      ],
      [
        124,
        117
      ]
    ]
  },
  {
    "transcription": "TR\u00c0",
    "points": [
      [
        142,
        121
      ],
      [
        180,
        121
      ],
      [
        180,
        143
      ],
      [
        142,
        143
      ]
    ]
  },
  {
    "transcription": "\u0110\u1ea2NG",
    "points": [
      [
        24,
        92
      ],
      [
        78,
        92
      ],
      [
        78,
        118
      ],
      [
        24,
        118
      ]
    ]
  }
]