[
  {
    "transcription": "M\u1ee4N",
    "points": [
      [
        303,
        17
      ],
      [
        366,
        17
      ],
      [
        366,
        62
      ],
      [
        303,
        62
      ]
    ]
  },
  {
    "transcription": "\u0110I\u1ec0U",
    "points": [
      [
        193,
        11
      ],
      [
        254,
        11
      ],
      [
        254,
        56
      ],
      [
        194,
        56
      ]
    ]
  },
  {
    "transcription": "CH\u0102M",
    "points": [
      [
        0,
        14
      ],
      [
        74,
        14
      ],
      [
        74,
        57
      ],
      [
        0,
        57
      ]
    ]
  },
  {
    "transcription": "DA",
    "points": [
      [
        136,
        20
      ],
      [
        173,
        20
      ],
      [
        174,
        58
      ],
      [
        137,
        58
      ]
    ]
  },
  {
    "transcription": "TR\u1eca",
    "points": [
      [
        258,
        19
      ],
      [
        300,
        19
      ],
      [
        301,
        62
      ],
      [
        258,
        62
      ]
    ]
  },
  {
    "transcription": "S\u00d3C",
    "points": [
      [
        80,
        15
      ],
      [
        131,
        14
      ],
      [
        131,
        57
      ],
      [
        80,
        56
      ]
    ]
  },
  {
    "transcription": "-",
    "points": [
      [
        178,
        35
      ],
      [
        190,
        34
      ],
      [
        190,
        46
      ],
      [
        178,
        47
      ]
    ]
  },
  {
    "transcription": "CH\u0102M",
    "points": [
      [
        2,
        14
      ],
      [
        74,
        14
      ],
      [
        74,
        58
      ],
      [
        2,
        58
      ]
    ]
  },
  {
    "transcription": "TR\u1eca",
    "points": [
      [
        261,
        17
      ],
      [
        299,
        17
      ],
      [
        299,
        61
      ],
      [
        261,
        61
      ]
    ]
  },
  {
    "transcription": "\u0110I\u1ec0U",
    "points": [
      [
        196,
        11
      ],
      [
        252,
        11
      ],
      [
        252,
        57
      ],
      [
        196,
        57
      ]
    ]
  },
  {
    "transcription": "M\u1ee4N",
    "points": [
      [
        305,
        18
      ],
      [
        367,
        18
      ],
      [
        367,
        62
      ],
      [
        305,
        62
      ]
    ]
  },
  {
    "transcription": "DA",
    "points": [
      [
        137,
        18
      ],
      [
        173,
        18
      ],
      [
        173,
        58
      ],
      [
        137,
        58
      ]
    ]
  },
  {
    "transcription": "S\u00d3C",
    "points": [
      [
        81,
        15
      ],
      [
        131,
        15
      ],
      [
        131,
        57
      ],
      [
        81,
        57
      ]
    ]
  }
]