[
  {
    "transcription": "\u0110\u1ed8NG",
    "points": [
      [
        601,
        7
      ],
      [
        813,
        9
      ],
      [
        816,
        89
      ],
      [
        600,
        89
      ]
    ]
  },
  {
    "transcription": "TY",
    "points": [
      [
        299,
        14
      ],
      [
        407,
        14
      ],
      [
        406,
        82
      ],
      [
        300,
        82
      ]
    ]
  },
  {
    "transcription": "S\u1ea2N",
    "points": [
      [
        832,
        8
      ],
      [
        983,
        12
      ],
      [
        986,
        88
      ],
      [
        832,
        88
      ]
    ]
  },
  {
    "transcription": "C\u00d4NG",
    "points": [
      [
        61,
        2
      ],
      [
        279,
        3
      ],
      [
        280,
        79
      ],
      [
        60,
        81
      ]
    ]
  },
  {
    "transcription": "B\u1ea4T",
    "points": [
      [
        427,
        2
      ],
      [
        579,
        2
      ],
      [
        579,
        84
      ],
      [
        426,
        83
      ]
    ]
  },
  {
    "transcription": "TY",
    "points": [
      [
        299,
        14
      ],
      [
        409,
        14
      ],
      [
        409,
        78
      ],
      [
        299,
        78
      ]
    ]
  },
  {
    "transcription": "S\u1ea2N",
    "points": [
      [
        831,
        10
      ],
      [
        985,
        10
      ],
      [
        985,
        86
      ],
      [
        831,
        86
      ]
    ]
  },
  {
    "transcription": "B\u1ea4T",
    "points": [
      [
        426,
        4
      ],
      [
        578,
        4
      ],
      [
        578,
        82
      ],
      [
        426,
        82
      ]
    ]
  },
  {
    "transcription": "\u0110\u1ed8NG",
    "points": [
      [
        601,
        8
      ],
      [
        813,
        8
      ],
      [
        813,
        92
      ],
      [
        601,
        92
      ]
    ]
  },
  {
    "transcription": "C\u00d4NG",
    "points": [
      [
        63,
        1
      ],
      [
        273,
        1
      ],
      [
        273,
        79
      ],
      [
        63,
        79
      ]
    ]
  }
]