[
  {
    "transcription": "Nh\u00e0",
    "points": [
      [
        66,
        81
      ],
      [
        264,
        79
      ],
      [
        266,
        151
      ],
      [
        66,
        155
      ]
    ]
  },
  {
    "transcription": "Ng",
    "points": [
      [
        291,
        78
      ],
      [
        421,
        81
      ],
      [
        421,
        157
      ],
      [
        291,
        153
      ]
    ]
  },
  {
    "transcription": "3",
    "points": [
      [
        422,
        163
      ],
      [
        456,
        163
      ],
      [
        455,
        212
      ],
      [
        420,
        212
      ]
    ]
  },
  {
    "transcription": "HI\u1ec0N",
    "points": [
      [
        125,
        156
      ],
      [
        261,
        154
      ],
      [
        264,
        218
      ],
      [
        125,
        221
      ]
    ]
  },
  {
    "transcription": "QU\u00dd3",
    "points": [
      [
        278,
        162
      ],
      [
        440,
        157
      ],
      [
        439,
        214
      ],
      [
        279,
        218
      ]
    ]
  },
  {
    "transcription": "h\u1ec9",
    "points": [
      [
        426,
        71
      ],
      [
        521,
        66
      ],
      [
        523,
        139
      ],
      [
        430,
        145
      ]
    ]
  },
  {
    "transcription": "NG",
    "points": [
      [
        541,
        200
      ],
      [
        565,
        200
      ],
      [
        565,
        230
      ],
      [
        541,
        230
      ]
    ]
  },
  {
    "transcription": "C",
    "points": [
      [
        566,
        190
      ],
      [
        574,
        190
      ],
      [
        574,
        226
      ],
      [
        566,
        226
      ]
    ]
  },
  {
    "transcription": "QU\u00dd3",
    "points": [
      [
        278,
        163
      ],
      [
        458,
        163
      ],
      [
        458,
        219
      ],
      [
        278,
        219
      ]
    ]
  },
  {
    "transcription": "Ngh\u1ec9",
    "points": [
      [
        288,
        64
      ],
      [
        524,
        64
      ],
      [
        524,
        156
      ],
      [
        288,
        156
      ]
    ]
  },
  {
    "transcription": "Nh\u00e0",
    "points": [
      [
        69,
        82
      ],
      [
        265,
        82
      ],
      [
        265,
        150
      ],
      [
        69,
        150
      ]
    ]
  },
  {
    "transcription": "HI\u1ec0N",
    "points": [
      [
        128,
        153
      ],
      [
        262,
        153
      ],
      [
        262,
        221
      ],
      [
        128,
        221
      ]
    ]
  }
]