[
  {
    "transcription": "X\u00c0O",
    "points": [
      [
        330,
        214
      ],
      [
        428,
        206
      ],
      [
        428,
        360
      ],
      [
        326,
        377
      ]
    ]
  },
  {
    "transcription": "th\u00e1ch",
    "points": [
      [
        252,
        447
      ],
      [
        302,
        429
      ],
      [
        301,
        463
      ],
      [
        251,
        480
      ]
    ]
  },
  {
    "transcription": "RANG",
    "points": [
      [
        274,
        61
      ],
      [
        439,
        52
      ],
      [
        438,
        153
      ],
      [
        273,
        163
      ]
    ]
  },
  {
    "transcription": "Ch\u00e1c",
    "points": [
      [
        99,
        505
      ],
      [
        165,
        483
      ],
      [
        166,
        520
      ],
      [
        98,
        545
      ]
    ]
  },
  {
    "transcription": "2",
    "points": [
      [
        241,
        185
      ],
      [
        269,
        184
      ],
      [
        268,
        219
      ],
      [
        240,
        220
      ]
    ]
  },
  {
    "transcription": "Ni\u1ec7m",
    "points": [
      [
        366,
        402
      ],
      [
        422,
        387
      ],
      [
        421,
        422
      ],
      [
        363,
        438
      ]
    ]
  },
  {
    "transcription": "Kh\u00e1nh",
    "points": [
      [
        226,
        453
      ],
      [
        301,
        425
      ],
      [
        302,
        462
      ],
      [
        225,
        495
      ]
    ]
  },
  {
    "transcription": "PH\u1ede",
    "points": [
      [
        113,
        215
      ],
      [
        284,
        178
      ],
      [
        282,
        309
      ],
      [
        114,
        340
      ]
    ]
  },
  {
    "transcription": "Ngm",
    "points": [
      [
        304,
        426
      ],
      [
        361,
        412
      ],
      [
        362,
        442
      ],
      [
        305,
        462
      ]
    ]
  },
  {
    "transcription": "!",
    "points": [
      [
        420,
        386
      ],
      [
        429,
        384
      ],
      [
        426,
        413
      ],
      [
        418,
        414
      ]
    ]
  },
  {
    "transcription": "C\u01a0M",
    "points": [
      [
        98,
        61
      ],
      [
        262,
        51
      ],
      [
        266,
        172
      ],
      [
        100,
        184
      ]
    ]
  },
  {
    "transcription": "0",
    "points": [
      [
        307,
        424
      ],
      [
        322,
        421
      ],
      [
        320,
        456
      ],
      [
        305,
        457
      ]
    ]
  },
  {
    "transcription": "M\u1ef8",
    "points": [
      [
        118,
        363
      ],
      [
        248,
        319
      ],
      [
        247,
        436
      ],
      [
        119,
        475
      ]
    ]
  },
  {
    "transcription": "Qu\u00fd",
    "points": [
      [
        172,
        472
      ],
      [
        222,
        461
      ],
      [
        220,
        506
      ],
      [
        170,
        516
      ]
    ]
  }
]