[
  {
    "transcription": "HI\u1ec2M",
    "points": [
      [
        63,
        70
      ],
      [
        100,
        62
      ],
      [
        100,
        90
      ],
      [
        62,
        97
      ]
    ]
  },
  {
    "transcription": "N\u00d3N",
    "points": [
      [
        103,
        63
      ],
      [
        137,
        57
      ],
      [
        137,
        82
      ],
      [
        103,
        89
      ]
    ]
  },
  {
    "transcription": "S\u01a0N",
    "points": [
      [
        141,
        56
      ],
      [
        175,
        50
      ],
      [
        175,
        75
      ],
      [
        141,
        81
      ]
    ]
  },
  {
    "transcription": "M\u1eaaU",
    "points": [
      [
        21,
        106
      ],
      [
        54,
        104
      ],
      [
        53,
        131
      ],
      [
        21,
        134
      ]
    ]
  },
  {
    "transcription": "000\u0110",
    "points": [
      [
        273,
        39
      ],
      [
        370,
        22
      ],
      [
        372,
        73
      ],
      [
        277,
        88
      ]
    ]
  },
  {
    "transcription": "B\u1ea2O",
    "points": [
      [
        33,
        76
      ],
      [
        59,
        74
      ],
      [
        58,
        100
      ],
      [
        31,
        102
      ]
    ]
  },
  {
    "transcription": "M\u0168",
    "points": [
      [
        7,
        82
      ],
      [
        31,
        81
      ],
      [
        29,
        106
      ],
      [
        6,
        107
      ]
    ]
  },
  {
    "transcription": "M\u1edaI",
    "points": [
      [
        117,
        91
      ],
      [
        151,
        87
      ],
      [
        151,
        113
      ],
      [
        117,
        118
      ]
    ]
  },
  {
    "transcription": "www",
    "points": [
      [
        35,
        137
      ],
      [
        64,
        133
      ],
      [
        64,
        142
      ],
      [
        36,
        146
      ]
    ]
  },
  {
    "transcription": "GI\u00c1",
    "points": [
      [
        86,
        97
      ],
      [
        114,
        93
      ],
      [
        114,
        120
      ],
      [
        87,
        123
      ]
    ]
  },
  {
    "transcription": "M\u1edaI",
    "points": [
      [
        55,
        104
      ],
      [
        84,
        99
      ],
      [
        84,
        124
      ],
      [
        55,
        128
      ]
    ]
  },
  {
    "transcription": "nonson.vn",
    "points": [
      [
        64,
        131
      ],
      [
        126,
        123
      ],
      [
        126,
        134
      ],
      [
        65,
        142
      ]
    ]
  },
  {
    "transcription": "250.000",
    "points": [
      [
        202,
        51
      ],
      [
        373,
        17
      ],
      [
        376,
        71
      ],
      [
        204,
        102
      ]
    ]
  },
  {
    "transcription": "M\u1eaaU",
    "points": [
      [
        23,
        102
      ],
      [
        53,
        102
      ],
      [
        53,
        132
      ],
      [
        23,
        132
      ]
    ]
  },
  {
    "transcription": "M\u0168",
    "points": [
      [
        8,
        80
      ],
      [
        30,
        80
      ],
      [
        30,
        106
      ],
      [
        8,
        106
      ]
    ]
  },
  {
    "transcription": "GI\u00c1",
    "points": [
      [
        86,
        92
      ],
      [
        112,
        92
      ],
      [
        112,
        122
      ],
      [
        86,
        122
      ]
    ]
  },
  {
    "transcription": "M\u1edaI",
    "points": [
      [
        55,
        99
      ],
      [
        83,
        99
      ],
      [
        83,
        127
      ],
      [
        55,
        127
      ]
    ]
  },
  {
    "transcription": "B\u1ea2O",
    "points": [
      [
        33,
        74
      ],
      [
        59,
        74
      ],
      [
        59,
        102
      ],
      [
        33,
        102
      ]
    ]
  },
  {
    "transcription": "000\u0110",
    "points": [
      [
        267,
        18
      ],
      [
        371,
        18
      ],
      [
        371,
        88
      ],
      [
        267,
        88
      ]
    ]
  },
  {
    "transcription": "250",
    "points": [
      [
        200,
        42
      ],
      [
        260,
        42
      ],
      [
        260,
        100
      ],
      [
        200,
        100
      ]
    ]
  },
  {
    "transcription": "N\u00d3N",
    "points": [
      [
        104,
        56
      ],
      [
        136,
        56
      ],
      [
        136,
        88
      ],
      [
        104,
        88
      ]
    ]
  },
  {
    "transcription": "HI\u1ec2M",
    "points": [
      [
        62,
        61
      ],
      [
        100,
        61
      ],
      [
        100,
        95
      ],
      [
        62,
        95
      ]
    ]
  },
  {
    "transcription": "M\u1edaI",
    "points": [
      [
        118,
        85
      ],
      [
        148,
        85
      ],
      [
        148,
        117
      ],
      [
        118,
        117
      ]
    ]
  },
  {
    "transcription": "S\u01a0N",
    "points": [
      [
        141,
        51
      ],
      [
        171,
        51
      ],
      [
        171,
        79
      ],
      [
        141,
        79
      ]
    ]
  }
]