[
  {
    "transcription": "KHOA",
    "points": [
      [
        340,
        59
      ],
      [
        446,
        60
      ],
      [
        450,
        100
      ],
      [
        342,
        100
      ]
    ]
  },
  {
    "transcription": "KH\u00c1M",
    "points": [
      [
        152,
        54
      ],
      [
        269,
        53
      ],
      [
        270,
        101
      ],
      [
        152,
        101
      ]
    ]
  },
  {
    "transcription": "VI\u1ec6T",
    "points": [
      [
        517,
        50
      ],
      [
        602,
        52
      ],
      [
        605,
        107
      ],
      [
        521,
        103
      ]
    ]
  },
  {
    "transcription": "\u0110A",
    "points": [
      [
        277,
        63
      ],
      [
        330,
        62
      ],
      [
        336,
        100
      ],
      [
        278,
        100
      ]
    ]
  },
  {
    "transcription": "\u00c2U",
    "points": [
      [
        456,
        54
      ],
      [
        510,
        52
      ],
      [
        512,
        98
      ],
      [
        456,
        100
      ]
    ]
  },
  {
    "transcription": "PH\u00d2NG",
    "points": [
      [
        12,
        50
      ],
      [
        145,
        53
      ],
      [
        145,
        103
      ],
      [
        8,
        104
      ]
    ]
  },
  {
    "transcription": "\u0110A",
    "points": [
      [
        277,
        61
      ],
      [
        333,
        61
      ],
      [
        333,
        99
      ],
      [
        277,
        99
      ]
    ]
  },
  {
    "transcription": "\u00c2U",
    "points": [
      [
        458,
        55
      ],
      [
        512,
        55
      ],
      [
        512,
        97
      ],
      [
        458,
        97
      ]
    ]
  },
  {
    "transcription": "KHOA",
    "points": [
      [
        340,
        62
      ],
      [
        448,
        62
      ],
      [
        448,
        98
      ],
      [
        340,
        98
      ]
    ]
  },
  {
    "transcription": "VI\u1ec6T",
    "points": [
      [
        516,
        53
      ],
      [
        604,
        53
      ],
      [
        604,
        107
      ],
      [
        516,
        107
      ]
    ]
  },
  {
    "transcription": "KH\u00c1M",
    "points": [
      [
        152,
        55
      ],
      [
        268,
        55
      ],
      [
        268,
        101
      ],
      [
        152,
        101
      ]
    ]
  },
  {
    "transcription": "PH\u00d2NG",
    "points": [
      [
        6,
        55
      ],
      [
        144,
        55
      ],
      [
        144,
        103
      ],
      [
        6,
        103
      ]
    ]
  }
]