[
  {
    "transcription": "N\u1ed0T",
    "points": [
      [
        57,
        5
      ],
      [
        108,
        4
      ],
      [
        108,
        53
      ],
      [
        57,
        54
      ]
    ]
  },
  {
    "transcription": "G\u1ed8I",
    "points": [
      [
        194,
        8
      ],
      [
        240,
        8
      ],
      [
        240,
        58
      ],
      [
        194,
        58
      ]
    ]
  },
  {
    "transcription": "\u0110\u1ea6U",
    "points": [
      [
        245,
        5
      ],
      [
        299,
        4
      ],
      [
        299,
        53
      ],
      [
        244,
        53
      ]
    ]
  },
  {
    "transcription": "-",
    "points": [
      [
        178,
        18
      ],
      [
        191,
        17
      ],
      [
        191,
        55
      ],
      [
        178,
        56
      ]
    ]
  },
  {
    "transcription": "RU\u1ed2I",
    "points": [
      [
        113,
        4
      ],
      [
        175,
        3
      ],
      [
        175,
        53
      ],
      [
        113,
        53
      ]
    ]
  },
  {
    "transcription": "T\u1ea8Y",
    "points": [
      [
        2,
        3
      ],
      [
        53,
        3
      ],
      [
        54,
        53
      ],
      [
        2,
        53
      ]
    ]
  }
]