[
  {
    "transcription": "CANIFE",
    "points": [
      [
        76,
        34
      ],
      [
        988,
        0
      ],
      [
        969,
        345
      ],
      [
        52,
        376
      ]
    ]
  },
  {
    "transcription": "CAN",
    "points": [
      [
        72,
        58
      ],
      [
        592,
        46
      ],
      [
        590,
        379
      ],
      [
        73,
        387
      ]
    ]
  },
  {
    "transcription": "OFFA",
    "points": [
      [
        593,
        15
      ],
      [
        1105,
        7
      ],
      [
        1108,
        349
      ],
      [
        591,
        358
      ]
    ]
  }
]