[
  {
    "transcription": "Qu\u00e1n",
    "points": [
      [
        332,
        148
      ],
      [
        460,
        157
      ],
      [
        460,
        228
      ],
      [
        332,
        224
      ]
    ]
  },
  {
    "transcription": "L\u1ea0C",
    "points": [
      [
        115,
        132
      ],
      [
        286,
        135
      ],
      [
        288,
        225
      ],
      [
        115,
        224
      ]
    ]
  },
  {
    "transcription": "L\u1ea0CH",
    "points": [
      [
        111,
        131
      ],
      [
        317,
        131
      ],
      [
        317,
        237
      ],
      [
        111,
        237
      ]
    ]
  },
  {
    "transcription": "Qu\u00e1n",
    "points": [
      [
        329,
        150
      ],
      [
        461,
        150
      ],
      [
        461,
        226
      ],
      [
        329,
        226
      ]
    ]
  }
]