[
  {
    "transcription": "K\u1ebe",
    "points": [
      [
        334,
        88
      ],
      [
        375,
        88
      ],
      [
        375,
        126
      ],
      [
        334,
        126
      ]
    ]
  },
  {
    "transcription": "S\u1ede",
    "points": [
      [
        287,
        89
      ],
      [
        332,
        89
      ],
      [
        332,
        125
      ],
      [
        287,
        126
      ]
    ]
  },
  {
    "transcription": "TNHH",
    "points": [
      [
        648,
        202
      ],
      [
        827,
        203
      ],
      [
        828,
        292
      ],
      [
        648,
        290
      ]
    ]
  },
  {
    "transcription": "N\u1ed8I",
    "points": [
      [
        857,
        86
      ],
      [
        914,
        85
      ],
      [
        915,
        127
      ],
      [
        857,
        128
      ]
    ]
  },
  {
    "transcription": "C\u00d4NG",
    "points": [
      [
        368,
        193
      ],
      [
        541,
        193
      ],
      [
        542,
        291
      ],
      [
        368,
        291
      ]
    ]
  },
  {
    "transcription": "H\u00c0",
    "points": [
      [
        807,
        86
      ],
      [
        851,
        86
      ],
      [
        854,
        123
      ],
      [
        807,
        123
      ]
    ]
  },
  {
    "transcription": "TY",
    "points": [
      [
        552,
        204
      ],
      [
        639,
        203
      ],
      [
        638,
        291
      ],
      [
        554,
        291
      ]
    ]
  },
  {
    "transcription": "T\u01af",
    "points": [
      [
        582,
        89
      ],
      [
        626,
        89
      ],
      [
        625,
        124
      ],
      [
        583,
        124
      ]
    ]
  },
  {
    "transcription": "TH\u00c0NH",
    "points": [
      [
        627,
        89
      ],
      [
        734,
        88
      ],
      [
        735,
        123
      ],
      [
        628,
        125
      ]
    ]
  },
  {
    "transcription": "QUANG",
    "points": [
      [
        208,
        337
      ],
      [
        427,
        336
      ],
      [
        427,
        424
      ],
      [
        208,
        424
      ]
    ]
  },
  {
    "transcription": "HO\u1ea0CH",
    "points": [
      [
        377,
        92
      ],
      [
        485,
        92
      ],
      [
        485,
        130
      ],
      [
        377,
        131
      ]
    ]
  },
  {
    "transcription": "&",
    "points": [
      [
        487,
        92
      ],
      [
        510,
        92
      ],
      [
        510,
        124
      ],
      [
        487,
        124
      ]
    ]
  },
  {
    "transcription": "MINH",
    "points": [
      [
        439,
        333
      ],
      [
        609,
        333
      ],
      [
        609,
        425
      ],
      [
        439,
        424
      ]
    ]
  },
  {
    "transcription": "\u0110\u1ea6U",
    "points": [
      [
        513,
        88
      ],
      [
        579,
        87
      ],
      [
        579,
        124
      ],
      [
        513,
        125
      ]
    ]
  },
  {
    "transcription": "PH\u1ed0",
    "points": [
      [
        737,
        86
      ],
      [
        803,
        85
      ],
      [
        803,
        122
      ],
      [
        737,
        123
      ]
    ]
  },
  {
    "transcription": "-",
    "points": [
      [
        622,
        369
      ],
      [
        651,
        370
      ],
      [
        651,
        391
      ],
      [
        622,
        390
      ]
    ]
  },
  {
    "transcription": "LODISTICS",
    "points": [
      [
        667,
        334
      ],
      [
        992,
        334
      ],
      [
        994,
        421
      ],
      [
        667,
        423
      ]
    ]
  },
  {
    "transcription": "-",
    "points": [
      [
        623,
        371
      ],
      [
        651,
        371
      ],
      [
        651,
        385
      ],
      [
        623,
        385
      ]
    ]
  },
  {
    "transcription": "&",
    "points": [
      [
        487,
        93
      ],
      [
        511,
        93
      ],
      [
        511,
        121
      ],
      [
        487,
        121
      ]
    ]
  },
  {
    "transcription": "H\u00c0",
    "points": [
      [
        807,
        87
      ],
      [
        853,
        87
      ],
      [
        853,
        119
      ],
      [
        807,
        119
      ]
    ]
  },
  {
    "transcription": "S\u1ede",
    "points": [
      [
        287,
        89
      ],
      [
        331,
        89
      ],
      [
        331,
        123
      ],
      [
        287,
        123
      ]
    ]
  },
  {
    "transcription": "K\u1ebe",
    "points": [
      [
        335,
        90
      ],
      [
        373,
        90
      ],
      [
        373,
        122
      ],
      [
        335,
        122
      ]
    ]
  },
  {
    "transcription": "PH\u1ed0",
    "points": [
      [
        739,
        88
      ],
      [
        801,
        88
      ],
      [
        801,
        120
      ],
      [
        739,
        120
      ]
    ]
  },
  {
    "transcription": "T\u01af",
    "points": [
      [
        581,
        91
      ],
      [
        625,
        91
      ],
      [
        625,
        121
      ],
      [
        581,
        121
      ]
    ]
  },
  {
    "transcription": "N\u1ed8I",
    "points": [
      [
        858,
        87
      ],
      [
        912,
        87
      ],
      [
        912,
        125
      ],
      [
        858,
        125
      ]
    ]
  },
  {
    "transcription": "\u0110\u1ea6U",
    "points": [
      [
        516,
        90
      ],
      [
        578,
        90
      ],
      [
        578,
        120
      ],
      [
        516,
        120
      ]
    ]
  },
  {
    "transcription": "HO\u1ea0CH",
    "points": [
      [
        377,
        94
      ],
      [
        483,
        94
      ],
      [
        483,
        128
      ],
      [
        377,
        128
      ]
    ]
  },
  {
    "transcription": "TH\u00c0NH",
    "points": [
      [
        629,
        90
      ],
      [
        733,
        90
      ],
      [
        733,
        120
      ],
      [
        629,
        120
      ]
    ]
  },
  {
    "transcription": "LODISTICS",
    "points": [
      [
        670,
        338
      ],
      [
        990,
        338
      ],
      [
        990,
        422
      ],
      [
        670,
        422
      ]
    ]
  },
  {
    "transcription": "TY",
    "points": [
      [
        553,
        210
      ],
      [
        639,
        210
      ],
      [
        639,
        286
      ],
      [
        553,
        286
      ]
    ]
  },
  {
    "transcription": "QUANG",
    "points": [
      [
        213,
        337
      ],
      [
        423,
        337
      ],
      [
        423,
        423
      ],
      [
        213,
        423
      ]
    ]
  },
  {
    "transcription": "TNHH",
    "points": [
      [
        650,
        209
      ],
      [
        822,
        209
      ],
      [
        822,
        285
      ],
      [
        650,
        285
      ]
    ]
  },
  {
    "transcription": "C\u00d4NG",
    "points": [
      [
        372,
        196
      ],
      [
        540,
        196
      ],
      [
        540,
        290
      ],
      [
        372,
        290
      ]
    ]
  },
  {
    "transcription": "MINH",
    "points": [
      [
        440,
        339
      ],
      [
        608,
        339
      ],
      [
        608,
        421
      ],
      [
        440,
        421
      ]
    ]
  }
]