[
  {
    "transcription": "TI\u1ebeNG",
    "points": [
      [
        122,
        142
      ],
      [
        189,
        143
      ],
      [
        189,
        182
      ],
      [
        121,
        179
      ]
    ]
  },
  {
    "transcription": "N\u1eb5ng",
    "points": [
      [
        230,
        240
      ],
      [
        257,
        242
      ],
      [
        256,
        257
      ],
      [
        230,
        254
      ]
    ]
  },
  {
    "transcription": "\u0110a",
    "points": [
      [
        214,
        240
      ],
      [
        228,
        241
      ],
      [
        228,
        253
      ],
      [
        214,
        252
      ]
    ]
  },
  {
    "transcription": "T\u1ebe",
    "points": [
      [
        281,
        192
      ],
      [
        312,
        192
      ],
      [
        311,
        227
      ],
      [
        280,
        226
      ]
    ]
  },
  {
    "transcription": "Nguy\u1ec5n",
    "points": [
      [
        74,
        231
      ],
      [
        114,
        233
      ],
      [
        115,
        249
      ],
      [
        74,
        247
      ]
    ]
  },
  {
    "transcription": "(0236)7304466",
    "points": [
      [
        265,
        240
      ],
      [
        353,
        242
      ],
      [
        353,
        259
      ],
      [
        265,
        257
      ]
    ]
  },
  {
    "transcription": "TR\u1ea0I",
    "points": [
      [
        23,
        139
      ],
      [
        82,
        143
      ],
      [
        82,
        180
      ],
      [
        23,
        176
      ]
    ]
  },
  {
    "transcription": "\u00ca",
    "points": [
      [
        346,
        185
      ],
      [
        356,
        183
      ],
      [
        353,
        196
      ],
      [
        343,
        199
      ]
    ]
  },
  {
    "transcription": "-",
    "points": [
      [
        46,
        234
      ],
      [
        51,
        234
      ],
      [
        50,
        241
      ],
      [
        45,
        240
      ]
    ]
  },
  {
    "transcription": "V\u00e0nLinh,a",
    "points": [
      [
        120,
        234
      ],
      [
        181,
        238
      ],
      [
        181,
        251
      ],
      [
        119,
        249
      ]
    ]
  },
  {
    "transcription": "Ch\u00e1u,",
    "points": [
      [
        184,
        237
      ],
      [
        213,
        240
      ],
      [
        213,
        254
      ],
      [
        184,
        252
      ]
    ]
  },
  {
    "transcription": "H\u00c8",
    "points": [
      [
        86,
        142
      ],
      [
        118,
        143
      ],
      [
        118,
        177
      ],
      [
        86,
        176
      ]
    ]
  },
  {
    "transcription": "V\u0103n",
    "points": [
      [
        116,
        234
      ],
      [
        136,
        235
      ],
      [
        136,
        249
      ],
      [
        116,
        248
      ]
    ]
  },
  {
    "transcription": "H\u00e1i",
    "points": [
      [
        165,
        237
      ],
      [
        183,
        238
      ],
      [
        183,
        250
      ],
      [
        165,
        250
      ]
    ]
  },
  {
    "transcription": "169",
    "points": [
      [
        23,
        229
      ],
      [
        44,
        229
      ],
      [
        43,
        243
      ],
      [
        22,
        242
      ]
    ]
  },
  {
    "transcription": "5",
    "points": [
      [
        49,
        233
      ],
      [
        54,
        233
      ],
      [
        53,
        242
      ],
      [
        48,
        241
      ]
    ]
  },
  {
    "transcription": "\u0110\u1eb2NG",
    "points": [
      [
        96,
        176
      ],
      [
        161,
        178
      ],
      [
        162,
        219
      ],
      [
        95,
        217
      ]
    ]
  },
  {
    "transcription": "C\u1ea4P",
    "points": [
      [
        168,
        185
      ],
      [
        214,
        185
      ],
      [
        213,
        221
      ],
      [
        167,
        221
      ]
    ]
  },
  {
    "transcription": "ANH",
    "points": [
      [
        196,
        154
      ],
      [
        241,
        156
      ],
      [
        239,
        185
      ],
      [
        193,
        183
      ]
    ]
  },
  {
    "transcription": "QU\u1ed0C",
    "points": [
      [
        218,
        188
      ],
      [
        278,
        189
      ],
      [
        277,
        227
      ],
      [
        217,
        226
      ]
    ]
  },
  {
    "transcription": "171",
    "points": [
      [
        53,
        230
      ],
      [
        72,
        231
      ],
      [
        71,
        245
      ],
      [
        52,
        244
      ]
    ]
  }
]