[
  {
    "transcription": "BECAMEX",
    "points": [
      [
        95,
        204
      ],
      [
        571,
        197
      ],
      [
        572,
        280
      ],
      [
        94,
        289
      ]
    ]
  },
  {
    "transcription": "NGHI\u1ec6P",
    "points": [
      [
        731,
        107
      ],
      [
        963,
        102
      ],
      [
        963,
        172
      ],
      [
        730,
        174
      ]
    ]
  },
  {
    "transcription": "PH\u01af\u1edaC",
    "points": [
      [
        923,
        158
      ],
      [
        1291,
        147
      ],
      [
        1292,
        262
      ],
      [
        922,
        269
      ]
    ]
  },
  {
    "transcription": "ANCORA",
    "points": [
      [
        16,
        131
      ],
      [
        46,
        128
      ],
      [
        41,
        359
      ],
      [
        13,
        344
      ]
    ]
  },
  {
    "transcription": "S\u1ed0T",
    "points": [
      [
        658,
        297
      ],
      [
        767,
        297
      ],
      [
        768,
        367
      ],
      [
        658,
        369
      ]
    ]
  },
  {
    "transcription": "B\u00ccNH",
    "points": [
      [
        651,
        175
      ],
      [
        899,
        174
      ],
      [
        900,
        273
      ],
      [
        650,
        277
      ]
    ]
  },
  {
    "transcription": "C\u1ed4NG",
    "points": [
      [
        466,
        298
      ],
      [
        631,
        294
      ],
      [
        632,
        370
      ],
      [
        466,
        373
      ]
    ]
  },
  {
    "transcription": "-",
    "points": [
      [
        583,
        183
      ],
      [
        634,
        185
      ],
      [
        633,
        310
      ],
      [
        582,
        311
      ]
    ]
  },
  {
    "transcription": "KHU",
    "points": [
      [
        406,
        126
      ],
      [
        534,
        122
      ],
      [
        534,
        186
      ],
      [
        407,
        189
      ]
    ]
  },
  {
    "transcription": "C\u00d4NG",
    "points": [
      [
        549,
        117
      ],
      [
        715,
        113
      ],
      [
        716,
        176
      ],
      [
        549,
        182
      ]
    ]
  },
  {
    "transcription": "3",
    "points": [
      [
        748,
        308
      ],
      [
        780,
        308
      ],
      [
        780,
        364
      ],
      [
        747,
        365
      ]
    ]
  }
]