[
  {
    "transcription": "GI\u00d2N",
    "points": [
      [
        225,
        4
      ],
      [
        304,
        4
      ],
      [
        305,
        68
      ],
      [
        225,
        67
      ]
    ]
  },
  {
    "transcription": "CUA",
    "points": [
      [
        105,
        86
      ],
      [
        183,
        86
      ],
      [
        184,
        130
      ],
      [
        105,
        130
      ]
    ]
  },
  {
    "transcription": "\u1ed0C",
    "points": [
      [
        20,
        77
      ],
      [
        76,
        78
      ],
      [
        77,
        133
      ],
      [
        20,
        132
      ]
    ]
  },
  {
    "transcription": "CHU\u1ed8T",
    "points": [
      [
        7,
        7
      ],
      [
        116,
        8
      ],
      [
        115,
        80
      ],
      [
        7,
        75
      ]
    ]
  },
  {
    "transcription": "GH\u1eb8",
    "points": [
      [
        210,
        83
      ],
      [
        289,
        84
      ],
      [
        289,
        137
      ],
      [
        210,
        135
      ]
    ]
  },
  {
    "transcription": "CHI\u00caN",
    "points": [
      [
        122,
        7
      ],
      [
        220,
        8
      ],
      [
        220,
        68
      ],
      [
        122,
        67
      ]
    ]
  },
  {
    "transcription": "-",
    "points": [
      [
        86,
        106
      ],
      [
        97,
        106
      ],
      [
        97,
        123
      ],
      [
        86,
        123
      ]
    ]
  },
  {
    "transcription": "-",
    "points": [
      [
        191,
        105
      ],
      [
        202,
        105
      ],
      [
        202,
        121
      ],
      [
        191,
        121
      ]
    ]
  },
  {
    "transcription": "CUA -",
    "points": [
      [
        106,
        88
      ],
      [
        202,
        88
      ],
      [
        202,
        128
      ],
      [
        106,
        128
      ]
    ]
  },
  {
    "transcription": "GI\u00d2N",
    "points": [
      [
        226,
        4
      ],
      [
        306,
        4
      ],
      [
        306,
        66
      ],
      [
        226,
        66
      ]
    ]
  },
  {
    "transcription": "CHI\u00caN",
    "points": [
      [
        122,
        7
      ],
      [
        218,
        7
      ],
      [
        218,
        67
      ],
      [
        122,
        67
      ]
    ]
  },
  {
    "transcription": "GH\u1eb8",
    "points": [
      [
        212,
        87
      ],
      [
        288,
        87
      ],
      [
        288,
        137
      ],
      [
        212,
        137
      ]
    ]
  },
  {
    "transcription": "CHU\u1ed8T",
    "points": [
      [
        6,
        8
      ],
      [
        116,
        8
      ],
      [
        116,
        80
      ],
      [
        6,
        80
      ]
    ]
  }
]