[
  {
    "transcription": "X\u00c2Y",
    "points": [
      [
        563,
        112
      ],
      [
        675,
        112
      ],
      [
        674,
        199
      ],
      [
        563,
        199
      ]
    ]
  },
  {
    "transcription": "NAM",
    "points": [
      [
        852,
        116
      ],
      [
        982,
        118
      ],
      [
        984,
        195
      ],
      [
        853,
        195
      ]
    ]
  },
  {
    "transcription": "LONG",
    "points": [
      [
        992,
        118
      ],
      [
        1132,
        119
      ],
      [
        1134,
        194
      ],
      [
        992,
        194
      ]
    ]
  },
  {
    "transcription": "H\u00c0",
    "points": [
      [
        939,
        9
      ],
      [
        997,
        9
      ],
      [
        999,
        60
      ],
      [
        940,
        60
      ]
    ]
  },
  {
    "transcription": "S\u1ede",
    "points": [
      [
        182,
        6
      ],
      [
        244,
        6
      ],
      [
        245,
        61
      ],
      [
        182,
        61
      ]
    ]
  },
  {
    "transcription": "D\u1ef0NG",
    "points": [
      [
        684,
        115
      ],
      [
        840,
        114
      ],
      [
        842,
        206
      ],
      [
        686,
        207
      ]
    ]
  },
  {
    "transcription": "TH\u00c0NH",
    "points": [
      [
        703,
        8
      ],
      [
        840,
        8
      ],
      [
        841,
        60
      ],
      [
        704,
        60
      ]
    ]
  },
  {
    "transcription": "K\u1ebe",
    "points": [
      [
        253,
        6
      ],
      [
        310,
        6
      ],
      [
        310,
        62
      ],
      [
        254,
        63
      ]
    ]
  },
  {
    "transcription": "LONG",
    "points": [
      [
        638,
        447
      ],
      [
        858,
        445
      ],
      [
        858,
        511
      ],
      [
        639,
        514
      ]
    ]
  },
  {
    "transcription": "V\u00c0",
    "points": [
      [
        480,
        6
      ],
      [
        544,
        6
      ],
      [
        549,
        60
      ],
      [
        484,
        59
      ]
    ]
  },
  {
    "transcription": "T\u01af",
    "points": [
      [
        651,
        13
      ],
      [
        699,
        13
      ],
      [
        700,
        60
      ],
      [
        652,
        60
      ]
    ]
  },
  {
    "transcription": "PH\u1ed0",
    "points": [
      [
        846,
        7
      ],
      [
        930,
        7
      ],
      [
        931,
        62
      ],
      [
        847,
        62
      ]
    ]
  },
  {
    "transcription": "TNHH",
    "points": [
      [
        393,
        122
      ],
      [
        550,
        123
      ],
      [
        550,
        199
      ],
      [
        394,
        199
      ]
    ]
  },
  {
    "transcription": "C\u00d4NG",
    "points": [
      [
        128,
        114
      ],
      [
        300,
        114
      ],
      [
        300,
        201
      ],
      [
        128,
        201
      ]
    ]
  },
  {
    "transcription": "HO\u1ea0CH",
    "points": [
      [
        314,
        13
      ],
      [
        472,
        13
      ],
      [
        473,
        70
      ],
      [
        314,
        71
      ]
    ]
  },
  {
    "transcription": "NAM",
    "points": [
      [
        451,
        453
      ],
      [
        632,
        450
      ],
      [
        633,
        520
      ],
      [
        452,
        524
      ]
    ]
  },
  {
    "transcription": "\u0110\u1ea6U",
    "points": [
      [
        554,
        6
      ],
      [
        643,
        6
      ],
      [
        644,
        60
      ],
      [
        555,
        60
      ]
    ]
  },
  {
    "transcription": "N\u1ed8I",
    "points": [
      [
        1004,
        10
      ],
      [
        1077,
        10
      ],
      [
        1080,
        69
      ],
      [
        1005,
        69
      ]
    ]
  },
  {
    "transcription": "TY",
    "points": [
      [
        310,
        125
      ],
      [
        382,
        125
      ],
      [
        381,
        199
      ],
      [
        311,
        198
      ]
    ]
  },
  {
    "transcription": "T\u01af",
    "points": [
      [
        651,
        13
      ],
      [
        699,
        13
      ],
      [
        699,
        55
      ],
      [
        651,
        55
      ]
    ]
  },
  {
    "transcription": "S\u1ede",
    "points": [
      [
        182,
        4
      ],
      [
        244,
        4
      ],
      [
        244,
        58
      ],
      [
        182,
        58
      ]
    ]
  },
  {
    "transcription": "K\u1ebe",
    "points": [
      [
        254,
        2
      ],
      [
        310,
        2
      ],
      [
        310,
        60
      ],
      [
        254,
        60
      ]
    ]
  },
  {
    "transcription": "H\u00c0",
    "points": [
      [
        939,
        9
      ],
      [
        995,
        9
      ],
      [
        995,
        59
      ],
      [
        939,
        59
      ]
    ]
  },
  {
    "transcription": "V\u00c0",
    "points": [
      [
        482,
        5
      ],
      [
        548,
        5
      ],
      [
        548,
        59
      ],
      [
        482,
        59
      ]
    ]
  },
  {
    "transcription": "\u0110\u1ea6U",
    "points": [
      [
        555,
        7
      ],
      [
        641,
        7
      ],
      [
        641,
        57
      ],
      [
        555,
        57
      ]
    ]
  },
  {
    "transcription": "TY",
    "points": [
      [
        309,
        116
      ],
      [
        383,
        116
      ],
      [
        383,
        202
      ],
      [
        309,
        202
      ]
    ]
  },
  {
    "transcription": "N\u1ed8I",
    "points": [
      [
        1005,
        11
      ],
      [
        1079,
        11
      ],
      [
        1079,
        63
      ],
      [
        1005,
        63
      ]
    ]
  },
  {
    "transcription": "TH\u00c0NH",
    "points": [
      [
        706,
        8
      ],
      [
        840,
        8
      ],
      [
        840,
        58
      ],
      [
        706,
        58
      ]
    ]
  },
  {
    "transcription": "NAM",
    "points": [
      [
        450,
        451
      ],
      [
        628,
        451
      ],
      [
        628,
        521
      ],
      [
        450,
        521
      ]
    ]
  },
  {
    "transcription": "C\u00d4NG",
    "points": [
      [
        126,
        108
      ],
      [
        302,
        108
      ],
      [
        302,
        202
      ],
      [
        126,
        202
      ]
    ]
  },
  {
    "transcription": "X\u00c2Y",
    "points": [
      [
        562,
        111
      ],
      [
        674,
        111
      ],
      [
        674,
        199
      ],
      [
        562,
        199
      ]
    ]
  },
  {
    "transcription": "HO\u1ea0CH",
    "points": [
      [
        316,
        13
      ],
      [
        472,
        13
      ],
      [
        472,
        63
      ],
      [
        316,
        63
      ]
    ]
  },
  {
    "transcription": "PH\u1ed0",
    "points": [
      [
        849,
        5
      ],
      [
        933,
        5
      ],
      [
        933,
        57
      ],
      [
        849,
        57
      ]
    ]
  },
  {
    "transcription": "LONG",
    "points": [
      [
        994,
        112
      ],
      [
        1134,
        112
      ],
      [
        1134,
        190
      ],
      [
        994,
        190
      ]
    ]
  },
  {
    "transcription": "TNHH",
    "points": [
      [
        396,
        112
      ],
      [
        552,
        112
      ],
      [
        552,
        196
      ],
      [
        396,
        196
      ]
    ]
  },
  {
    "transcription": "LONG",
    "points": [
      [
        636,
        444
      ],
      [
        856,
        444
      ],
      [
        856,
        512
      ],
      [
        636,
        512
      ]
    ]
  },
  {
    "transcription": "NAM",
    "points": [
      [
        851,
        115
      ],
      [
        983,
        115
      ],
      [
        983,
        193
      ],
      [
        851,
        193
      ]
    ]
  },
  {
    "transcription": "D\u1ef0NG",
    "points": [
      [
        685,
        115
      ],
      [
        841,
        115
      ],
      [
        841,
        205
      ],
      [
        685,
        205
      ]
    ]
  }
]