[
  {
    "transcription": "KH\u00c1M",
    "points": [
      [
        226,
        22
      ],
      [
        297,
        20
      ],
      [
        298,
        52
      ],
      [
        226,
        54
      ]
    ]
  },
  {
    "transcription": "PH\u00ca",
    "points": [
      [
        208,
        57
      ],
      [
        259,
        55
      ],
      [
        260,
        89
      ],
      [
        209,
        90
      ]
    ]
  },
  {
    "transcription": "C\u1ee6A",
    "points": [
      [
        113,
        59
      ],
      [
        166,
        59
      ],
      [
        167,
        92
      ],
      [
        114,
        92
      ]
    ]
  },
  {
    "transcription": "H\u01af\u01a0NG",
    "points": [
      [
        354,
        20
      ],
      [
        436,
        18
      ],
      [
        437,
        46
      ],
      [
        355,
        49
      ]
    ]
  },
  {
    "transcription": "XAY",
    "points": [
      [
        334,
        55
      ],
      [
        382,
        53
      ],
      [
        381,
        83
      ],
      [
        334,
        84
      ]
    ]
  },
  {
    "transcription": "V\u00c0",
    "points": [
      [
        188,
        23
      ],
      [
        220,
        22
      ],
      [
        223,
        56
      ],
      [
        189,
        56
      ]
    ]
  },
  {
    "transcription": "V\u1eca",
    "points": [
      [
        438,
        16
      ],
      [
        464,
        16
      ],
      [
        466,
        49
      ],
      [
        442,
        49
      ]
    ]
  },
  {
    "transcription": "C\u00c0",
    "points": [
      [
        171,
        58
      ],
      [
        204,
        57
      ],
      [
        206,
        90
      ],
      [
        171,
        91
      ]
    ]
  },
  {
    "transcription": "PH\u00c1",
    "points": [
      [
        301,
        18
      ],
      [
        351,
        17
      ],
      [
        353,
        51
      ],
      [
        301,
        52
      ]
    ]
  },
  {
    "transcription": "M\u1ede",
    "points": [
      [
        91,
        27
      ],
      [
        130,
        26
      ],
      [
        130,
        58
      ],
      [
        91,
        59
      ]
    ]
  },
  {
    "transcription": "TAN*",
    "points": [
      [
        437,
        52
      ],
      [
        496,
        50
      ],
      [
        497,
        78
      ],
      [
        438,
        80
      ]
    ]
  },
  {
    "transcription": "RANG",
    "points": [
      [
        263,
        58
      ],
      [
        331,
        57
      ],
      [
        332,
        85
      ],
      [
        264,
        87
      ]
    ]
  },
  {
    "transcription": "M\u1edaI",
    "points": [
      [
        466,
        12
      ],
      [
        510,
        10
      ],
      [
        512,
        45
      ],
      [
        468,
        45
      ]
    ]
  },
  {
    "transcription": "H\u00d2A",
    "points": [
      [
        384,
        49
      ],
      [
        434,
        47
      ],
      [
        436,
        81
      ],
      [
        386,
        82
      ]
    ]
  },
  {
    "transcription": "H\u1ed8P",
    "points": [
      [
        135,
        25
      ],
      [
        185,
        23
      ],
      [
        185,
        60
      ],
      [
        134,
        60
      ]
    ]
  }
]