[
  {
    "transcription": "M",
    "points": [
      [
        554,
        79
      ],
      [
        723,
        81
      ],
      [
        727,
        250
      ],
      [
        554,
        252
      ]
    ]
  },
  {
    "transcription": "nh",
    "points": [
      [
        789,
        90
      ],
      [
        1042,
        80
      ],
      [
        1048,
        245
      ],
      [
        790,
        246
      ]
    ]
  },
  {
    "transcription": "M\u1ea6M",
    "points": [
      [
        537,
        0
      ],
      [
        734,
        1
      ],
      [
        735,
        71
      ],
      [
        536,
        72
      ]
    ]
  },
  {
    "transcription": "B\u00ec",
    "points": [
      [
        62,
        74
      ],
      [
        270,
        75
      ],
      [
        271,
        245
      ],
      [
        61,
        245
      ]
    ]
  },
  {
    "transcription": "B",
    "points": [
      [
        61,
        94
      ],
      [
        169,
        90
      ],
      [
        171,
        223
      ],
      [
        59,
        229
      ]
    ]
  },
  {
    "transcription": "h",
    "points": [
      [
        386,
        84
      ],
      [
        518,
        82
      ],
      [
        522,
        249
      ],
      [
        386,
        250
      ]
    ]
  },
  {
    "transcription": "n",
    "points": [
      [
        264,
        122
      ],
      [
        391,
        118
      ],
      [
        396,
        246
      ],
      [
        265,
        247
      ]
    ]
  },
  {
    "transcription": "NON",
    "points": [
      [
        763,
        16
      ],
      [
        946,
        22
      ],
      [
        942,
        80
      ],
      [
        757,
        75
      ]
    ]
  },
  {
    "transcription": "TR\u01af\u1edcNG",
    "points": [
      [
        161,
        14
      ],
      [
        511,
        12
      ],
      [
        513,
        72
      ],
      [
        161,
        77
      ]
    ]
  }
]