[
  {
    "transcription": "GIAO",
    "points": [
      [
        397,
        49
      ],
      [
        644,
        50
      ],
      [
        645,
        126
      ],
      [
        397,
        128
      ]
    ]
  },
  {
    "transcription": "04.",
    "points": [
      [
        949,
        166
      ],
      [
        1007,
        166
      ],
      [
        1008,
        213
      ],
      [
        949,
        213
      ]
    ]
  },
  {
    "transcription": "\u0110I\u1ec2M",
    "points": [
      [
        110,
        14
      ],
      [
        378,
        7
      ],
      [
        380,
        136
      ],
      [
        108,
        138
      ]
    ]
  },
  {
    "transcription": "\u0110\u1ecaA",
    "points": [
      [
        159,
        180
      ],
      [
        226,
        180
      ],
      [
        227,
        231
      ],
      [
        158,
        229
      ]
    ]
  },
  {
    "transcription": "8848275",
    "points": [
      [
        1013,
        165
      ],
      [
        1172,
        164
      ],
      [
        1173,
        207
      ],
      [
        1013,
        210
      ]
    ]
  },
  {
    "transcription": "70A",
    "points": [
      [
        391,
        177
      ],
      [
        464,
        177
      ],
      [
        465,
        222
      ],
      [
        391,
        222
      ]
    ]
  },
  {
    "transcription": "S\u1ed0",
    "points": [
      [
        326,
        169
      ],
      [
        386,
        168
      ],
      [
        386,
        223
      ],
      [
        325,
        223
      ]
    ]
  },
  {
    "transcription": "06",
    "points": [
      [
        1092,
        33
      ],
      [
        1217,
        34
      ],
      [
        1219,
        117
      ],
      [
        1093,
        117
      ]
    ]
  },
  {
    "transcription": "L\u1ed6",
    "points": [
      [
        566,
        162
      ],
      [
        620,
        161
      ],
      [
        620,
        218
      ],
      [
        565,
        219
      ]
    ]
  },
  {
    "transcription": "PH\u1ee6",
    "points": [
      [
        473,
        170
      ],
      [
        557,
        169
      ],
      [
        557,
        220
      ],
      [
        472,
        220
      ]
    ]
  },
  {
    "transcription": "S\u1ed0",
    "points": [
      [
        939,
        15
      ],
      [
        1076,
        9
      ],
      [
        1076,
        119
      ],
      [
        938,
        120
      ]
    ]
  },
  {
    "transcription": "TELIFAX:",
    "points": [
      [
        762,
        171
      ],
      [
        939,
        170
      ],
      [
        940,
        213
      ],
      [
        763,
        216
      ]
    ]
  },
  {
    "transcription": "D\u1ecaCH",
    "points": [
      [
        669,
        45
      ],
      [
        918,
        42
      ],
      [
        919,
        134
      ],
      [
        669,
        140
      ]
    ]
  },
  {
    "transcription": "CH\u1ec8:",
    "points": [
      [
        236,
        176
      ],
      [
        317,
        172
      ],
      [
        317,
        223
      ],
      [
        236,
        224
      ]
    ]
  }
]