[
  {
    "transcription": "EM",
    "points": [
      [
        220,
        11
      ],
      [
        267,
        11
      ],
      [
        267,
        59
      ],
      [
        220,
        60
      ]
    ]
  },
  {
    "transcription": "TR\u1eba",
    "points": [
      [
        154,
        2
      ],
      [
        214,
        2
      ],
      [
        214,
        62
      ],
      [
        155,
        63
      ]
    ]
  },
  {
    "transcription": "C\u00e1c",
    "points": [
      [
        77,
        72
      ],
      [
        149,
        71
      ],
      [
        149,
        107
      ],
      [
        77,
        109
      ]
    ]
  },
  {
    "transcription": "\u0110\u1ed2",
    "points": [
      [
        14,
        7
      ],
      [
        67,
        7
      ],
      [
        67,
        72
      ],
      [
        14,
        72
      ]
    ]
  },
  {
    "transcription": "TR\u01a0I",
    "points": [
      [
        74,
        16
      ],
      [
        148,
        15
      ],
      [
        149,
        66
      ],
      [
        74,
        67
      ]
    ]
  },
  {
    "transcription": "Lo\u1ea1i",
    "points": [
      [
        157,
        72
      ],
      [
        224,
        71
      ],
      [
        223,
        106
      ],
      [
        157,
        107
      ]
    ]
  },
  {
    "transcription": "TR\u01a0I",
    "points": [
      [
        74,
        15
      ],
      [
        148,
        15
      ],
      [
        148,
        67
      ],
      [
        74,
        67
      ]
    ]
  },
  {
    "transcription": "\u0110\u1ed2",
    "points": [
      [
        17,
        7
      ],
      [
        67,
        7
      ],
      [
        67,
        71
      ],
      [
        17,
        71
      ]
    ]
  },
  {
    "transcription": "TR\u1eba",
    "points": [
      [
        155,
        0
      ],
      [
        213,
        0
      ],
      [
        213,
        62
      ],
      [
        155,
        62
      ]
    ]
  },
  {
    "transcription": "C\u00e1c",
    "points": [
      [
        78,
        71
      ],
      [
        148,
        71
      ],
      [
        148,
        107
      ],
      [
        78,
        107
      ]
    ]
  },
  {
    "transcription": "EM",
    "points": [
      [
        220,
        13
      ],
      [
        266,
        13
      ],
      [
        266,
        59
      ],
      [
        220,
        59
      ]
    ]
  },
  {
    "transcription": "Lo\u1ea1i",
    "points": [
      [
        155,
        73
      ],
      [
        225,
        73
      ],
      [
        225,
        105
      ],
      [
        155,
        105
      ]
    ]
  }
]