[
  {
    "transcription": "T\u1eacP",
    "points": [
      [
        71,
        64
      ],
      [
        106,
        64
      ],
      [
        106,
        84
      ],
      [
        72,
        84
      ]
    ]
  },
  {
    "transcription": "S\u00d4NG",
    "points": [
      [
        153,
        64
      ],
      [
        195,
        64
      ],
      [
        195,
        83
      ],
      [
        153,
        83
      ]
    ]
  },
  {
    "transcription": "\u0110O\u00c0N",
    "points": [
      [
        107,
        63
      ],
      [
        153,
        64
      ],
      [
        153,
        83
      ],
      [
        107,
        83
      ]
    ]
  },
  {
    "transcription": "\u0110\u00c0",
    "points": [
      [
        197,
        66
      ],
      [
        221,
        66
      ],
      [
        221,
        80
      ],
      [
        197,
        80
      ]
    ]
  },
  {
    "transcription": "T\u1eacP",
    "points": [
      [
        74,
        66
      ],
      [
        104,
        66
      ],
      [
        104,
        80
      ],
      [
        74,
        80
      ]
    ]
  },
  {
    "transcription": "S\u00d4NG",
    "points": [
      [
        154,
        66
      ],
      [
        194,
        66
      ],
      [
        194,
        80
      ],
      [
        154,
        80
      ]
    ]
  },
  {
    "transcription": "\u0110O\u00c0N",
    "points": [
      [
        108,
        66
      ],
      [
        150,
        66
      ],
      [
        150,
        80
      ],
      [
        108,
        80
      ]
    ]
  }
]