[
  {
    "transcription": "\u0110ANG",
    "points": [
      [
        251,
        135
      ],
      [
        398,
        134
      ],
      [
        396,
        203
      ],
      [
        245,
        203
      ]
    ]
  },
  {
    "transcription": "B\u01a0I",
    "points": [
      [
        416,
        131
      ],
      [
        512,
        130
      ],
      [
        505,
        205
      ],
      [
        409,
        205
      ]
    ]
  },
  {
    "transcription": "T\u00d4I",
    "points": [
      [
        728,
        127
      ],
      [
        819,
        127
      ],
      [
        818,
        206
      ],
      [
        727,
        206
      ]
    ]
  },
  {
    "transcription": "G\u00cc",
    "points": [
      [
        174,
        126
      ],
      [
        241,
        125
      ],
      [
        238,
        206
      ],
      [
        171,
        207
      ]
    ]
  },
  {
    "transcription": "CHUY\u00caN",
    "points": [
      [
        160,
        9
      ],
      [
        384,
        6
      ],
      [
        385,
        71
      ],
      [
        159,
        75
      ]
    ]
  },
  {
    "transcription": "B\u00c1N",
    "points": [
      [
        398,
        2
      ],
      [
        521,
        1
      ],
      [
        517,
        72
      ],
      [
        393,
        72
      ]
    ]
  },
  {
    "transcription": "\u0110\u1ec0U",
    "points": [
      [
        838,
        115
      ],
      [
        949,
        114
      ],
      [
        943,
        208
      ],
      [
        832,
        208
      ]
    ]
  },
  {
    "transcription": "C\u00d3",
    "points": [
      [
        964,
        126
      ],
      [
        1041,
        124
      ],
      [
        1041,
        208
      ],
      [
        962,
        209
      ]
    ]
  },
  {
    "transcription": "BU\u00d4N",
    "points": [
      [
        531,
        1
      ],
      [
        692,
        1
      ],
      [
        690,
        73
      ],
      [
        529,
        72
      ]
    ]
  },
  {
    "transcription": "CH\u00daNG",
    "points": [
      [
        526,
        123
      ],
      [
        709,
        122
      ],
      [
        708,
        205
      ],
      [
        522,
        205
      ]
    ]
  },
  {
    "transcription": "L\u1eba",
    "points": [
      [
        867,
        2
      ],
      [
        939,
        1
      ],
      [
        940,
        74
      ],
      [
        867,
        76
      ]
    ]
  },
  {
    "transcription": "B\u00c1N",
    "points": [
      [
        736,
        2
      ],
      [
        858,
        1
      ],
      [
        856,
        73
      ],
      [
        732,
        73
      ]
    ]
  },
  {
    "transcription": "CON",
    "points": [
      [
        53,
        139
      ],
      [
        166,
        138
      ],
      [
        164,
        205
      ],
      [
        51,
        206
      ]
    ]
  },
  {
    "transcription": "-",
    "points": [
      [
        698,
        3
      ],
      [
        724,
        2
      ],
      [
        724,
        92
      ],
      [
        696,
        93
      ]
    ]
  }
]