[
  {
    "transcription": "GIAO",
    "points": [
      [
        307,
        6
      ],
      [
        416,
        7
      ],
      [
        417,
        64
      ],
      [
        307,
        64
      ]
    ]
  },
  {
    "transcription": "B\u1ea4T",
    "points": [
      [
        548,
        1
      ],
      [
        635,
        1
      ],
      [
        636,
        65
      ],
      [
        549,
        65
      ]
    ]
  },
  {
    "transcription": "V\u0102N",
    "points": [
      [
        24,
        0
      ],
      [
        122,
        0
      ],
      [
        122,
        60
      ],
      [
        24,
        60
      ]
    ]
  },
  {
    "transcription": "S\u1ea2N",
    "points": [
      [
        783,
        0
      ],
      [
        879,
        1
      ],
      [
        882,
        68
      ],
      [
        784,
        66
      ]
    ]
  },
  {
    "transcription": "NGA",
    "points": [
      [
        487,
        96
      ],
      [
        799,
        100
      ],
      [
        805,
        192
      ],
      [
        491,
        193
      ]
    ]
  },
  {
    "transcription": "D\u1ecaCH",
    "points": [
      [
        426,
        7
      ],
      [
        537,
        9
      ],
      [
        538,
        73
      ],
      [
        426,
        73
      ]
    ]
  },
  {
    "transcription": "PH\u1ea0M",
    "points": [
      [
        17,
        91
      ],
      [
        449,
        94
      ],
      [
        453,
        202
      ],
      [
        17,
        202
      ]
    ]
  },
  {
    "transcription": "PH\u00d2NG",
    "points": [
      [
        134,
        0
      ],
      [
        297,
        2
      ],
      [
        297,
        62
      ],
      [
        132,
        61
      ]
    ]
  },
  {
    "transcription": "\u0110\u1ed2NG",
    "points": [
      [
        77,
        213
      ],
      [
        210,
        214
      ],
      [
        210,
        267
      ],
      [
        77,
        268
      ]
    ]
  },
  {
    "transcription": "PH\u00c1T",
    "points": [
      [
        492,
        221
      ],
      [
        608,
        221
      ],
      [
        609,
        268
      ],
      [
        492,
        269
      ]
    ]
  },
  {
    "transcription": "\u0110\u1ed8NG",
    "points": [
      [
        645,
        3
      ],
      [
        774,
        3
      ],
      [
        776,
        72
      ],
      [
        645,
        74
      ]
    ]
  },
  {
    "transcription": "TRI\u1ec2N",
    "points": [
      [
        617,
        214
      ],
      [
        753,
        214
      ],
      [
        753,
        269
      ],
      [
        617,
        269
      ]
    ]
  },
  {
    "transcription": "C\u00d9NG",
    "points": [
      [
        355,
        221
      ],
      [
        484,
        222
      ],
      [
        484,
        269
      ],
      [
        354,
        269
      ]
    ]
  },
  {
    "transcription": "H\u00c0NH",
    "points": [
      [
        220,
        220
      ],
      [
        347,
        220
      ],
      [
        347,
        269
      ],
      [
        219,
        270
      ]
    ]
  },
  {
    "transcription": "V\u0102N",
    "points": [
      [
        25,
        1
      ],
      [
        121,
        1
      ],
      [
        121,
        59
      ],
      [
        25,
        59
      ]
    ]
  },
  {
    "transcription": "GIAO",
    "points": [
      [
        307,
        5
      ],
      [
        417,
        5
      ],
      [
        417,
        63
      ],
      [
        307,
        63
      ]
    ]
  },
  {
    "transcription": "S\u1ea2N",
    "points": [
      [
        783,
        0
      ],
      [
        887,
        0
      ],
      [
        887,
        68
      ],
      [
        783,
        68
      ]
    ]
  },
  {
    "transcription": "PH\u00c1T",
    "points": [
      [
        493,
        222
      ],
      [
        611,
        222
      ],
      [
        611,
        270
      ],
      [
        493,
        270
      ]
    ]
  },
  {
    "transcription": "C\u00d9NG",
    "points": [
      [
        356,
        224
      ],
      [
        482,
        224
      ],
      [
        482,
        268
      ],
      [
        356,
        268
      ]
    ]
  },
  {
    "transcription": "D\u1ecaCH",
    "points": [
      [
        425,
        6
      ],
      [
        539,
        6
      ],
      [
        539,
        72
      ],
      [
        425,
        72
      ]
    ]
  },
  {
    "transcription": "H\u00c0NH",
    "points": [
      [
        217,
        221
      ],
      [
        347,
        221
      ],
      [
        347,
        269
      ],
      [
        217,
        269
      ]
    ]
  },
  {
    "transcription": "PH\u00d2NG",
    "points": [
      [
        132,
        0
      ],
      [
        296,
        0
      ],
      [
        296,
        62
      ],
      [
        132,
        62
      ]
    ]
  },
  {
    "transcription": "PH\u1ea0M",
    "points": [
      [
        12,
        92
      ],
      [
        450,
        92
      ],
      [
        450,
        212
      ],
      [
        12,
        212
      ]
    ]
  },
  {
    "transcription": "\u0110\u1ed2NG",
    "points": [
      [
        78,
        217
      ],
      [
        210,
        217
      ],
      [
        210,
        269
      ],
      [
        78,
        269
      ]
    ]
  },
  {
    "transcription": "TRI\u1ec2N",
    "points": [
      [
        617,
        215
      ],
      [
        753,
        215
      ],
      [
        753,
        269
      ],
      [
        617,
        269
      ]
    ]
  },
  {
    "transcription": "\u0110\u1ed8NG",
    "points": [
      [
        644,
        1
      ],
      [
        776,
        1
      ],
      [
        776,
        73
      ],
      [
        644,
        73
      ]
    ]
  },
  {
    "transcription": "NGA",
    "points": [
      [
        486,
        100
      ],
      [
        812,
        100
      ],
      [
        812,
        194
      ],
      [
        486,
        194
      ]
    ]
  }
]