[
  {
    "transcription": "S\u1ede",
    "points": [
      [
        742,
        25
      ],
      [
        901,
        19
      ],
      [
        899,
        132
      ],
      [
        740,
        140
      ]
    ]
  },
  {
    "transcription": "TRUNG",
    "points": [
      [
        10,
        121
      ],
      [
        321,
        102
      ],
      [
        322,
        183
      ],
      [
        11,
        198
      ]
    ]
  },
  {
    "transcription": "C\u01a0",
    "points": [
      [
        566,
        66
      ],
      [
        719,
        58
      ],
      [
        718,
        147
      ],
      [
        568,
        156
      ]
    ]
  },
  {
    "transcription": "H\u1eccC",
    "points": [
      [
        339,
        93
      ],
      [
        540,
        82
      ],
      [
        541,
        176
      ],
      [
        339,
        185
      ]
    ]
  },
  {
    "transcription": "S\u1ede",
    "points": [
      [
        740,
        13
      ],
      [
        906,
        13
      ],
      [
        906,
        145
      ],
      [
        740,
        145
      ]
    ]
  },
  {
    "transcription": "TRUNG",
    "points": [
      [
        14,
        97
      ],
      [
        316,
        97
      ],
      [
        316,
        195
      ],
      [
        14,
        195
      ]
    ]
  },
  {
    "transcription": "C\u01a0",
    "points": [
      [
        565,
        57
      ],
      [
        723,
        57
      ],
      [
        723,
        161
      ],
      [
        565,
        161
      ]
    ]
  },
  {
    "transcription": "H\u1eccC",
    "points": [
      [
        338,
        76
      ],
      [
        544,
        76
      ],
      [
        544,
        184
      ],
      [
        338,
        184
      ]
    ]
  }
]