[
  {
    "transcription": "Long",
    "points": [
      [
        59,
        95
      ],
      [
        127,
        97
      ],
      [
        126,
        146
      ],
      [
        57,
        144
      ]
    ]
  },
  {
    "transcription": "Qu\u00e2n,",
    "points": [
      [
        129,
        93
      ],
      [
        204,
        93
      ],
      [
        205,
        143
      ],
      [
        130,
        145
      ]
    ]
  },
  {
    "transcription": "L\u1ea1c",
    "points": [
      [
        1,
        98
      ],
      [
        54,
        98
      ],
      [
        54,
        144
      ],
      [
        1,
        146
      ]
    ]
  },
  {
    "transcription": "L\u1ea1c",
    "points": [
      [
        2,
        100
      ],
      [
        56,
        100
      ],
      [
        56,
        146
      ],
      [
        2,
        146
      ]
    ]
  },
  {
    "transcription": "Qu\u00e2n",
    "points": [
      [
        128,
        93
      ],
      [
        206,
        93
      ],
      [
        206,
        143
      ],
      [
        128,
        143
      ]
    ]
  },
  {
    "transcription": "Long",
    "points": [
      [
        58,
        97
      ],
      [
        126,
        97
      ],
      [
        126,
        145
      ],
      [
        58,
        145
      ]
    ]
  }
]