[
  {
    "transcription": "P",
    "points": [
      [
        0,
        35
      ],
      [
        44,
        33
      ],
      [
        42,
        105
      ],
      [
        0,
        104
      ]
    ]
  },
  {
    "transcription": "KH\u00c1M",
    "points": [
      [
        152,
        54
      ],
      [
        269,
        53
      ],
      [
        270,
        102
      ],
      [
        152,
        102
      ]
    ]
  },
  {
    "transcription": "PH\u00d2NG",
    "points": [
      [
        8,
        45
      ],
      [
        138,
        53
      ],
      [
        140,
        103
      ],
      [
        7,
        103
      ]
    ]
  },
  {
    "transcription": "\u0110A",
    "points": [
      [
        277,
        61
      ],
      [
        330,
        60
      ],
      [
        336,
        102
      ],
      [
        278,
        103
      ]
    ]
  },
  {
    "transcription": "KHOA",
    "points": [
      [
        340,
        59
      ],
      [
        445,
        60
      ],
      [
        450,
        100
      ],
      [
        342,
        101
      ]
    ]
  },
  {
    "transcription": "VI\u1ec6T",
    "points": [
      [
        516,
        52
      ],
      [
        601,
        53
      ],
      [
        606,
        108
      ],
      [
        523,
        107
      ]
    ]
  },
  {
    "transcription": "\u00c2U",
    "points": [
      [
        456,
        52
      ],
      [
        511,
        52
      ],
      [
        513,
        99
      ],
      [
        456,
        101
      ]
    ]
  }
]