[
  {
    "transcription": "28",
    "points": [
      [
        176,
        185
      ],
      [
        324,
        184
      ],
      [
        328,
        324
      ],
      [
        170,
        330
      ]
    ]
  },
  {
    "transcription": "2",
    "points": [
      [
        185,
        194
      ],
      [
        244,
        194
      ],
      [
        244,
        318
      ],
      [
        185,
        322
      ]
    ]
  },
  {
    "transcription": "2",
    "points": [
      [
        153,
        131
      ],
      [
        281,
        127
      ],
      [
        285,
        320
      ],
      [
        148,
        325
      ]
    ]
  },
  {
    "transcription": "29",
    "points": [
      [
        182,
        49
      ],
      [
        306,
        46
      ],
      [
        308,
        181
      ],
      [
        183,
        185
      ]
    ]
  },
  {
    "transcription": "T8",
    "points": [
      [
        377,
        47
      ],
      [
        509,
        40
      ],
      [
        511,
        181
      ],
      [
        380,
        185
      ]
    ]
  },
  {
    "transcription": "-",
    "points": [
      [
        320,
        104
      ],
      [
        364,
        104
      ],
      [
        365,
        138
      ],
      [
        320,
        139
      ]
    ]
  },
  {
    "transcription": "28",
    "points": [
      [
        176,
        185
      ],
      [
        324,
        184
      ],
      [
        328,
        324
      ],
      [
        170,
        330
      ]
    ]
  },
  {
    "transcription": "3",
    "points": [
      [
        431,
        195
      ],
      [
        494,
        194
      ],
      [
        495,
        324
      ],
      [
        431,
        325
      ]
    ]
  },
  {
    "transcription": "2",
    "points": [
      [
        185,
        194
      ],
      [
        244,
        194
      ],
      [
        244,
        318
      ],
      [
        185,
        322
      ]
    ]
  },
  {
    "transcription": "28",
    "points": [
      [
        176,
        185
      ],
      [
        324,
        184
      ],
      [
        328,
        324
      ],
      [
        170,
        330
      ]
    ]
  },
  {
    "transcription": "3",
    "points": [
      [
        431,
        195
      ],
      [
        494,
        194
      ],
      [
        495,
        324
      ],
      [
        431,
        325
      ]
    ]
  },
  {
    "transcription": "2",
    "points": [
      [
        185,
        194
      ],
      [
        244,
        194
      ],
      [
        244,
        318
      ],
      [
        185,
        322
      ]
    ]
  },
  {
    "transcription": "2",
    "points": [
      [
        153,
        131
      ],
      [
        281,
        127
      ],
      [
        285,
        320
      ],
      [
        148,
        325
      ]
    ]
  }
]