[
  {
    "transcription": "C\u1ea2NH",
    "points": [
      [
        320,
        19
      ],
      [
        445,
        19
      ],
      [
        446,
        129
      ],
      [
        319,
        127
      ]
    ]
  },
  {
    "transcription": "C\u00c1",
    "points": [
      [
        246,
        25
      ],
      [
        314,
        24
      ],
      [
        314,
        120
      ],
      [
        243,
        121
      ]
    ]
  },
  {
    "transcription": "g",
    "points": [
      [
        514,
        118
      ],
      [
        523,
        121
      ],
      [
        522,
        130
      ],
      [
        513,
        126
      ]
    ]
  }
]