[
  {
    "transcription": "N\u1eb5ng",
    "points": [
      [
        229,
        16
      ],
      [
        256,
        17
      ],
      [
        256,
        34
      ],
      [
        229,
        33
      ]
    ]
  },
  {
    "transcription": "\u0110\u00e0",
    "points": [
      [
        214,
        14
      ],
      [
        229,
        15
      ],
      [
        229,
        32
      ],
      [
        214,
        32
      ]
    ]
  },
  {
    "transcription": "Ch\u00e1u,",
    "points": [
      [
        184,
        13
      ],
      [
        213,
        15
      ],
      [
        213,
        31
      ],
      [
        184,
        31
      ]
    ]
  },
  {
    "transcription": "171",
    "points": [
      [
        52,
        6
      ],
      [
        71,
        6
      ],
      [
        71,
        23
      ],
      [
        51,
        23
      ]
    ]
  },
  {
    "transcription": "Linh,",
    "points": [
      [
        138,
        11
      ],
      [
        164,
        11
      ],
      [
        164,
        30
      ],
      [
        137,
        30
      ]
    ]
  },
  {
    "transcription": "Nguy\u1ec5n",
    "points": [
      [
        73,
        7
      ],
      [
        115,
        9
      ],
      [
        115,
        27
      ],
      [
        73,
        26
      ]
    ]
  },
  {
    "transcription": "169",
    "points": [
      [
        22,
        5
      ],
      [
        44,
        5
      ],
      [
        43,
        20
      ],
      [
        22,
        20
      ]
    ]
  },
  {
    "transcription": "-",
    "points": [
      [
        258,
        22
      ],
      [
        262,
        23
      ],
      [
        261,
        29
      ],
      [
        258,
        29
      ]
    ]
  },
  {
    "transcription": "Hai",
    "points": [
      [
        165,
        12
      ],
      [
        183,
        13
      ],
      [
        183,
        30
      ],
      [
        165,
        29
      ]
    ]
  },
  {
    "transcription": "V\u00e2n",
    "points": [
      [
        116,
        10
      ],
      [
        137,
        11
      ],
      [
        137,
        27
      ],
      [
        116,
        27
      ]
    ]
  },
  {
    "transcription": "-",
    "points": [
      [
        44,
        12
      ],
      [
        50,
        12
      ],
      [
        50,
        17
      ],
      [
        44,
        17
      ]
    ]
  }
]