[
  {
    "transcription": "Giao",
    "points": [
      [
        238,
        163
      ],
      [
        294,
        162
      ],
      [
        291,
        202
      ],
      [
        234,
        205
      ]
    ]
  },
  {
    "transcription": "l\u1eadn",
    "points": [
      [
        340,
        163
      ],
      [
        369,
        164
      ],
      [
        364,
        195
      ],
      [
        335,
        196
      ]
    ]
  },
  {
    "transcription": "Hotline:",
    "points": [
      [
        29,
        127
      ],
      [
        128,
        118
      ],
      [
        129,
        155
      ],
      [
        29,
        168
      ]
    ]
  },
  {
    "transcription": "Mai",
    "points": [
      [
        430,
        8
      ],
      [
        494,
        2
      ],
      [
        496,
        44
      ],
      [
        431,
        51
      ]
    ]
  },
  {
    "transcription": "n\u1eddi",
    "points": [
      [
        369,
        167
      ],
      [
        398,
        165
      ],
      [
        393,
        190
      ],
      [
        365,
        190
      ]
    ]
  },
  {
    "transcription": "-",
    "points": [
      [
        343,
        104
      ],
      [
        361,
        103
      ],
      [
        361,
        113
      ],
      [
        343,
        115
      ]
    ]
  },
  {
    "transcription": "488",
    "points": [
      [
        216,
        104
      ],
      [
        269,
        96
      ],
      [
        269,
        137
      ],
      [
        215,
        143
      ]
    ]
  },
  {
    "transcription": "0986",
    "points": [
      [
        135,
        114
      ],
      [
        207,
        107
      ],
      [
        208,
        147
      ],
      [
        135,
        153
      ]
    ]
  },
  {
    "transcription": "696",
    "points": [
      [
        276,
        97
      ],
      [
        333,
        89
      ],
      [
        335,
        130
      ],
      [
        277,
        136
      ]
    ]
  },
  {
    "transcription": "h\u00e0ng",
    "points": [
      [
        296,
        162
      ],
      [
        339,
        162
      ],
      [
        332,
        205
      ],
      [
        289,
        203
      ]
    ]
  },
  {
    "transcription": "S\u1ed1",
    "points": [
      [
        104,
        52
      ],
      [
        142,
        48
      ],
      [
        143,
        92
      ],
      [
        104,
        95
      ]
    ]
  },
  {
    "transcription": "Ho\u00e0ng",
    "points": [
      [
        327,
        22
      ],
      [
        422,
        17
      ],
      [
        423,
        62
      ],
      [
        328,
        66
      ]
    ]
  },
  {
    "transcription": "D\u1ee4C",
    "points": [
      [
        203,
        0
      ],
      [
        253,
        0
      ],
      [
        254,
        19
      ],
      [
        203,
        21
      ]
    ]
  },
  {
    "transcription": "383",
    "points": [
      [
        457,
        71
      ],
      [
        515,
        65
      ],
      [
        516,
        107
      ],
      [
        457,
        114
      ]
    ]
  },
  {
    "transcription": "\u0110\u1ed9ng,",
    "points": [
      [
        242,
        34
      ],
      [
        321,
        32
      ],
      [
        322,
        77
      ],
      [
        242,
        80
      ]
    ]
  },
  {
    "transcription": "138",
    "points": [
      [
        524,
        64
      ],
      [
        574,
        57
      ],
      [
        575,
        99
      ],
      [
        525,
        106
      ]
    ]
  },
  {
    "transcription": "0909",
    "points": [
      [
        369,
        83
      ],
      [
        447,
        75
      ],
      [
        448,
        118
      ],
      [
        370,
        125
      ]
    ]
  },
  {
    "transcription": "3",
    "points": [
      [
        150,
        49
      ],
      [
        169,
        48
      ],
      [
        169,
        88
      ],
      [
        149,
        89
      ]
    ]
  },
  {
    "transcription": "/",
    "points": [
      [
        402,
        154
      ],
      [
        416,
        153
      ],
      [
        408,
        194
      ],
      [
        395,
        193
      ]
    ]
  },
  {
    "transcription": "Mai",
    "points": [
      [
        176,
        44
      ],
      [
        235,
        39
      ],
      [
        235,
        80
      ],
      [
        176,
        86
      ]
    ]
  }
]