[
  {
    "transcription": "\u0110\u0102NG",
    "points": [
      [
        232,
        9
      ],
      [
        263,
        9
      ],
      [
        263,
        24
      ],
      [
        232,
        25
      ]
    ]
  },
  {
    "transcription": "T\u1ed4NG",
    "points": [
      [
        229,
        47
      ],
      [
        264,
        45
      ],
      [
        265,
        64
      ],
      [
        229,
        66
      ]
    ]
  },
  {
    "transcription": "T\u1ea0I:",
    "points": [
      [
        278,
        9
      ],
      [
        298,
        9
      ],
      [
        298,
        24
      ],
      [
        278,
        24
      ]
    ]
  },
  {
    "transcription": "1022",
    "points": [
      [
        201,
        52
      ],
      [
        229,
        51
      ],
      [
        229,
        67
      ],
      [
        201,
        68
      ]
    ]
  },
  {
    "transcription": "K\u00dd",
    "points": [
      [
        263,
        8
      ],
      [
        277,
        8
      ],
      [
        277,
        23
      ],
      [
        263,
        24
      ]
    ]
  },
  {
    "transcription": "D\u1ecaCH",
    "points": [
      [
        287,
        45
      ],
      [
        315,
        45
      ],
      [
        315,
        62
      ],
      [
        287,
        62
      ]
    ]
  },
  {
    "transcription": "V\u1ee4",
    "points": [
      [
        315,
        44
      ],
      [
        332,
        43
      ],
      [
        333,
        59
      ],
      [
        316,
        60
      ]
    ]
  },
  {
    "transcription": "C\u00d4NG",
    "points": [
      [
        333,
        40
      ],
      [
        366,
        39
      ],
      [
        366,
        56
      ],
      [
        333,
        57
      ]
    ]
  },
  {
    "transcription": "(0251)",
    "points": [
      [
        161,
        55
      ],
      [
        199,
        53
      ],
      [
        199,
        71
      ],
      [
        161,
        73
      ]
    ]
  },
  {
    "transcription": "\u0110\u00c0I",
    "points": [
      [
        265,
        45
      ],
      [
        286,
        45
      ],
      [
        286,
        62
      ],
      [
        265,
        62
      ]
    ]
  },
  {
    "transcription": "COM",
    "points": [
      [
        314,
        23
      ],
      [
        342,
        23
      ],
      [
        342,
        39
      ],
      [
        314,
        39
      ]
    ]
  },
  {
    "transcription": "HOCKYDOANHNGHIEP.CO",
    "points": [
      [
        183,
        29
      ],
      [
        330,
        24
      ],
      [
        330,
        42
      ],
      [
        184,
        47
      ]
    ]
  },
  {
    "transcription": "HOCKYDOANHNGHIEP",
    "points": [
      [
        190,
        26
      ],
      [
        310,
        26
      ],
      [
        310,
        48
      ],
      [
        190,
        48
      ]
    ]
  },
  {
    "transcription": "LCOM",
    "points": [
      [
        313,
        26
      ],
      [
        341,
        26
      ],
      [
        341,
        38
      ],
      [
        313,
        38
      ]
    ]
  },
  {
    "transcription": "(0251)",
    "points": [
      [
        163,
        54
      ],
      [
        199,
        54
      ],
      [
        199,
        74
      ],
      [
        163,
        74
      ]
    ]
  },
  {
    "transcription": "K\u00dd",
    "points": [
      [
        263,
        10
      ],
      [
        277,
        10
      ],
      [
        277,
        22
      ],
      [
        263,
        22
      ]
    ]
  },
  {
    "transcription": "T\u1ea0I",
    "points": [
      [
        279,
        11
      ],
      [
        297,
        11
      ],
      [
        297,
        23
      ],
      [
        279,
        23
      ]
    ]
  },
  {
    "transcription": "1022",
    "points": [
      [
        202,
        52
      ],
      [
        228,
        52
      ],
      [
        228,
        66
      ],
      [
        202,
        66
      ]
    ]
  },
  {
    "transcription": "\u0110\u0102NG",
    "points": [
      [
        233,
        10
      ],
      [
        261,
        10
      ],
      [
        261,
        24
      ],
      [
        233,
        24
      ]
    ]
  },
  {
    "transcription": "T\u1ed4NG",
    "points": [
      [
        230,
        45
      ],
      [
        264,
        45
      ],
      [
        264,
        63
      ],
      [
        230,
        63
      ]
    ]
  },
  {
    "transcription": "VU",
    "points": [
      [
        316,
        45
      ],
      [
        332,
        45
      ],
      [
        332,
        57
      ],
      [
        316,
        57
      ]
    ]
  },
  {
    "transcription": "D\u1ecaCH",
    "points": [
      [
        288,
        46
      ],
      [
        314,
        46
      ],
      [
        314,
        62
      ],
      [
        288,
        62
      ]
    ]
  },
  {
    "transcription": "C\u00d4NG",
    "points": [
      [
        334,
        40
      ],
      [
        364,
        40
      ],
      [
        364,
        56
      ],
      [
        334,
        56
      ]
    ]
  },
  {
    "transcription": "\u0110\u00c0I",
    "points": [
      [
        267,
        46
      ],
      [
        285,
        46
      ],
      [
        285,
        62
      ],
      [
        267,
        62
      ]
    ]
  }
]