[
  {
    "transcription": "H\u1ea2I",
    "points": [
      [
        312,
        117
      ],
      [
        476,
        115
      ],
      [
        477,
        280
      ],
      [
        313,
        279
      ]
    ]
  },
  {
    "transcription": "BI\u1ec2N",
    "points": [
      [
        158,
        325
      ],
      [
        370,
        323
      ],
      [
        372,
        490
      ],
      [
        159,
        488
      ]
    ]
  },
  {
    "transcription": "CH\u1ee2",
    "points": [
      [
        116,
        150
      ],
      [
        297,
        148
      ],
      [
        297,
        309
      ],
      [
        116,
        307
      ]
    ]
  },
  {
    "transcription": "S\u1ea2N",
    "points": [
      [
        497,
        109
      ],
      [
        705,
        105
      ],
      [
        707,
        280
      ],
      [
        496,
        280
      ]
    ]
  },
  {
    "transcription": "\u0110\u00d4NG",
    "points": [
      [
        391,
        344
      ],
      [
        664,
        345
      ],
      [
        667,
        497
      ],
      [
        391,
        495
      ]
    ]
  },
  {
    "transcription": "S\u1ea2N",
    "points": [
      [
        500,
        104
      ],
      [
        708,
        104
      ],
      [
        708,
        280
      ],
      [
        500,
        280
      ]
    ]
  },
  {
    "transcription": "CH\u1ee2",
    "points": [
      [
        117,
        142
      ],
      [
        303,
        142
      ],
      [
        303,
        314
      ],
      [
        117,
        314
      ]
    ]
  },
  {
    "transcription": "H\u1ea2I",
    "points": [
      [
        313,
        111
      ],
      [
        477,
        111
      ],
      [
        477,
        281
      ],
      [
        313,
        281
      ]
    ]
  },
  {
    "transcription": "\u0110\u00d4NG",
    "points": [
      [
        393,
        343
      ],
      [
        661,
        343
      ],
      [
        661,
        493
      ],
      [
        393,
        493
      ]
    ]
  },
  {
    "transcription": "BI\u1ec2N",
    "points": [
      [
        161,
        320
      ],
      [
        371,
        320
      ],
      [
        371,
        486
      ],
      [
        161,
        486
      ]
    ]
  }
]