[
  {
    "transcription": "C\u1eecA",
    "points": [
      [
        152,
        302
      ],
      [
        208,
        302
      ],
      [
        209,
        332
      ],
      [
        152,
        332
      ]
    ]
  },
  {
    "transcription": "H\u00c0NG",
    "points": [
      [
        213,
        303
      ],
      [
        292,
        303
      ],
      [
        292,
        334
      ],
      [
        214,
        334
      ]
    ]
  },
  {
    "transcription": "&",
    "points": [
      [
        337,
        308
      ],
      [
        356,
        308
      ],
      [
        356,
        335
      ],
      [
        337,
        336
      ]
    ]
  },
  {
    "transcription": "H\u1ec6",
    "points": [
      [
        14,
        300
      ],
      [
        50,
        300
      ],
      [
        50,
        334
      ],
      [
        14,
        334
      ]
    ]
  },
  {
    "transcription": "B\u00c9",
    "points": [
      [
        360,
        304
      ],
      [
        391,
        304
      ],
      [
        391,
        334
      ],
      [
        360,
        335
      ]
    ]
  },
  {
    "transcription": "dcom.vn",
    "points": [
      [
        405,
        202
      ],
      [
        564,
        204
      ],
      [
        563,
        238
      ],
      [
        406,
        235
      ]
    ]
  },
  {
    "transcription": "M\u1eb8",
    "points": [
      [
        298,
        307
      ],
      [
        334,
        307
      ],
      [
        335,
        338
      ],
      [
        298,
        339
      ]
    ]
  },
  {
    "transcription": "shoptretho",
    "points": [
      [
        0,
        106
      ],
      [
        568,
        109
      ],
      [
        567,
        205
      ],
      [
        0,
        203
      ]
    ]
  },
  {
    "transcription": "TH\u1ed0NG",
    "points": [
      [
        53,
        298
      ],
      [
        146,
        298
      ],
      [
        146,
        331
      ],
      [
        54,
        331
      ]
    ]
  },
  {
    "transcription": "&",
    "points": [
      [
        337,
        309
      ],
      [
        355,
        309
      ],
      [
        355,
        333
      ],
      [
        337,
        333
      ]
    ]
  },
  {
    "transcription": "H\u1ec6",
    "points": [
      [
        14,
        300
      ],
      [
        50,
        300
      ],
      [
        50,
        332
      ],
      [
        14,
        332
      ]
    ]
  },
  {
    "transcription": "B\u00c9",
    "points": [
      [
        360,
        303
      ],
      [
        392,
        303
      ],
      [
        392,
        333
      ],
      [
        360,
        333
      ]
    ]
  },
  {
    "transcription": "com.vn",
    "points": [
      [
        400,
        202
      ],
      [
        566,
        202
      ],
      [
        566,
        238
      ],
      [
        400,
        238
      ]
    ]
  },
  {
    "transcription": "C\u1eecA",
    "points": [
      [
        153,
        301
      ],
      [
        207,
        301
      ],
      [
        207,
        331
      ],
      [
        153,
        331
      ]
    ]
  },
  {
    "transcription": "M\u1eb8",
    "points": [
      [
        299,
        309
      ],
      [
        333,
        309
      ],
      [
        333,
        335
      ],
      [
        299,
        335
      ]
    ]
  },
  {
    "transcription": "TH\u1ed0NG",
    "points": [
      [
        56,
        299
      ],
      [
        146,
        299
      ],
      [
        146,
        331
      ],
      [
        56,
        331
      ]
    ]
  },
  {
    "transcription": "H\u00c0NG",
    "points": [
      [
        215,
        303
      ],
      [
        293,
        303
      ],
      [
        293,
        333
      ],
      [
        215,
        333
      ]
    ]
  }
]