[
  {
    "transcription": "C\u00c1C",
    "points": [
      [
        1,
        6
      ],
      [
        91,
        6
      ],
      [
        91,
        54
      ],
      [
        1,
        55
      ]
    ]
  },
  {
    "transcription": "PH\u1ea8M",
    "points": [
      [
        209,
        2
      ],
      [
        341,
        1
      ],
      [
        342,
        54
      ],
      [
        208,
        54
      ]
    ]
  },
  {
    "transcription": "B\u1ea4T",
    "points": [
      [
        350,
        2
      ],
      [
        435,
        2
      ],
      [
        437,
        52
      ],
      [
        351,
        53
      ]
    ]
  },
  {
    "transcription": "\u0110\u1ed8NG",
    "points": [
      [
        440,
        7
      ],
      [
        564,
        5
      ],
      [
        568,
        55
      ],
      [
        442,
        57
      ]
    ]
  },
  {
    "transcription": "S\u1ea2N",
    "points": [
      [
        105,
        4
      ],
      [
        197,
        4
      ],
      [
        198,
        52
      ],
      [
        105,
        53
      ]
    ]
  }
]