[
  {
    "transcription": "D\u01af\u01a0NG",
    "points": [
      [
        357,
        113
      ],
      [
        459,
        112
      ],
      [
        459,
        152
      ],
      [
        357,
        152
      ]
    ]
  },
  {
    "transcription": "T\u00c2N",
    "points": [
      [
        292,
        110
      ],
      [
        352,
        110
      ],
      [
        352,
        151
      ],
      [
        292,
        151
      ]
    ]
  },
  {
    "transcription": "C\u00d9NG",
    "points": [
      [
        624,
        31
      ],
      [
        753,
        31
      ],
      [
        753,
        79
      ],
      [
        624,
        79
      ]
    ]
  },
  {
    "transcription": "PH\u00c1T",
    "points": [
      [
        761,
        31
      ],
      [
        878,
        30
      ],
      [
        879,
        78
      ],
      [
        761,
        78
      ]
    ]
  },
  {
    "transcription": "PH\u1ed0",
    "points": [
      [
        145,
        103
      ],
      [
        210,
        103
      ],
      [
        209,
        149
      ],
      [
        144,
        149
      ]
    ]
  },
  {
    "transcription": "9",
    "points": [
      [
        24,
        99
      ],
      [
        58,
        101
      ],
      [
        57,
        146
      ],
      [
        22,
        146
      ]
    ]
  },
  {
    "transcription": "\u0110\u1ed2NG",
    "points": [
      [
        346,
        24
      ],
      [
        479,
        25
      ],
      [
        479,
        78
      ],
      [
        345,
        77
      ]
    ]
  },
  {
    "transcription": "HP",
    "points": [
      [
        529,
        116
      ],
      [
        571,
        116
      ],
      [
        571,
        151
      ],
      [
        529,
        151
      ]
    ]
  },
  {
    "transcription": "H\u00c0NH",
    "points": [
      [
        488,
        30
      ],
      [
        615,
        30
      ],
      [
        616,
        78
      ],
      [
        488,
        78
      ]
    ]
  },
  {
    "transcription": "M\u1edaI",
    "points": [
      [
        215,
        107
      ],
      [
        275,
        107
      ],
      [
        274,
        150
      ],
      [
        214,
        150
      ]
    ]
  },
  {
    "transcription": "TRI\u1ec2N",
    "points": [
      [
        886,
        24
      ],
      [
        1023,
        25
      ],
      [
        1024,
        80
      ],
      [
        887,
        79
      ]
    ]
  },
  {
    "transcription": "TN",
    "points": [
      [
        473,
        115
      ],
      [
        514,
        115
      ],
      [
        515,
        153
      ],
      [
        474,
        152
      ]
    ]
  },
  {
    "transcription": "315B",
    "points": [
      [
        66,
        112
      ],
      [
        138,
        112
      ],
      [
        138,
        147
      ],
      [
        66,
        148
      ]
    ]
  },
  {
    "transcription": "0886",
    "points": [
      [
        764,
        110
      ],
      [
        851,
        110
      ],
      [
        851,
        151
      ],
      [
        765,
        151
      ]
    ]
  },
  {
    "transcription": "0936.",
    "points": [
      [
        1003,
        109
      ],
      [
        1091,
        109
      ],
      [
        1093,
        150
      ],
      [
        1005,
        151
      ]
    ]
  },
  {
    "transcription": "790.297",
    "points": [
      [
        1095,
        109
      ],
      [
        1219,
        110
      ],
      [
        1219,
        150
      ],
      [
        1095,
        150
      ]
    ]
  },
  {
    "transcription": "-",
    "points": [
      [
        277,
        127
      ],
      [
        289,
        127
      ],
      [
        289,
        137
      ],
      [
        277,
        137
      ]
    ]
  },
  {
    "transcription": "-",
    "points": [
      [
        988,
        124
      ],
      [
        1004,
        124
      ],
      [
        1004,
        140
      ],
      [
        988,
        140
      ]
    ]
  },
  {
    "transcription": "0886",
    "points": [
      [
        766,
        113
      ],
      [
        848,
        113
      ],
      [
        848,
        147
      ],
      [
        766,
        147
      ]
    ]
  },
  {
    "transcription": "0886.728.929",
    "points": [
      [
        768,
        113
      ],
      [
        988,
        113
      ],
      [
        988,
        149
      ],
      [
        768,
        149
      ]
    ]
  },
  {
    "transcription": "TN",
    "points": [
      [
        474,
        116
      ],
      [
        516,
        116
      ],
      [
        516,
        148
      ],
      [
        474,
        148
      ]
    ]
  },
  {
    "transcription": "HP",
    "points": [
      [
        529,
        116
      ],
      [
        571,
        116
      ],
      [
        571,
        150
      ],
      [
        529,
        150
      ]
    ]
  },
  {
    "transcription": "0936.790.297",
    "points": [
      [
        1006,
        109
      ],
      [
        1220,
        109
      ],
      [
        1220,
        149
      ],
      [
        1006,
        149
      ]
    ]
  },
  {
    "transcription": "315B",
    "points": [
      [
        66,
        111
      ],
      [
        136,
        111
      ],
      [
        136,
        145
      ],
      [
        66,
        145
      ]
    ]
  },
  {
    "transcription": "D\u01af\u01a0NG",
    "points": [
      [
        359,
        113
      ],
      [
        457,
        113
      ],
      [
        457,
        149
      ],
      [
        359,
        149
      ]
    ]
  },
  {
    "transcription": "M\u1edaI",
    "points": [
      [
        213,
        107
      ],
      [
        273,
        107
      ],
      [
        273,
        147
      ],
      [
        213,
        147
      ]
    ]
  },
  {
    "transcription": "T\u00c2N",
    "points": [
      [
        293,
        111
      ],
      [
        351,
        111
      ],
      [
        351,
        147
      ],
      [
        293,
        147
      ]
    ]
  },
  {
    "transcription": "PH\u1ed0",
    "points": [
      [
        143,
        105
      ],
      [
        209,
        105
      ],
      [
        209,
        145
      ],
      [
        143,
        145
      ]
    ]
  },
  {
    "transcription": "\u0110\u1ed2NG",
    "points": [
      [
        348,
        26
      ],
      [
        478,
        26
      ],
      [
        478,
        76
      ],
      [
        348,
        76
      ]
    ]
  },
  {
    "transcription": "H\u00c0NH",
    "points": [
      [
        488,
        32
      ],
      [
        614,
        32
      ],
      [
        614,
        76
      ],
      [
        488,
        76
      ]
    ]
  },
  {
    "transcription": "C\u00d9NG",
    "points": [
      [
        624,
        32
      ],
      [
        752,
        32
      ],
      [
        752,
        76
      ],
      [
        624,
        76
      ]
    ]
  },
  {
    "transcription": "PH\u00c1T",
    "points": [
      [
        760,
        32
      ],
      [
        878,
        32
      ],
      [
        878,
        76
      ],
      [
        760,
        76
      ]
    ]
  },
  {
    "transcription": "TRI\u1ec2N",
    "points": [
      [
        885,
        25
      ],
      [
        1021,
        25
      ],
      [
        1021,
        77
      ],
      [
        885,
        77
      ]
    ]
  }
]