[
  {
    "transcription": "S\u00d3C",
    "points": [
      [
        257,
        16
      ],
      [
        319,
        16
      ],
      [
        319,
        70
      ],
      [
        257,
        70
      ]
    ]
  },
  {
    "transcription": "CH\u0102M",
    "points": [
      [
        165,
        13
      ],
      [
        253,
        12
      ],
      [
        253,
        69
      ],
      [
        165,
        69
      ]
    ]
  },
  {
    "transcription": "CHUY\u00caN",
    "points": [
      [
        30,
        15
      ],
      [
        161,
        14
      ],
      [
        162,
        69
      ],
      [
        29,
        69
      ]
    ]
  }
]