[
  {
    "transcription": "porricolo",
    "points": [
      [
        44,
        229
      ],
      [
        432,
        135
      ],
      [
        433,
        251
      ],
      [
        30,
        330
      ]
    ]
  },
  {
    "transcription": "XI\u00caN",
    "points": [
      [
        325,
        261
      ],
      [
        433,
        234
      ],
      [
        438,
        294
      ],
      [
        327,
        318
      ]
    ]
  },
  {
    "transcription": "cholo",
    "points": [
      [
        55,
        116
      ],
      [
        450,
        21
      ],
      [
        440,
        207
      ],
      [
        38,
        283
      ]
    ]
  },
  {
    "transcription": "&",
    "points": [
      [
        290,
        276
      ],
      [
        323,
        274
      ],
      [
        323,
        320
      ],
      [
        290,
        323
      ]
    ]
  },
  {
    "transcription": "2",
    "points": [
      [
        146,
        101
      ],
      [
        214,
        87
      ],
      [
        205,
        220
      ],
      [
        130,
        237
      ]
    ]
  },
  {
    "transcription": "COLD",
    "points": [
      [
        197,
        197
      ],
      [
        430,
        131
      ],
      [
        433,
        243
      ],
      [
        199,
        294
      ]
    ]
  },
  {
    "transcription": "S\u1eeeA",
    "points": [
      [
        214,
        287
      ],
      [
        282,
        272
      ],
      [
        288,
        324
      ],
      [
        214,
        337
      ]
    ]
  },
  {
    "transcription": "Hotec",
    "points": [
      [
        36,
        251
      ],
      [
        243,
        199
      ],
      [
        241,
        284
      ],
      [
        28,
        329
      ]
    ]
  },
  {
    "transcription": "TR\u00c0",
    "points": [
      [
        143,
        306
      ],
      [
        206,
        292
      ],
      [
        209,
        340
      ],
      [
        144,
        351
      ]
    ]
  },
  {
    "transcription": "QUE",
    "points": [
      [
        443,
        240
      ],
      [
        569,
        215
      ],
      [
        579,
        271
      ],
      [
        449,
        293
      ]
    ]
  },
  {
    "transcription": "HOT",
    "points": [
      [
        37,
        260
      ],
      [
        154,
        226
      ],
      [
        150,
        302
      ],
      [
        27,
        330
      ]
    ]
  }
]