[
  {
    "transcription": "N\u00ccNH",
    "points": [
      [
        27,
        228
      ],
      [
        279,
        240
      ],
      [
        278,
        325
      ],
      [
        23,
        316
      ]
    ]
  },
  {
    "transcription": "THANH",
    "points": [
      [
        13,
        74
      ],
      [
        213,
        71
      ],
      [
        214,
        182
      ],
      [
        13,
        181
      ]
    ]
  },
  {
    "transcription": "TI\u1ec6N",
    "points": [
      [
        12,
        144
      ],
      [
        230,
        155
      ],
      [
        237,
        239
      ],
      [
        13,
        230
      ]
    ]
  },
  {
    "transcription": "N",
    "points": [
      [
        167,
        172
      ],
      [
        229,
        173
      ],
      [
        234,
        233
      ],
      [
        169,
        232
      ]
    ]
  },
  {
    "transcription": "L\u1ee2I",
    "points": [
      [
        245,
        181
      ],
      [
        392,
        186
      ],
      [
        397,
        259
      ],
      [
        249,
        253
      ]
    ]
  }
]