[
  {
    "transcription": "L\u00d4NG",
    "points": [
      [
        398,
        15
      ],
      [
        466,
        15
      ],
      [
        466,
        60
      ],
      [
        398,
        60
      ]
    ]
  },
  {
    "transcription": "M\u1ef8",
    "points": [
      [
        261,
        16
      ],
      [
        305,
        15
      ],
      [
        305,
        60
      ],
      [
        261,
        61
      ]
    ]
  },
  {
    "transcription": "X\u0102M",
    "points": [
      [
        121,
        15
      ],
      [
        180,
        15
      ],
      [
        180,
        59
      ],
      [
        121,
        59
      ]
    ]
  },
  {
    "transcription": "PHUN",
    "points": [
      [
        41,
        18
      ],
      [
        118,
        18
      ],
      [
        119,
        60
      ],
      [
        41,
        60
      ]
    ]
  },
  {
    "transcription": "-",
    "points": [
      [
        307,
        23
      ],
      [
        322,
        23
      ],
      [
        322,
        64
      ],
      [
        307,
        65
      ]
    ]
  },
  {
    "transcription": "TH\u1ea8M",
    "points": [
      [
        184,
        10
      ],
      [
        256,
        10
      ],
      [
        257,
        60
      ],
      [
        184,
        60
      ]
    ]
  },
  {
    "transcription": "TRI\u1ec6T",
    "points": [
      [
        323,
        14
      ],
      [
        392,
        14
      ],
      [
        392,
        63
      ],
      [
        324,
        63
      ]
    ]
  }
]