[
  {
    "transcription": "\u0110\u1ed6",
    "points": [
      [
        339,
        20
      ],
      [
        595,
        13
      ],
      [
        601,
        244
      ],
      [
        341,
        246
      ]
    ]
  },
  {
    "transcription": "T\u1eeb",
    "points": [
      [
        984,
        321
      ],
      [
        1035,
        323
      ],
      [
        1035,
        379
      ],
      [
        984,
        379
      ]
    ]
  },
  {
    "transcription": "C\u1ed5",
    "points": [
      [
        668,
        305
      ],
      [
        718,
        306
      ],
      [
        718,
        372
      ],
      [
        668,
        372
      ]
    ]
  },
  {
    "transcription": "GIA",
    "points": [
      [
        642,
        85
      ],
      [
        972,
        92
      ],
      [
        983,
        246
      ],
      [
        642,
        244
      ]
    ]
  },
  {
    "transcription": "Nhu\u1ebf",
    "points": [
      [
        724,
        311
      ],
      [
        819,
        311
      ],
      [
        818,
        375
      ],
      [
        723,
        375
      ]
    ]
  },
  {
    "transcription": "\u0110C:",
    "points": [
      [
        88,
        308
      ],
      [
        152,
        308
      ],
      [
        151,
        363
      ],
      [
        88,
        363
      ]
    ]
  },
  {
    "transcription": "43/128",
    "points": [
      [
        354,
        313
      ],
      [
        466,
        313
      ],
      [
        466,
        368
      ],
      [
        353,
        369
      ]
    ]
  },
  {
    "transcription": "Li\u00eam,",
    "points": [
      [
        1038,
        321
      ],
      [
        1136,
        323
      ],
      [
        1137,
        387
      ],
      [
        1038,
        385
      ]
    ]
  },
  {
    "transcription": "Nhu\u1ebf",
    "points": [
      [
        526,
        308
      ],
      [
        624,
        308
      ],
      [
        625,
        376
      ],
      [
        526,
        375
      ]
    ]
  },
  {
    "transcription": "H\u00e0",
    "points": [
      [
        1145,
        326
      ],
      [
        1198,
        327
      ],
      [
        1198,
        383
      ],
      [
        1145,
        383
      ]
    ]
  },
  {
    "transcription": "N\u1ed9i",
    "points": [
      [
        1206,
        327
      ],
      [
        1270,
        327
      ],
      [
        1270,
        387
      ],
      [
        1206,
        387
      ]
    ]
  },
  {
    "transcription": "S\u1ed1",
    "points": [
      [
        157,
        302
      ],
      [
        204,
        302
      ],
      [
        203,
        364
      ],
      [
        156,
        364
      ]
    ]
  },
  {
    "transcription": "6,",
    "points": [
      [
        208,
        311
      ],
      [
        237,
        312
      ],
      [
        238,
        368
      ],
      [
        207,
        366
      ]
    ]
  },
  {
    "transcription": "ng\u00e1ch",
    "points": [
      [
        247,
        312
      ],
      [
        346,
        309
      ],
      [
        347,
        370
      ],
      [
        247,
        371
      ]
    ]
  },
  {
    "transcription": "C\u1ed5",
    "points": [
      [
        472,
        303
      ],
      [
        520,
        303
      ],
      [
        520,
        368
      ],
      [
        471,
        368
      ]
    ]
  },
  {
    "transcription": "P.",
    "points": [
      [
        630,
        316
      ],
      [
        660,
        316
      ],
      [
        660,
        371
      ],
      [
        629,
        371
      ]
    ]
  },
  {
    "transcription": "B\u1eafc",
    "points": [
      [
        911,
        311
      ],
      [
        976,
        312
      ],
      [
        977,
        376
      ],
      [
        911,
        375
      ]
    ]
  },
  {
    "transcription": "Q.",
    "points": [
      [
        862,
        318
      ],
      [
        904,
        319
      ],
      [
        905,
        376
      ],
      [
        861,
        377
      ]
    ]
  },
  {
    "transcription": "2,",
    "points": [
      [
        820,
        319
      ],
      [
        857,
        320
      ],
      [
        856,
        379
      ],
      [
        818,
        379
      ]
    ]
  }
]