[
  {
    "transcription": "PH\u00daC",
    "points": [
      [
        266,
        3
      ],
      [
        344,
        3
      ],
      [
        344,
        48
      ],
      [
        266,
        48
      ]
    ]
  },
  {
    "transcription": "H\u1ea0NH",
    "points": [
      [
        181,
        7
      ],
      [
        260,
        7
      ],
      [
        260,
        54
      ],
      [
        181,
        53
      ]
    ]
  },
  {
    "transcription": "CH\u00d2NG",
    "points": [
      [
        71,
        3
      ],
      [
        176,
        2
      ],
      [
        176,
        47
      ],
      [
        71,
        48
      ]
    ]
  },
  {
    "transcription": "PH\u00daC",
    "points": [
      [
        265,
        1
      ],
      [
        345,
        1
      ],
      [
        345,
        47
      ],
      [
        265,
        47
      ]
    ]
  },
  {
    "transcription": "CH\u1ed2NG",
    "points": [
      [
        72,
        4
      ],
      [
        176,
        4
      ],
      [
        176,
        46
      ],
      [
        72,
        46
      ]
    ]
  },
  {
    "transcription": "H\u1ea0NH",
    "points": [
      [
        181,
        8
      ],
      [
        261,
        8
      ],
      [
        261,
        56
      ],
      [
        181,
        56
      ]
    ]
  }
]