[
  {
    "transcription": "EM",
    "points": [
      [
        179,
        33
      ],
      [
        204,
        35
      ],
      [
        204,
        57
      ],
      [
        179,
        55
      ]
    ]
  },
  {
    "transcription": "TR\u01af\u1edcNG",
    "points": [
      [
        111,
        22
      ],
      [
        177,
        29
      ],
      [
        177,
        55
      ],
      [
        111,
        48
      ]
    ]
  },
  {
    "transcription": "AN",
    "points": [
      [
        288,
        47
      ],
      [
        308,
        47
      ],
      [
        308,
        68
      ],
      [
        288,
        67
      ]
    ]
  },
  {
    "transcription": "\u0110\u1eb8P,",
    "points": [
      [
        252,
        42
      ],
      [
        286,
        44
      ],
      [
        286,
        68
      ],
      [
        252,
        66
      ]
    ]
  },
  {
    "transcription": "TO\u00c0N",
    "points": [
      [
        310,
        46
      ],
      [
        346,
        49
      ],
      [
        346,
        71
      ],
      [
        310,
        69
      ]
    ]
  },
  {
    "transcription": "C\u1ed4NG",
    "points": [
      [
        61,
        11
      ],
      [
        107,
        16
      ],
      [
        108,
        47
      ],
      [
        61,
        42
      ]
    ]
  },
  {
    "transcription": "S\u1ea0CH,",
    "points": [
      [
        206,
        36
      ],
      [
        248,
        39
      ],
      [
        249,
        65
      ],
      [
        206,
        61
      ]
    ]
  },
  {
    "transcription": "TNHH",
    "points": [
      [
        298,
        187
      ],
      [
        325,
        187
      ],
      [
        325,
        210
      ],
      [
        299,
        211
      ]
    ]
  },
  {
    "transcription": "AN",
    "points": [
      [
        289,
        48
      ],
      [
        307,
        48
      ],
      [
        307,
        66
      ],
      [
        289,
        66
      ]
    ]
  },
  {
    "transcription": "C\u1ed4NG",
    "points": [
      [
        60,
        12
      ],
      [
        108,
        12
      ],
      [
        108,
        46
      ],
      [
        60,
        46
      ]
    ]
  },
  {
    "transcription": "\u0110\u1eb8P",
    "points": [
      [
        252,
        44
      ],
      [
        282,
        44
      ],
      [
        282,
        66
      ],
      [
        252,
        66
      ]
    ]
  },
  {
    "transcription": "EM",
    "points": [
      [
        179,
        35
      ],
      [
        203,
        35
      ],
      [
        203,
        55
      ],
      [
        179,
        55
      ]
    ]
  },
  {
    "transcription": "S\u1ea0CH,",
    "points": [
      [
        207,
        38
      ],
      [
        249,
        38
      ],
      [
        249,
        64
      ],
      [
        207,
        64
      ]
    ]
  },
  {
    "transcription": "TO\u00c0N",
    "points": [
      [
        311,
        47
      ],
      [
        345,
        47
      ],
      [
        345,
        69
      ],
      [
        311,
        69
      ]
    ]
  },
  {
    "transcription": "TR\u01af\u1edcNG",
    "points": [
      [
        111,
        23
      ],
      [
        175,
        23
      ],
      [
        175,
        53
      ],
      [
        111,
        53
      ]
    ]
  }
]