[
  {
    "transcription": "CN",
    "points": [
      [
        64,
        144
      ],
      [
        125,
        144
      ],
      [
        125,
        189
      ],
      [
        64,
        190
      ]
    ]
  },
  {
    "transcription": "FITNESS",
    "points": [
      [
        369,
        277
      ],
      [
        809,
        278
      ],
      [
        813,
        385
      ],
      [
        369,
        386
      ]
    ]
  },
  {
    "transcription": "T\u1eacP",
    "points": [
      [
        542,
        140
      ],
      [
        622,
        138
      ],
      [
        623,
        195
      ],
      [
        543,
        195
      ]
    ]
  },
  {
    "transcription": "THANH",
    "points": [
      [
        961,
        148
      ],
      [
        1112,
        146
      ],
      [
        1112,
        187
      ],
      [
        960,
        188
      ]
    ]
  },
  {
    "transcription": "\u0110O\u00c0N",
    "points": [
      [
        633,
        140
      ],
      [
        760,
        140
      ],
      [
        761,
        190
      ],
      [
        633,
        190
      ]
    ]
  },
  {
    "transcription": "THAO",
    "points": [
      [
        536,
        89
      ],
      [
        656,
        88
      ],
      [
        656,
        134
      ],
      [
        536,
        135
      ]
    ]
  },
  {
    "transcription": "C\u00d4NG",
    "points": [
      [
        137,
        138
      ],
      [
        265,
        138
      ],
      [
        265,
        188
      ],
      [
        137,
        189
      ]
    ]
  },
  {
    "transcription": "TY",
    "points": [
      [
        273,
        146
      ],
      [
        330,
        145
      ],
      [
        329,
        191
      ],
      [
        275,
        192
      ]
    ]
  },
  {
    "transcription": "TRUNG",
    "points": [
      [
        168,
        88
      ],
      [
        325,
        89
      ],
      [
        326,
        132
      ],
      [
        169,
        130
      ]
    ]
  },
  {
    "transcription": "M\u01af\u1edcNG",
    "points": [
      [
        668,
        88
      ],
      [
        844,
        87
      ],
      [
        845,
        132
      ],
      [
        668,
        132
      ]
    ]
  },
  {
    "transcription": "PH\u1ea6N",
    "points": [
      [
        411,
        137
      ],
      [
        532,
        137
      ],
      [
        533,
        190
      ],
      [
        411,
        191
      ]
    ]
  },
  {
    "transcription": "THANH",
    "points": [
      [
        857,
        89
      ],
      [
        1008,
        90
      ],
      [
        1008,
        132
      ],
      [
        856,
        131
      ]
    ]
  },
  {
    "transcription": "T\u00c2M",
    "points": [
      [
        335,
        82
      ],
      [
        431,
        82
      ],
      [
        432,
        134
      ],
      [
        336,
        134
      ]
    ]
  },
  {
    "transcription": "M\u01af\u1edcNG",
    "points": [
      [
        772,
        143
      ],
      [
        949,
        142
      ],
      [
        950,
        188
      ],
      [
        772,
        188
      ]
    ]
  },
  {
    "transcription": "TH\u1ec2",
    "points": [
      [
        441,
        80
      ],
      [
        527,
        78
      ],
      [
        528,
        135
      ],
      [
        441,
        135
      ]
    ]
  },
  {
    "transcription": "C\u1ed4",
    "points": [
      [
        340,
        136
      ],
      [
        401,
        136
      ],
      [
        401,
        189
      ],
      [
        339,
        189
      ]
    ]
  }
]