[
  {
    "transcription": "T",
    "points": [
      [
        7,
        26
      ],
      [
        27,
        25
      ],
      [
        27,
        74
      ],
      [
        6,
        75
      ]
    ]
  },
  {
    "transcription": "QU\u1ed0C",
    "points": [
      [
        149,
        48
      ],
      [
        186,
        48
      ],
      [
        186,
        73
      ],
      [
        149,
        73
      ]
    ]
  },
  {
    "transcription": "LUKE",
    "points": [
      [
        128,
        5
      ],
      [
        286,
        7
      ],
      [
        281,
        58
      ],
      [
        123,
        52
      ]
    ]
  },
  {
    "transcription": "-",
    "points": [
      [
        41,
        74
      ],
      [
        66,
        74
      ],
      [
        67,
        94
      ],
      [
        41,
        94
      ]
    ]
  },
  {
    "transcription": "S\u01af",
    "points": [
      [
        82,
        42
      ],
      [
        106,
        42
      ],
      [
        106,
        68
      ],
      [
        82,
        68
      ]
    ]
  },
  {
    "transcription": "L\u01af\u01a0NG",
    "points": [
      [
        29,
        38
      ],
      [
        80,
        40
      ],
      [
        81,
        66
      ],
      [
        29,
        63
      ]
    ]
  },
  {
    "transcription": "H\u01afNG",
    "points": [
      [
        107,
        46
      ],
      [
        146,
        46
      ],
      [
        146,
        71
      ],
      [
        107,
        70
      ]
    ]
  }
]