[
  {
    "transcription": "THAM",
    "points": [
      [
        195,
        149
      ],
      [
        242,
        161
      ],
      [
        241,
        182
      ],
      [
        193,
        170
      ]
    ]
  },
  {
    "transcription": "D\u1ef0",
    "points": [
      [
        245,
        164
      ],
      [
        270,
        170
      ],
      [
        268,
        190
      ],
      [
        243,
        185
      ]
    ]
  },
  {
    "transcription": "PHONG",
    "points": [
      [
        190,
        218
      ],
      [
        275,
        240
      ],
      [
        274,
        259
      ],
      [
        188,
        240
      ]
    ]
  },
  {
    "transcription": "M\u1eeaNG",
    "points": [
      [
        217,
        112
      ],
      [
        267,
        125
      ],
      [
        266,
        148
      ],
      [
        215,
        136
      ]
    ]
  },
  {
    "transcription": "NG\u00d4",
    "points": [
      [
        126,
        200
      ],
      [
        186,
        212
      ],
      [
        185,
        238
      ],
      [
        124,
        226
      ]
    ]
  },
  {
    "transcription": "CH\u00c0O",
    "points": [
      [
        170,
        99
      ],
      [
        215,
        109
      ],
      [
        213,
        132
      ],
      [
        168,
        122
      ]
    ]
  },
  {
    "transcription": "QUAN",
    "points": [
      [
        182,
        125
      ],
      [
        226,
        136
      ],
      [
        226,
        157
      ],
      [
        180,
        146
      ]
    ]
  },
  {
    "transcription": "NI\u1ec6M",
    "points": [
      [
        197,
        191
      ],
      [
        243,
        201
      ],
      [
        241,
        226
      ],
      [
        194,
        215
      ]
    ]
  },
  {
    "transcription": "QU\u00dd",
    "points": [
      [
        144,
        113
      ],
      [
        180,
        120
      ],
      [
        178,
        143
      ],
      [
        142,
        136
      ]
    ]
  },
  {
    "transcription": "KH\u00c1CH",
    "points": [
      [
        230,
        139
      ],
      [
        284,
        151
      ],
      [
        283,
        172
      ],
      [
        228,
        160
      ]
    ]
  },
  {
    "transcription": "\u0110\u1ebeN",
    "points": [
      [
        154,
        137
      ],
      [
        192,
        144
      ],
      [
        190,
        167
      ],
      [
        152,
        159
      ]
    ]
  },
  {
    "transcription": "K\u1ef6",
    "points": [
      [
        170,
        184
      ],
      [
        195,
        187
      ],
      [
        192,
        210
      ],
      [
        168,
        205
      ]
    ]
  },
  {
    "transcription": "CH\u01af\u1ee2NG",
    "points": [
      [
        146,
        157
      ],
      [
        217,
        175
      ],
      [
        216,
        195
      ],
      [
        144,
        177
      ]
    ]
  },
  {
    "transcription": "TR\u1ec8NH",
    "points": [
      [
        221,
        177
      ],
      [
        272,
        189
      ],
      [
        270,
        210
      ],
      [
        219,
        199
      ]
    ]
  }
]