[
  {
    "transcription": "NH\u1ed0",
    "points": [
      [
        28,
        11
      ],
      [
        263,
        8
      ],
      [
        263,
        86
      ],
      [
        27,
        87
      ]
    ]
  },
  {
    "transcription": "B",
    "points": [
      [
        31,
        179
      ],
      [
        107,
        179
      ],
      [
        109,
        257
      ],
      [
        31,
        257
      ]
    ]
  },
  {
    "transcription": ":",
    "points": [
      [
        63,
        193
      ],
      [
        84,
        192
      ],
      [
        84,
        245
      ],
      [
        61,
        245
      ]
    ]
  },
  {
    "transcription": "T\u00f3c",
    "points": [
      [
        43,
        95
      ],
      [
        251,
        98
      ],
      [
        252,
        172
      ],
      [
        45,
        172
      ]
    ]
  }
]