[
  {
    "transcription": "VI\u1ec6T",
    "points": [
      [
        435,
        175
      ],
      [
        504,
        177
      ],
      [
        504,
        213
      ],
      [
        436,
        211
      ]
    ]
  },
  {
    "transcription": "QU\u1ea2NG",
    "points": [
      [
        252,
        163
      ],
      [
        369,
        164
      ],
      [
        371,
        203
      ],
      [
        251,
        202
      ]
    ]
  },
  {
    "transcription": "C\u00c1O",
    "points": [
      [
        373,
        170
      ],
      [
        432,
        172
      ],
      [
        434,
        205
      ],
      [
        373,
        204
      ]
    ]
  },
  {
    "transcription": "C\u00c1O",
    "points": [
      [
        374,
        174
      ],
      [
        432,
        174
      ],
      [
        432,
        202
      ],
      [
        374,
        202
      ]
    ]
  },
  {
    "transcription": "QU\u1ea2NG",
    "points": [
      [
        251,
        166
      ],
      [
        367,
        166
      ],
      [
        367,
        200
      ],
      [
        251,
        200
      ]
    ]
  },
  {
    "transcription": "VI\u1ec6T",
    "points": [
      [
        436,
        177
      ],
      [
        502,
        177
      ],
      [
        502,
        211
      ],
      [
        436,
        211
      ]
    ]
  }
]