[
  {
    "transcription": "THAO",
    "points": [
      [
        685,
        118
      ],
      [
        871,
        122
      ],
      [
        870,
        175
      ],
      [
        685,
        176
      ]
    ]
  },
  {
    "transcription": "TRANG",
    "points": [
      [
        297,
        119
      ],
      [
        529,
        121
      ],
      [
        530,
        173
      ],
      [
        297,
        173
      ]
    ]
  },
  {
    "transcription": "TH\u1ec2",
    "points": [
      [
        539,
        105
      ],
      [
        672,
        104
      ],
      [
        673,
        175
      ],
      [
        540,
        176
      ]
    ]
  },
  {
    "transcription": "TH\u1edcI",
    "points": [
      [
        119,
        104
      ],
      [
        283,
        103
      ],
      [
        284,
        172
      ],
      [
        119,
        172
      ]
    ]
  },
  {
    "transcription": "TSPORT",
    "points": [
      [
        73,
        252
      ],
      [
        904,
        262
      ],
      [
        902,
        400
      ],
      [
        66,
        419
      ]
    ]
  },
  {
    "transcription": "THAO",
    "points": [
      [
        687,
        121
      ],
      [
        871,
        121
      ],
      [
        871,
        173
      ],
      [
        687,
        173
      ]
    ]
  },
  {
    "transcription": "TRANG",
    "points": [
      [
        299,
        119
      ],
      [
        527,
        119
      ],
      [
        527,
        173
      ],
      [
        299,
        173
      ]
    ]
  },
  {
    "transcription": "TH\u1ec2",
    "points": [
      [
        540,
        104
      ],
      [
        674,
        104
      ],
      [
        674,
        174
      ],
      [
        540,
        174
      ]
    ]
  },
  {
    "transcription": "TH\u1edcI",
    "points": [
      [
        121,
        108
      ],
      [
        285,
        108
      ],
      [
        285,
        170
      ],
      [
        121,
        170
      ]
    ]
  }
]