[
  {
    "transcription": "DOLE",
    "points": [
      [
        33,
        93
      ],
      [
        224,
        93
      ],
      [
        228,
        142
      ],
      [
        31,
        141
      ]
    ]
  },
  {
    "transcription": "SX",
    "points": [
      [
        225,
        51
      ],
      [
        269,
        52
      ],
      [
        270,
        88
      ],
      [
        225,
        88
      ]
    ]
  },
  {
    "transcription": "H\u00c0NG",
    "points": [
      [
        272,
        49
      ],
      [
        355,
        49
      ],
      [
        356,
        90
      ],
      [
        272,
        89
      ]
    ]
  },
  {
    "transcription": "C\u00d4NG",
    "points": [
      [
        1,
        46
      ],
      [
        88,
        48
      ],
      [
        88,
        86
      ],
      [
        0,
        86
      ]
    ]
  },
  {
    "transcription": "TNHH",
    "points": [
      [
        138,
        52
      ],
      [
        220,
        52
      ],
      [
        221,
        88
      ],
      [
        138,
        88
      ]
    ]
  },
  {
    "transcription": "TY",
    "points": [
      [
        91,
        47
      ],
      [
        134,
        48
      ],
      [
        134,
        90
      ],
      [
        92,
        90
      ]
    ]
  },
  {
    "transcription": "TN",
    "points": [
      [
        137,
        55
      ],
      [
        176,
        55
      ],
      [
        176,
        87
      ],
      [
        137,
        87
      ]
    ]
  }
]