[
  {
    "transcription": "RU\u1ed2I",
    "points": [
      [
        113,
        5
      ],
      [
        174,
        5
      ],
      [
        174,
        52
      ],
      [
        113,
        52
      ]
    ]
  },
  {
    "transcription": "N\u1ed0T",
    "points": [
      [
        58,
        5
      ],
      [
        109,
        5
      ],
      [
        108,
        52
      ],
      [
        58,
        52
      ]
    ]
  },
  {
    "transcription": "\u0110\u1ea6U",
    "points": [
      [
        244,
        5
      ],
      [
        298,
        5
      ],
      [
        298,
        52
      ],
      [
        244,
        52
      ]
    ]
  },
  {
    "transcription": "T\u1ea8Y",
    "points": [
      [
        2,
        4
      ],
      [
        53,
        5
      ],
      [
        54,
        51
      ],
      [
        3,
        51
      ]
    ]
  },
  {
    "transcription": "G\u1ed8I",
    "points": [
      [
        194,
        9
      ],
      [
        240,
        9
      ],
      [
        240,
        56
      ],
      [
        194,
        56
      ]
    ]
  },
  {
    "transcription": "T\u1ea8Y",
    "points": [
      [
        6,
        3
      ],
      [
        52,
        3
      ],
      [
        52,
        53
      ],
      [
        6,
        53
      ]
    ]
  },
  {
    "transcription": "RU\u1ed2I",
    "points": [
      [
        115,
        5
      ],
      [
        173,
        5
      ],
      [
        173,
        51
      ],
      [
        115,
        51
      ]
    ]
  },
  {
    "transcription": "\u0110\u1ea6U",
    "points": [
      [
        245,
        5
      ],
      [
        297,
        5
      ],
      [
        297,
        51
      ],
      [
        245,
        51
      ]
    ]
  },
  {
    "transcription": "G\u1ed8I",
    "points": [
      [
        197,
        10
      ],
      [
        239,
        10
      ],
      [
        239,
        56
      ],
      [
        197,
        56
      ]
    ]
  },
  {
    "transcription": "N\u1ed0T",
    "points": [
      [
        58,
        4
      ],
      [
        108,
        4
      ],
      [
        108,
        52
      ],
      [
        58,
        52
      ]
    ]
  }
]