[
  {
    "transcription": "NG\u1eccC",
    "points": [
      [
        203,
        2
      ],
      [
        696,
        5
      ],
      [
        698,
        217
      ],
      [
        203,
        206
      ]
    ]
  },
  {
    "transcription": "SINH",
    "points": [
      [
        1111,
        265
      ],
      [
        1315,
        265
      ],
      [
        1314,
        366
      ],
      [
        1110,
        366
      ]
    ]
  },
  {
    "transcription": "\u0110\u1ed2",
    "points": [
      [
        846,
        239
      ],
      [
        969,
        238
      ],
      [
        968,
        368
      ],
      [
        844,
        369
      ]
    ]
  },
  {
    "transcription": "S\u01a0",
    "points": [
      [
        981,
        259
      ],
      [
        1097,
        257
      ],
      [
        1096,
        366
      ],
      [
        980,
        367
      ]
    ]
  },
  {
    "transcription": "DI\u1ec6P",
    "points": [
      [
        738,
        1
      ],
      [
        1142,
        4
      ],
      [
        1129,
        223
      ],
      [
        739,
        219
      ]
    ]
  },
  {
    "transcription": "B\u1ec8M",
    "points": [
      [
        397,
        232
      ],
      [
        558,
        233
      ],
      [
        558,
        363
      ],
      [
        396,
        359
      ]
    ]
  },
  {
    "transcription": "CHUY\u00caN:",
    "points": [
      [
        22,
        228
      ],
      [
        386,
        231
      ],
      [
        386,
        357
      ],
      [
        23,
        353
      ]
    ]
  },
  {
    "transcription": "-",
    "points": [
      [
        570,
        299
      ],
      [
        605,
        299
      ],
      [
        605,
        335
      ],
      [
        570,
        334
      ]
    ]
  },
  {
    "transcription": "S\u1eeeA",
    "points": [
      [
        617,
        244
      ],
      [
        782,
        247
      ],
      [
        782,
        370
      ],
      [
        616,
        365
      ]
    ]
  },
  {
    "transcription": "-",
    "points": [
      [
        797,
        297
      ],
      [
        837,
        298
      ],
      [
        836,
        341
      ],
      [
        797,
        341
      ]
    ]
  },
  {
    "transcription": "-",
    "points": [
      [
        800,
        303
      ],
      [
        836,
        303
      ],
      [
        836,
        331
      ],
      [
        800,
        331
      ]
    ]
  },
  {
    "transcription": "S\u01a0",
    "points": [
      [
        977,
        260
      ],
      [
        1097,
        260
      ],
      [
        1097,
        366
      ],
      [
        977,
        366
      ]
    ]
  },
  {
    "transcription": "SINH",
    "points": [
      [
        1106,
        269
      ],
      [
        1316,
        269
      ],
      [
        1316,
        369
      ],
      [
        1106,
        369
      ]
    ]
  },
  {
    "transcription": "CHUY\u00caN:",
    "points": [
      [
        24,
        234
      ],
      [
        386,
        234
      ],
      [
        386,
        358
      ],
      [
        24,
        358
      ]
    ]
  },
  {
    "transcription": "S\u1eeeA",
    "points": [
      [
        616,
        245
      ],
      [
        784,
        245
      ],
      [
        784,
        363
      ],
      [
        616,
        363
      ]
    ]
  },
  {
    "transcription": "\u0110\u1ed2",
    "points": [
      [
        846,
        240
      ],
      [
        968,
        240
      ],
      [
        968,
        368
      ],
      [
        846,
        368
      ]
    ]
  },
  {
    "transcription": "NG\u1eccC",
    "points": [
      [
        200,
        0
      ],
      [
        688,
        0
      ],
      [
        688,
        226
      ],
      [
        200,
        226
      ]
    ]
  },
  {
    "transcription": "B\u1ec8M",
    "points": [
      [
        396,
        232
      ],
      [
        562,
        232
      ],
      [
        562,
        362
      ],
      [
        396,
        362
      ]
    ]
  },
  {
    "transcription": "DI\u1ec6P",
    "points": [
      [
        740,
        1
      ],
      [
        1136,
        1
      ],
      [
        1136,
        229
      ],
      [
        740,
        229
      ]
    ]
  }
]