[
  {
    "transcription": "and",
    "points": [
      [
        291,
        30
      ],
      [
        357,
        28
      ],
      [
        357,
        73
      ],
      [
        291,
        73
      ]
    ]
  },
  {
    "transcription": "Magazine",
    "points": [
      [
        475,
        26
      ],
      [
        647,
        26
      ],
      [
        648,
        74
      ],
      [
        475,
        76
      ]
    ]
  },
  {
    "transcription": "Youth",
    "points": [
      [
        361,
        25
      ],
      [
        468,
        27
      ],
      [
        469,
        72
      ],
      [
        361,
        72
      ]
    ]
  },
  {
    "transcription": "Mathematics",
    "points": [
      [
        60,
        30
      ],
      [
        286,
        30
      ],
      [
        287,
        73
      ],
      [
        61,
        74
      ]
    ]
  }
]