[
  {
    "transcription": "VI\u1ec6C",
    "points": [
      [
        553,
        10
      ],
      [
        584,
        10
      ],
      [
        585,
        31
      ],
      [
        554,
        31
      ]
    ]
  },
  {
    "transcription": "NGH\u1eca",
    "points": [
      [
        830,
        9
      ],
      [
        864,
        10
      ],
      [
        866,
        27
      ],
      [
        831,
        27
      ]
    ]
  },
  {
    "transcription": "MI\u1ec4N",
    "points": [
      [
        289,
        9
      ],
      [
        328,
        9
      ],
      [
        328,
        28
      ],
      [
        289,
        28
      ]
    ]
  },
  {
    "transcription": "T\u1ea6NG",
    "points": [
      [
        609,
        9
      ],
      [
        645,
        9
      ],
      [
        647,
        28
      ],
      [
        610,
        28
      ]
    ]
  },
  {
    "transcription": "T\u1ea0I",
    "points": [
      [
        586,
        12
      ],
      [
        608,
        12
      ],
      [
        609,
        31
      ],
      [
        587,
        30
      ]
    ]
  },
  {
    "transcription": "KH\u00d4NG",
    "points": [
      [
        357,
        10
      ],
      [
        405,
        10
      ],
      [
        406,
        28
      ],
      [
        357,
        28
      ]
    ]
  },
  {
    "transcription": "THANH",
    "points": [
      [
        785,
        10
      ],
      [
        829,
        10
      ],
      [
        831,
        27
      ],
      [
        787,
        27
      ]
    ]
  },
  {
    "transcription": "GIAN",
    "points": [
      [
        407,
        12
      ],
      [
        441,
        12
      ],
      [
        441,
        28
      ],
      [
        407,
        28
      ]
    ]
  },
  {
    "transcription": "H\u1eccC",
    "points": [
      [
        443,
        13
      ],
      [
        471,
        13
      ],
      [
        472,
        31
      ],
      [
        443,
        30
      ]
    ]
  },
  {
    "transcription": "L\u00c0M",
    "points": [
      [
        522,
        10
      ],
      [
        552,
        10
      ],
      [
        553,
        28
      ],
      [
        522,
        28
      ]
    ]
  },
  {
    "transcription": "N\u1eb4NG",
    "points": [
      [
        891,
        5
      ],
      [
        927,
        5
      ],
      [
        931,
        26
      ],
      [
        895,
        26
      ]
    ]
  },
  {
    "transcription": "T\u1eacP",
    "points": [
      [
        473,
        11
      ],
      [
        499,
        11
      ],
      [
        500,
        30
      ],
      [
        473,
        30
      ]
    ]
  },
  {
    "transcription": "\u0110\u00c1",
    "points": [
      [
        871,
        8
      ],
      [
        889,
        7
      ],
      [
        894,
        26
      ],
      [
        875,
        27
      ]
    ]
  },
  {
    "transcription": "L\u00ca",
    "points": [
      [
        767,
        9
      ],
      [
        783,
        9
      ],
      [
        786,
        27
      ],
      [
        770,
        27
      ]
    ]
  },
  {
    "transcription": "CH\u1ec8:",
    "points": [
      [
        711,
        8
      ],
      [
        739,
        8
      ],
      [
        741,
        28
      ],
      [
        713,
        28
      ]
    ]
  },
  {
    "transcription": "V\u00c0",
    "points": [
      [
        501,
        10
      ],
      [
        519,
        11
      ],
      [
        522,
        29
      ],
      [
        502,
        28
      ]
    ]
  },
  {
    "transcription": "\u0110\u1ecaA",
    "points": [
      [
        685,
        12
      ],
      [
        708,
        12
      ],
      [
        712,
        30
      ],
      [
        688,
        30
      ]
    ]
  },
  {
    "transcription": "PH\u00cd",
    "points": [
      [
        330,
        11
      ],
      [
        355,
        11
      ],
      [
        354,
        28
      ],
      [
        330,
        28
      ]
    ]
  },
  {
    "transcription": "294",
    "points": [
      [
        741,
        10
      ],
      [
        766,
        11
      ],
      [
        768,
        28
      ],
      [
        741,
        28
      ]
    ]
  },
  {
    "transcription": "3",
    "points": [
      [
        647,
        13
      ],
      [
        656,
        12
      ],
      [
        658,
        27
      ],
      [
        650,
        28
      ]
    ]
  },
  {
    "transcription": "4",
    "points": [
      [
        668,
        12
      ],
      [
        677,
        12
      ],
      [
        679,
        28
      ],
      [
        669,
        27
      ]
    ]
  },
  {
    "transcription": "1",
    "points": [
      [
        680,
        12
      ],
      [
        686,
        12
      ],
      [
        686,
        26
      ],
      [
        680,
        26
      ]
    ]
  },
  {
    "transcription": "4",
    "points": [
      [
        669,
        12
      ],
      [
        679,
        12
      ],
      [
        679,
        26
      ],
      [
        669,
        26
      ]
    ]
  },
  {
    "transcription": "3",
    "points": [
      [
        648,
        12
      ],
      [
        658,
        12
      ],
      [
        658,
        26
      ],
      [
        648,
        26
      ]
    ]
  },
  {
    "transcription": "L\u00ca",
    "points": [
      [
        768,
        9
      ],
      [
        784,
        9
      ],
      [
        784,
        25
      ],
      [
        768,
        25
      ]
    ]
  },
  {
    "transcription": "\u0110\u1ecaA",
    "points": [
      [
        687,
        12
      ],
      [
        711,
        12
      ],
      [
        711,
        28
      ],
      [
        687,
        28
      ]
    ]
  },
  {
    "transcription": "V\u00c0",
    "points": [
      [
        502,
        9
      ],
      [
        520,
        9
      ],
      [
        520,
        27
      ],
      [
        502,
        27
      ]
    ]
  },
  {
    "transcription": "\u0110\u00c1",
    "points": [
      [
        874,
        8
      ],
      [
        892,
        8
      ],
      [
        892,
        26
      ],
      [
        874,
        26
      ]
    ]
  },
  {
    "transcription": "294",
    "points": [
      [
        742,
        10
      ],
      [
        766,
        10
      ],
      [
        766,
        26
      ],
      [
        742,
        26
      ]
    ]
  },
  {
    "transcription": "T\u1ea0I",
    "points": [
      [
        586,
        13
      ],
      [
        608,
        13
      ],
      [
        608,
        29
      ],
      [
        586,
        29
      ]
    ]
  },
  {
    "transcription": "H\u1eccC",
    "points": [
      [
        443,
        13
      ],
      [
        471,
        13
      ],
      [
        471,
        29
      ],
      [
        443,
        29
      ]
    ]
  },
  {
    "transcription": "PH\u00cd",
    "points": [
      [
        330,
        9
      ],
      [
        354,
        9
      ],
      [
        354,
        27
      ],
      [
        330,
        27
      ]
    ]
  },
  {
    "transcription": "GIAN",
    "points": [
      [
        408,
        13
      ],
      [
        440,
        13
      ],
      [
        440,
        27
      ],
      [
        408,
        27
      ]
    ]
  },
  {
    "transcription": "CH\u1ec8:",
    "points": [
      [
        712,
        8
      ],
      [
        740,
        8
      ],
      [
        740,
        26
      ],
      [
        712,
        26
      ]
    ]
  },
  {
    "transcription": "NGHI",
    "points": [
      [
        830,
        10
      ],
      [
        864,
        10
      ],
      [
        864,
        26
      ],
      [
        830,
        26
      ]
    ]
  },
  {
    "transcription": "L\u00c0M",
    "points": [
      [
        523,
        9
      ],
      [
        551,
        9
      ],
      [
        551,
        27
      ],
      [
        523,
        27
      ]
    ]
  },
  {
    "transcription": "T\u1eacP",
    "points": [
      [
        473,
        10
      ],
      [
        499,
        10
      ],
      [
        499,
        28
      ],
      [
        473,
        28
      ]
    ]
  },
  {
    "transcription": "THANH",
    "points": [
      [
        786,
        10
      ],
      [
        830,
        10
      ],
      [
        830,
        26
      ],
      [
        786,
        26
      ]
    ]
  },
  {
    "transcription": "MI\u1ec4N",
    "points": [
      [
        291,
        9
      ],
      [
        327,
        9
      ],
      [
        327,
        27
      ],
      [
        291,
        27
      ]
    ]
  },
  {
    "transcription": "VI\u1ec6C",
    "points": [
      [
        553,
        11
      ],
      [
        583,
        11
      ],
      [
        583,
        29
      ],
      [
        553,
        29
      ]
    ]
  },
  {
    "transcription": "T\u1ea6NG",
    "points": [
      [
        611,
        9
      ],
      [
        645,
        9
      ],
      [
        645,
        27
      ],
      [
        611,
        27
      ]
    ]
  },
  {
    "transcription": "N\u1eb4NG",
    "points": [
      [
        894,
        5
      ],
      [
        930,
        5
      ],
      [
        930,
        25
      ],
      [
        894,
        25
      ]
    ]
  },
  {
    "transcription": "KH\u00d4NG",
    "points": [
      [
        358,
        9
      ],
      [
        404,
        9
      ],
      [
        404,
        27
      ],
      [
        358,
        27
      ]
    ]
  }
]