[
  {
    "transcription": "PH\u1ede",
    "points": [
      [
        114,
        217
      ],
      [
        282,
        181
      ],
      [
        282,
        306
      ],
      [
        117,
        338
      ]
    ]
  },
  {
    "transcription": "C\u01a0M",
    "points": [
      [
        99,
        64
      ],
      [
        262,
        53
      ],
      [
        265,
        168
      ],
      [
        102,
        179
      ]
    ]
  },
  {
    "transcription": "RANG",
    "points": [
      [
        275,
        61
      ],
      [
        439,
        54
      ],
      [
        439,
        149
      ],
      [
        274,
        158
      ]
    ]
  },
  {
    "transcription": "M\u1ef2",
    "points": [
      [
        121,
        360
      ],
      [
        247,
        323
      ],
      [
        245,
        437
      ],
      [
        121,
        472
      ]
    ]
  },
  {
    "transcription": "X\u00c0O",
    "points": [
      [
        332,
        219
      ],
      [
        431,
        215
      ],
      [
        430,
        360
      ],
      [
        329,
        373
      ]
    ]
  },
  {
    "transcription": "Kh\u00e1ch",
    "points": [
      [
        225,
        454
      ],
      [
        302,
        427
      ],
      [
        302,
        462
      ],
      [
        224,
        494
      ]
    ]
  },
  {
    "transcription": "Ch\u00e1o",
    "points": [
      [
        99,
        506
      ],
      [
        166,
        485
      ],
      [
        166,
        520
      ],
      [
        98,
        544
      ]
    ]
  },
  {
    "transcription": "Olyon",
    "points": [
      [
        303,
        428
      ],
      [
        361,
        412
      ],
      [
        362,
        441
      ],
      [
        305,
        462
      ]
    ]
  },
  {
    "transcription": "Qu\u00fa",
    "points": [
      [
        171,
        471
      ],
      [
        222,
        461
      ],
      [
        220,
        506
      ],
      [
        169,
        517
      ]
    ]
  },
  {
    "transcription": "!",
    "points": [
      [
        420,
        386
      ],
      [
        429,
        384
      ],
      [
        427,
        412
      ],
      [
        418,
        414
      ]
    ]
  },
  {
    "transcription": "!",
    "points": [
      [
        418,
        382
      ],
      [
        428,
        382
      ],
      [
        428,
        414
      ],
      [
        418,
        414
      ]
    ]
  },
  {
    "transcription": "M\u1ef2",
    "points": [
      [
        111,
        321
      ],
      [
        253,
        321
      ],
      [
        253,
        475
      ],
      [
        111,
        475
      ]
    ]
  },
  {
    "transcription": "Qlyon",
    "points": [
      [
        304,
        415
      ],
      [
        360,
        415
      ],
      [
        360,
        461
      ],
      [
        304,
        461
      ]
    ]
  },
  {
    "transcription": "PH\u1ede",
    "points": [
      [
        110,
        182
      ],
      [
        288,
        182
      ],
      [
        288,
        338
      ],
      [
        110,
        338
      ]
    ]
  },
  {
    "transcription": "RANG",
    "points": [
      [
        270,
        57
      ],
      [
        442,
        57
      ],
      [
        442,
        161
      ],
      [
        270,
        161
      ]
    ]
  },
  {
    "transcription": "C\u01a0M",
    "points": [
      [
        95,
        54
      ],
      [
        267,
        54
      ],
      [
        267,
        180
      ],
      [
        95,
        180
      ]
    ]
  },
  {
    "transcription": "Ch\u00e1o",
    "points": [
      [
        96,
        487
      ],
      [
        168,
        487
      ],
      [
        168,
        545
      ],
      [
        96,
        545
      ]
    ]
  },
  {
    "transcription": "Th\u00e1nh",
    "points": [
      [
        224,
        431
      ],
      [
        302,
        431
      ],
      [
        302,
        493
      ],
      [
        224,
        493
      ]
    ]
  },
  {
    "transcription": "Qu\u00fa",
    "points": [
      [
        168,
        460
      ],
      [
        222,
        460
      ],
      [
        222,
        518
      ],
      [
        168,
        518
      ]
    ]
  },
  {
    "transcription": "X\u00c0O",
    "points": [
      [
        330,
        208
      ],
      [
        432,
        208
      ],
      [
        432,
        378
      ],
      [
        330,
        378
      ]
    ]
  }
]