[
  {
    "transcription": "16",
    "points": [
      [
        121,
        343
      ],
      [
        162,
        342
      ],
      [
        158,
        384
      ],
      [
        115,
        385
      ]
    ]
  },
  {
    "transcription": "-",
    "points": [
      [
        419,
        30
      ],
      [
        451,
        29
      ],
      [
        450,
        103
      ],
      [
        418,
        104
      ]
    ]
  },
  {
    "transcription": "\u0110\u1ed8NG",
    "points": [
      [
        252,
        321
      ],
      [
        365,
        314
      ],
      [
        353,
        383
      ],
      [
        238,
        388
      ]
    ]
  },
  {
    "transcription": "B\u00c1N",
    "points": [
      [
        322,
        140
      ],
      [
        499,
        114
      ],
      [
        493,
        242
      ],
      [
        306,
        261
      ]
    ]
  },
  {
    "transcription": ".",
    "points": [
      [
        511,
        175
      ],
      [
        537,
        177
      ],
      [
        529,
        213
      ],
      [
        502,
        212
      ]
    ]
  },
  {
    "transcription": "LAPTOP",
    "points": [
      [
        180,
        44
      ],
      [
        418,
        12
      ],
      [
        406,
        115
      ],
      [
        165,
        145
      ]
    ]
  },
  {
    "transcription": "MAI",
    "points": [
      [
        171,
        338
      ],
      [
        244,
        333
      ],
      [
        235,
        378
      ],
      [
        159,
        382
      ]
    ]
  },
  {
    "transcription": "PC",
    "points": [
      [
        470,
        1
      ],
      [
        563,
        0
      ],
      [
        557,
        95
      ],
      [
        458,
        101
      ]
    ]
  },
  {
    "transcription": "MUA",
    "points": [
      [
        138,
        182
      ],
      [
        301,
        167
      ],
      [
        292,
        267
      ],
      [
        119,
        282
      ]
    ]
  },
  {
    "transcription": "\u0110C:",
    "points": [
      [
        51,
        348
      ],
      [
        111,
        344
      ],
      [
        105,
        388
      ],
      [
        41,
        391
      ]
    ]
  }
]