[
  {
    "transcription": "H\u1eccC",
    "points": [
      [
        399,
        70
      ],
      [
        651,
        69
      ],
      [
        653,
        179
      ],
      [
        400,
        180
      ]
    ]
  },
  {
    "transcription": "TO\u00c0N",
    "points": [
      [
        49,
        65
      ],
      [
        368,
        60
      ],
      [
        372,
        179
      ],
      [
        50,
        182
      ]
    ]
  },
  {
    "transcription": "T\u1ea0P",
    "points": [
      [
        58,
        8
      ],
      [
        169,
        9
      ],
      [
        168,
        68
      ],
      [
        59,
        66
      ]
    ]
  },
  {
    "transcription": "CH\u00cd",
    "points": [
      [
        176,
        3
      ],
      [
        272,
        2
      ],
      [
        272,
        55
      ],
      [
        177,
        56
      ]
    ]
  },
  {
    "transcription": "CH\u00cd",
    "points": [
      [
        177,
        3
      ],
      [
        273,
        3
      ],
      [
        273,
        55
      ],
      [
        177,
        55
      ]
    ]
  },
  {
    "transcription": "H\u1eccC",
    "points": [
      [
        397,
        72
      ],
      [
        651,
        72
      ],
      [
        651,
        186
      ],
      [
        397,
        186
      ]
    ]
  },
  {
    "transcription": "T\u1ea0P",
    "points": [
      [
        58,
        11
      ],
      [
        166,
        11
      ],
      [
        166,
        65
      ],
      [
        58,
        65
      ]
    ]
  },
  {
    "transcription": "TO\u00c0N",
    "points": [
      [
        52,
        58
      ],
      [
        366,
        58
      ],
      [
        366,
        184
      ],
      [
        52,
        184
      ]
    ]
  }
]