[
  {
    "transcription": "CHUY\u00caN:",
    "points": [
      [
        23,
        231
      ],
      [
        386,
        235
      ],
      [
        388,
        357
      ],
      [
        23,
        354
      ]
    ]
  },
  {
    "transcription": "DI\u1ec6P",
    "points": [
      [
        740,
        0
      ],
      [
        1145,
        0
      ],
      [
        1133,
        233
      ],
      [
        739,
        231
      ]
    ]
  },
  {
    "transcription": "B\u1ec8M",
    "points": [
      [
        397,
        230
      ],
      [
        557,
        227
      ],
      [
        558,
        365
      ],
      [
        396,
        363
      ]
    ]
  },
  {
    "transcription": "-",
    "points": [
      [
        566,
        265
      ],
      [
        607,
        261
      ],
      [
        608,
        366
      ],
      [
        566,
        368
      ]
    ]
  },
  {
    "transcription": "S\u01a0",
    "points": [
      [
        980,
        256
      ],
      [
        1098,
        254
      ],
      [
        1098,
        370
      ],
      [
        980,
        372
      ]
    ]
  },
  {
    "transcription": "SINH",
    "points": [
      [
        1112,
        262
      ],
      [
        1314,
        263
      ],
      [
        1314,
        369
      ],
      [
        1110,
        370
      ]
    ]
  },
  {
    "transcription": "S\u1eeeA",
    "points": [
      [
        616,
        243
      ],
      [
        783,
        247
      ],
      [
        784,
        373
      ],
      [
        615,
        369
      ]
    ]
  },
  {
    "transcription": "NG\u1eccC",
    "points": [
      [
        201,
        0
      ],
      [
        695,
        2
      ],
      [
        697,
        228
      ],
      [
        201,
        217
      ]
    ]
  },
  {
    "transcription": "-",
    "points": [
      [
        795,
        266
      ],
      [
        837,
        265
      ],
      [
        837,
        382
      ],
      [
        795,
        383
      ]
    ]
  },
  {
    "transcription": "\u0110\u1ed2",
    "points": [
      [
        847,
        237
      ],
      [
        969,
        234
      ],
      [
        969,
        370
      ],
      [
        846,
        372
      ]
    ]
  }
]