[
  {
    "transcription": "V\u1ee4",
    "points": [
      [
        459,
        54
      ],
      [
        488,
        53
      ],
      [
        489,
        84
      ],
      [
        460,
        84
      ]
    ]
  },
  {
    "transcription": "TH\u01af\u01a0NG",
    "points": [
      [
        282,
        62
      ],
      [
        362,
        57
      ],
      [
        363,
        86
      ],
      [
        283,
        89
      ]
    ]
  },
  {
    "transcription": "D\u1ecaCH",
    "points": [
      [
        407,
        56
      ],
      [
        456,
        55
      ],
      [
        456,
        85
      ],
      [
        407,
        87
      ]
    ]
  },
  {
    "transcription": "M\u1ea0I",
    "points": [
      [
        366,
        59
      ],
      [
        403,
        58
      ],
      [
        404,
        89
      ],
      [
        366,
        89
      ]
    ]
  },
  {
    "transcription": "C\u00d4NG",
    "points": [
      [
        141,
        67
      ],
      [
        201,
        64
      ],
      [
        201,
        94
      ],
      [
        141,
        96
      ]
    ]
  },
  {
    "transcription": "VINLIFT",
    "points": [
      [
        490,
        52
      ],
      [
        560,
        51
      ],
      [
        561,
        76
      ],
      [
        491,
        78
      ]
    ]
  },
  {
    "transcription": "TY",
    "points": [
      [
        203,
        66
      ],
      [
        227,
        66
      ],
      [
        226,
        94
      ],
      [
        203,
        95
      ]
    ]
  },
  {
    "transcription": "TNHH",
    "points": [
      [
        229,
        65
      ],
      [
        280,
        64
      ],
      [
        280,
        91
      ],
      [
        229,
        92
      ]
    ]
  }
]