[
  {
    "transcription": "KH\u1ea8U",
    "points": [
      [
        684,
        333
      ],
      [
        809,
        335
      ],
      [
        811,
        413
      ],
      [
        685,
        410
      ]
    ]
  },
  {
    "transcription": "GIAI",
    "points": [
      [
        94,
        133
      ],
      [
        255,
        138
      ],
      [
        264,
        234
      ],
      [
        95,
        232
      ]
    ]
  },
  {
    "transcription": "B\u00c1N",
    "points": [
      [
        536,
        269
      ],
      [
        611,
        270
      ],
      [
        612,
        312
      ],
      [
        537,
        311
      ]
    ]
  },
  {
    "transcription": "H\u00c0NG",
    "points": [
      [
        35,
        318
      ],
      [
        165,
        323
      ],
      [
        164,
        390
      ],
      [
        33,
        386
      ]
    ]
  },
  {
    "transcription": "BU\u00d4N",
    "points": [
      [
        410,
        267
      ],
      [
        506,
        267
      ],
      [
        506,
        309
      ],
      [
        410,
        308
      ]
    ]
  },
  {
    "transcription": "NH\u1eacP",
    "points": [
      [
        551,
        335
      ],
      [
        678,
        342
      ],
      [
        678,
        417
      ],
      [
        551,
        410
      ]
    ]
  },
  {
    "transcription": "B\u00c1N",
    "points": [
      [
        329,
        262
      ],
      [
        402,
        263
      ],
      [
        402,
        305
      ],
      [
        328,
        304
      ]
    ]
  },
  {
    "transcription": "D\u00d9NG",
    "points": [
      [
        285,
        327
      ],
      [
        412,
        331
      ],
      [
        412,
        398
      ],
      [
        285,
        396
      ]
    ]
  },
  {
    "transcription": "TI\u00caU",
    "points": [
      [
        174,
        326
      ],
      [
        275,
        329
      ],
      [
        274,
        393
      ],
      [
        174,
        391
      ]
    ]
  },
  {
    "transcription": "XU\u1ea4T",
    "points": [
      [
        421,
        326
      ],
      [
        541,
        330
      ],
      [
        541,
        403
      ],
      [
        421,
        401
      ]
    ]
  },
  {
    "transcription": "CHUY\u00caN",
    "points": [
      [
        182,
        259
      ],
      [
        321,
        261
      ],
      [
        321,
        302
      ],
      [
        182,
        299
      ]
    ]
  },
  {
    "transcription": "B\u1ea2O",
    "points": [
      [
        288,
        114
      ],
      [
        485,
        113
      ],
      [
        489,
        243
      ],
      [
        288,
        240
      ]
    ]
  },
  {
    "transcription": "L\u1eba",
    "points": [
      [
        617,
        267
      ],
      [
        658,
        268
      ],
      [
        659,
        313
      ],
      [
        617,
        312
      ]
    ]
  },
  {
    "transcription": "MART",
    "points": [
      [
        511,
        148
      ],
      [
        779,
        157
      ],
      [
        780,
        254
      ],
      [
        512,
        245
      ]
    ]
  },
  {
    "transcription": "-",
    "points": [
      [
        513,
        286
      ],
      [
        529,
        286
      ],
      [
        529,
        300
      ],
      [
        513,
        300
      ]
    ]
  },
  {
    "transcription": "GIA",
    "points": [
      [
        90,
        136
      ],
      [
        262,
        136
      ],
      [
        262,
        234
      ],
      [
        90,
        234
      ]
    ]
  },
  {
    "transcription": "B\u1ea2O",
    "points": [
      [
        292,
        113
      ],
      [
        486,
        113
      ],
      [
        486,
        245
      ],
      [
        292,
        245
      ]
    ]
  },
  {
    "transcription": "BU\u00d4N",
    "points": [
      [
        407,
        268
      ],
      [
        509,
        268
      ],
      [
        509,
        308
      ],
      [
        407,
        308
      ]
    ]
  },
  {
    "transcription": "B\u00c1N",
    "points": [
      [
        329,
        263
      ],
      [
        401,
        263
      ],
      [
        401,
        303
      ],
      [
        329,
        303
      ]
    ]
  },
  {
    "transcription": "H\u00c0NG",
    "points": [
      [
        27,
        318
      ],
      [
        165,
        318
      ],
      [
        165,
        390
      ],
      [
        27,
        390
      ]
    ]
  },
  {
    "transcription": "L\u1eba",
    "points": [
      [
        615,
        269
      ],
      [
        661,
        269
      ],
      [
        661,
        313
      ],
      [
        615,
        313
      ]
    ]
  },
  {
    "transcription": "B\u00c1N",
    "points": [
      [
        537,
        271
      ],
      [
        611,
        271
      ],
      [
        611,
        311
      ],
      [
        537,
        311
      ]
    ]
  },
  {
    "transcription": "CHUY\u00caN",
    "points": [
      [
        178,
        259
      ],
      [
        320,
        259
      ],
      [
        320,
        301
      ],
      [
        178,
        301
      ]
    ]
  },
  {
    "transcription": "KH\u1ea8U",
    "points": [
      [
        685,
        334
      ],
      [
        813,
        334
      ],
      [
        813,
        412
      ],
      [
        685,
        412
      ]
    ]
  },
  {
    "transcription": "TI\u00caU",
    "points": [
      [
        172,
        326
      ],
      [
        274,
        326
      ],
      [
        274,
        394
      ],
      [
        172,
        394
      ]
    ]
  },
  {
    "transcription": "NH\u1eacP",
    "points": [
      [
        550,
        342
      ],
      [
        676,
        342
      ],
      [
        676,
        416
      ],
      [
        550,
        416
      ]
    ]
  },
  {
    "transcription": "XU\u1ea4T",
    "points": [
      [
        421,
        331
      ],
      [
        541,
        331
      ],
      [
        541,
        403
      ],
      [
        421,
        403
      ]
    ]
  },
  {
    "transcription": "D\u00d9NG",
    "points": [
      [
        285,
        330
      ],
      [
        411,
        330
      ],
      [
        411,
        398
      ],
      [
        285,
        398
      ]
    ]
  },
  {
    "transcription": "MART",
    "points": [
      [
        513,
        156
      ],
      [
        779,
        156
      ],
      [
        779,
        256
      ],
      [
        513,
        256
      ]
    ]
  }
]