[
  {
    "transcription": "CH\u00c1O",
    "points": [
      [
        46,
        410
      ],
      [
        197,
        412
      ],
      [
        197,
        560
      ],
      [
        45,
        557
      ]
    ]
  },
  {
    "transcription": "N\u01af\u1edaC",
    "points": [
      [
        97,
        588
      ],
      [
        278,
        588
      ],
      [
        279,
        670
      ],
      [
        98,
        670
      ]
    ]
  },
  {
    "transcription": "GI\u1ea2I",
    "points": [
      [
        36,
        225
      ],
      [
        216,
        223
      ],
      [
        219,
        365
      ],
      [
        35,
        365
      ]
    ]
  },
  {
    "transcription": "S\u1ea2N",
    "points": [
      [
        209,
        390
      ],
      [
        330,
        394
      ],
      [
        330,
        563
      ],
      [
        209,
        559
      ]
    ]
  },
  {
    "transcription": "KH\u00c1T",
    "points": [
      [
        238,
        238
      ],
      [
        472,
        235
      ],
      [
        472,
        367
      ],
      [
        238,
        366
      ]
    ]
  },
  {
    "transcription": "Caf\u00e9",
    "points": [
      [
        79,
        33
      ],
      [
        422,
        40
      ],
      [
        412,
        205
      ],
      [
        78,
        202
      ]
    ]
  },
  {
    "transcription": "PH\u1ee4",
    "points": [
      [
        343,
        437
      ],
      [
        461,
        436
      ],
      [
        459,
        587
      ],
      [
        341,
        583
      ]
    ]
  },
  {
    "transcription": "X\u00d4I",
    "points": [
      [
        297,
        594
      ],
      [
        408,
        594
      ],
      [
        408,
        672
      ],
      [
        295,
        671
      ]
    ]
  },
  {
    "transcription": "GI\u1ea2I",
    "points": [
      [
        30,
        218
      ],
      [
        218,
        218
      ],
      [
        218,
        368
      ],
      [
        30,
        368
      ]
    ]
  },
  {
    "transcription": "KH\u00c1T",
    "points": [
      [
        236,
        233
      ],
      [
        472,
        233
      ],
      [
        472,
        365
      ],
      [
        236,
        365
      ]
    ]
  },
  {
    "transcription": "PH\u1ee4",
    "points": [
      [
        341,
        436
      ],
      [
        459,
        436
      ],
      [
        459,
        586
      ],
      [
        341,
        586
      ]
    ]
  },
  {
    "transcription": "Caf\u00e9",
    "points": [
      [
        86,
        38
      ],
      [
        426,
        38
      ],
      [
        426,
        204
      ],
      [
        86,
        204
      ]
    ]
  },
  {
    "transcription": "CH\u00c1O",
    "points": [
      [
        46,
        408
      ],
      [
        198,
        408
      ],
      [
        198,
        558
      ],
      [
        46,
        558
      ]
    ]
  },
  {
    "transcription": "S\u1ea2N",
    "points": [
      [
        209,
        387
      ],
      [
        329,
        387
      ],
      [
        329,
        559
      ],
      [
        209,
        559
      ]
    ]
  },
  {
    "transcription": "N\u01af\u1edaC",
    "points": [
      [
        96,
        591
      ],
      [
        278,
        591
      ],
      [
        278,
        669
      ],
      [
        96,
        669
      ]
    ]
  },
  {
    "transcription": "X\u00d4I",
    "points": [
      [
        294,
        597
      ],
      [
        410,
        597
      ],
      [
        410,
        671
      ],
      [
        294,
        671
      ]
    ]
  }
]