[
  {
    "transcription": "V\u00c2N",
    "points": [
      [
        152,
        42
      ],
      [
        238,
        37
      ],
      [
        233,
        89
      ],
      [
        148,
        95
      ]
    ]
  },
  {
    "transcription": "H\u1ed2",
    "points": [
      [
        245,
        32
      ],
      [
        307,
        27
      ],
      [
        303,
        86
      ],
      [
        239,
        88
      ]
    ]
  },
  {
    "transcription": "H\u00c0",
    "points": [
      [
        694,
        21
      ],
      [
        755,
        20
      ],
      [
        760,
        74
      ],
      [
        694,
        74
      ]
    ]
  },
  {
    "transcription": "\u0110T:",
    "points": [
      [
        965,
        36
      ],
      [
        1037,
        39
      ],
      [
        1038,
        85
      ],
      [
        966,
        84
      ]
    ]
  },
  {
    "transcription": "094",
    "points": [
      [
        1041,
        42
      ],
      [
        1103,
        45
      ],
      [
        1107,
        90
      ],
      [
        1042,
        88
      ]
    ]
  },
  {
    "transcription": "8888",
    "points": [
      [
        1180,
        55
      ],
      [
        1268,
        61
      ],
      [
        1271,
        104
      ],
      [
        1182,
        101
      ]
    ]
  },
  {
    "transcription": "273",
    "points": [
      [
        1112,
        48
      ],
      [
        1175,
        52
      ],
      [
        1176,
        97
      ],
      [
        1113,
        93
      ]
    ]
  },
  {
    "transcription": "\u0110T:094273",
    "points": [
      [
        963,
        35
      ],
      [
        1172,
        49
      ],
      [
        1175,
        96
      ],
      [
        965,
        87
      ]
    ]
  },
  {
    "transcription": "2738888",
    "points": [
      [
        1116,
        49
      ],
      [
        1261,
        58
      ],
      [
        1263,
        102
      ],
      [
        1117,
        96
      ]
    ]
  },
  {
    "transcription": "69",
    "points": [
      [
        100,
        56
      ],
      [
        144,
        54
      ],
      [
        140,
        98
      ],
      [
        96,
        100
      ]
    ]
  },
  {
    "transcription": "-",
    "points": [
      [
        334,
        50
      ],
      [
        355,
        49
      ],
      [
        354,
        74
      ],
      [
        333,
        76
      ]
    ]
  },
  {
    "transcription": "HAI",
    "points": [
      [
        365,
        36
      ],
      [
        443,
        33
      ],
      [
        441,
        78
      ],
      [
        362,
        81
      ]
    ]
  },
  {
    "transcription": "-",
    "points": [
      [
        670,
        47
      ],
      [
        685,
        47
      ],
      [
        685,
        65
      ],
      [
        670,
        65
      ]
    ]
  },
  {
    "transcription": "\u0110T:",
    "points": [
      [
        965,
        36
      ],
      [
        1037,
        39
      ],
      [
        1038,
        85
      ],
      [
        966,
        84
      ]
    ]
  },
  {
    "transcription": "094",
    "points": [
      [
        1041,
        42
      ],
      [
        1103,
        45
      ],
      [
        1107,
        90
      ],
      [
        1042,
        88
      ]
    ]
  },
  {
    "transcription": "273",
    "points": [
      [
        1112,
        48
      ],
      [
        1175,
        52
      ],
      [
        1176,
        97
      ],
      [
        1113,
        93
      ]
    ]
  },
  {
    "transcription": "B\u00c0",
    "points": [
      [
        449,
        24
      ],
      [
        507,
        22
      ],
      [
        509,
        75
      ],
      [
        448,
        77
      ]
    ]
  },
  {
    "transcription": "N\u1ed8I",
    "points": [
      [
        765,
        20
      ],
      [
        846,
        21
      ],
      [
        850,
        84
      ],
      [
        765,
        84
      ]
    ]
  },
  {
    "transcription": "\u0110T:",
    "points": [
      [
        965,
        36
      ],
      [
        1037,
        39
      ],
      [
        1038,
        85
      ],
      [
        966,
        84
      ]
    ]
  },
  {
    "transcription": "094",
    "points": [
      [
        1041,
        42
      ],
      [
        1103,
        45
      ],
      [
        1107,
        90
      ],
      [
        1042,
        88
      ]
    ]
  },
  {
    "transcription": "273",
    "points": [
      [
        1112,
        48
      ],
      [
        1175,
        52
      ],
      [
        1176,
        97
      ],
      [
        1113,
        93
      ]
    ]
  },
  {
    "transcription": "\u0110T:094273",
    "points": [
      [
        963,
        35
      ],
      [
        1172,
        49
      ],
      [
        1175,
        96
      ],
      [
        965,
        87
      ]
    ]
  },
  {
    "transcription": "2738888",
    "points": [
      [
        1116,
        49
      ],
      [
        1261,
        58
      ],
      [
        1263,
        102
      ],
      [
        1117,
        96
      ]
    ]
  },
  {
    "transcription": "094",
    "points": [
      [
        1041,
        42
      ],
      [
        1103,
        45
      ],
      [
        1107,
        90
      ],
      [
        1042,
        88
      ]
    ]
  },
  {
    "transcription": "8888",
    "points": [
      [
        1180,
        55
      ],
      [
        1268,
        61
      ],
      [
        1271,
        104
      ],
      [
        1182,
        101
      ]
    ]
  },
  {
    "transcription": "273",
    "points": [
      [
        1112,
        48
      ],
      [
        1175,
        52
      ],
      [
        1176,
        97
      ],
      [
        1113,
        93
      ]
    ]
  },
  {
    "transcription": "2738888",
    "points": [
      [
        1116,
        49
      ],
      [
        1261,
        58
      ],
      [
        1263,
        102
      ],
      [
        1117,
        96
      ]
    ]
  },
  {
    "transcription": "094",
    "points": [
      [
        1041,
        42
      ],
      [
        1103,
        45
      ],
      [
        1107,
        90
      ],
      [
        1042,
        88
      ]
    ]
  },
  {
    "transcription": "8888",
    "points": [
      [
        1180,
        55
      ],
      [
        1268,
        61
      ],
      [
        1271,
        104
      ],
      [
        1182,
        101
      ]
    ]
  },
  {
    "transcription": "273",
    "points": [
      [
        1112,
        48
      ],
      [
        1175,
        52
      ],
      [
        1176,
        97
      ],
      [
        1113,
        93
      ]
    ]
  },
  {
    "transcription": "\u0110T:094273",
    "points": [
      [
        963,
        35
      ],
      [
        1172,
        49
      ],
      [
        1175,
        96
      ],
      [
        965,
        87
      ]
    ]
  },
  {
    "transcription": "2738888",
    "points": [
      [
        1116,
        49
      ],
      [
        1261,
        58
      ],
      [
        1263,
        102
      ],
      [
        1117,
        96
      ]
    ]
  },
  {
    "transcription": "TR\u01afNG",
    "points": [
      [
        517,
        26
      ],
      [
        663,
        24
      ],
      [
        663,
        73
      ],
      [
        517,
        75
      ]
    ]
  },
  {
    "transcription": "3",
    "points": [
      [
        310,
        40
      ],
      [
        335,
        40
      ],
      [
        334,
        83
      ],
      [
        308,
        83
      ]
    ]
  },
  {
    "transcription": "\u0110C:",
    "points": [
      [
        30,
        61
      ],
      [
        97,
        56
      ],
      [
        93,
        103
      ],
      [
        22,
        108
      ]
    ]
  }
]