[
  {
    "transcription": "NAI",
    "points": [
      [
        105,
        120
      ],
      [
        129,
        120
      ],
      [
        129,
        138
      ],
      [
        105,
        139
      ]
    ]
  },
  {
    "transcription": "K\u1ef2",
    "points": [
      [
        65,
        95
      ],
      [
        85,
        94
      ],
      [
        85,
        117
      ],
      [
        65,
        117
      ]
    ]
  },
  {
    "transcription": "N\u0102M",
    "points": [
      [
        134,
        118
      ],
      [
        162,
        117
      ],
      [
        162,
        137
      ],
      [
        134,
        137
      ]
    ]
  },
  {
    "transcription": "2018",
    "points": [
      [
        164,
        119
      ],
      [
        191,
        119
      ],
      [
        191,
        136
      ],
      [
        164,
        136
      ]
    ]
  },
  {
    "transcription": "H\u1eccC",
    "points": [
      [
        29,
        97
      ],
      [
        64,
        97
      ],
      [
        64,
        119
      ],
      [
        29,
        120
      ]
    ]
  },
  {
    "transcription": "DOANH",
    "points": [
      [
        87,
        97
      ],
      [
        139,
        97
      ],
      [
        139,
        115
      ],
      [
        87,
        116
      ]
    ]
  },
  {
    "transcription": "T\u1ec8NH",
    "points": [
      [
        29,
        121
      ],
      [
        63,
        120
      ],
      [
        64,
        139
      ],
      [
        29,
        139
      ]
    ]
  },
  {
    "transcription": "\u0110\u1ed2NG",
    "points": [
      [
        65,
        120
      ],
      [
        102,
        120
      ],
      [
        103,
        137
      ],
      [
        66,
        138
      ]
    ]
  },
  {
    "transcription": "NGHI\u1ec6P",
    "points": [
      [
        141,
        95
      ],
      [
        191,
        94
      ],
      [
        191,
        117
      ],
      [
        141,
        116
      ]
    ]
  },
  {
    "transcription": "-",
    "points": [
      [
        128,
        125
      ],
      [
        132,
        125
      ],
      [
        132,
        136
      ],
      [
        128,
        136
      ]
    ]
  }
]