[
  {
    "transcription": "H\u00d3A",
    "points": [
      [
        10,
        65
      ],
      [
        183,
        65
      ],
      [
        189,
        129
      ],
      [
        9,
        132
      ]
    ]
  },
  {
    "transcription": "H\u1ee2P",
    "points": [
      [
        466,
        63
      ],
      [
        636,
        58
      ],
      [
        637,
        115
      ],
      [
        468,
        122
      ]
    ]
  },
  {
    "transcription": "T\u1ed4NG",
    "points": [
      [
        213,
        58
      ],
      [
        438,
        54
      ],
      [
        439,
        120
      ],
      [
        215,
        125
      ]
    ]
  },
  {
    "transcription": "H\u00d3A",
    "points": [
      [
        9,
        62
      ],
      [
        189,
        62
      ],
      [
        189,
        130
      ],
      [
        9,
        130
      ]
    ]
  },
  {
    "transcription": "H\u1ee2P",
    "points": [
      [
        470,
        61
      ],
      [
        636,
        61
      ],
      [
        636,
        115
      ],
      [
        470,
        115
      ]
    ]
  },
  {
    "transcription": "T\u1ed4NG",
    "points": [
      [
        216,
        54
      ],
      [
        438,
        54
      ],
      [
        438,
        124
      ],
      [
        216,
        124
      ]
    ]
  }
]