[
  {
    "transcription": "NH\u01af\u1edcNG",
    "points": [
      [
        12,
        76
      ],
      [
        182,
        76
      ],
      [
        183,
        128
      ],
      [
        12,
        130
      ]
    ]
  },
  {
    "transcription": "CH\u1ea0Y",
    "points": [
      [
        64,
        15
      ],
      [
        173,
        14
      ],
      [
        173,
        68
      ],
      [
        64,
        67
      ]
    ]
  },
  {
    "transcription": "L\u00c0",
    "points": [
      [
        42,
        143
      ],
      [
        91,
        143
      ],
      [
        97,
        196
      ],
      [
        44,
        197
      ]
    ]
  },
  {
    "transcription": "NH\u1ecaN",
    "points": [
      [
        191,
        78
      ],
      [
        288,
        78
      ],
      [
        289,
        131
      ],
      [
        191,
        131
      ]
    ]
  },
  {
    "transcription": "M\u00ccNH",
    "points": [
      [
        167,
        208
      ],
      [
        287,
        204
      ],
      [
        289,
        256
      ],
      [
        168,
        259
      ]
    ]
  },
  {
    "transcription": "TH\u01af\u01a0NG",
    "points": [
      [
        102,
        144
      ],
      [
        264,
        141
      ],
      [
        265,
        192
      ],
      [
        104,
        193
      ]
    ]
  },
  {
    "transcription": "CH\u00cdNH",
    "points": [
      [
        24,
        212
      ],
      [
        157,
        207
      ],
      [
        159,
        262
      ],
      [
        24,
        266
      ]
    ]
  },
  {
    "transcription": "XE",
    "points": [
      [
        180,
        14
      ],
      [
        232,
        14
      ],
      [
        233,
        61
      ],
      [
        181,
        62
      ]
    ]
  }
]