[
  {
    "transcription": "BI\u00caN",
    "points": [
      [
        219,
        176
      ],
      [
        276,
        176
      ],
      [
        277,
        213
      ],
      [
        219,
        213
      ]
    ]
  },
  {
    "transcription": "TH\u1eaeNG",
    "points": [
      [
        241,
        128
      ],
      [
        325,
        127
      ],
      [
        325,
        169
      ],
      [
        241,
        169
      ]
    ]
  },
  {
    "transcription": "NI\u1ec6M",
    "points": [
      [
        228,
        2
      ],
      [
        290,
        2
      ],
      [
        291,
        44
      ],
      [
        228,
        44
      ]
    ]
  },
  {
    "transcription": "\u0110I\u1ec6N",
    "points": [
      [
        151,
        177
      ],
      [
        213,
        176
      ],
      [
        214,
        219
      ],
      [
        152,
        219
      ]
    ]
  },
  {
    "transcription": "PH\u1ee6",
    "points": [
      [
        282,
        173
      ],
      [
        334,
        174
      ],
      [
        334,
        212
      ],
      [
        282,
        212
      ]
    ]
  },
  {
    "transcription": "N\u0102M",
    "points": [
      [
        231,
        45
      ],
      [
        289,
        45
      ],
      [
        290,
        83
      ],
      [
        231,
        83
      ]
    ]
  },
  {
    "transcription": "07/5/2017",
    "points": [
      [
        176,
        268
      ],
      [
        314,
        265
      ],
      [
        315,
        301
      ],
      [
        176,
        304
      ]
    ]
  },
  {
    "transcription": "CHI\u1ebeN",
    "points": [
      [
        155,
        128
      ],
      [
        238,
        127
      ],
      [
        238,
        170
      ],
      [
        155,
        170
      ]
    ]
  },
  {
    "transcription": "07/5/1975",
    "points": [
      [
        176,
        222
      ],
      [
        312,
        221
      ],
      [
        312,
        255
      ],
      [
        177,
        259
      ]
    ]
  },
  {
    "transcription": "42",
    "points": [
      [
        191,
        48
      ],
      [
        226,
        49
      ],
      [
        227,
        83
      ],
      [
        190,
        82
      ]
    ]
  },
  {
    "transcription": "K\u1ef6",
    "points": [
      [
        185,
        0
      ],
      [
        223,
        1
      ],
      [
        223,
        39
      ],
      [
        186,
        39
      ]
    ]
  },
  {
    "transcription": "NG\u00c0Y",
    "points": [
      [
        206,
        88
      ],
      [
        276,
        89
      ],
      [
        276,
        125
      ],
      [
        206,
        126
      ]
    ]
  },
  {
    "transcription": "N\u0102M",
    "points": [
      [
        231,
        46
      ],
      [
        289,
        46
      ],
      [
        289,
        82
      ],
      [
        231,
        82
      ]
    ]
  },
  {
    "transcription": "42",
    "points": [
      [
        192,
        49
      ],
      [
        226,
        49
      ],
      [
        226,
        81
      ],
      [
        192,
        81
      ]
    ]
  },
  {
    "transcription": "K\u1ef6",
    "points": [
      [
        187,
        1
      ],
      [
        223,
        1
      ],
      [
        223,
        37
      ],
      [
        187,
        37
      ]
    ]
  },
  {
    "transcription": "NI\u1ec6M",
    "points": [
      [
        228,
        3
      ],
      [
        292,
        3
      ],
      [
        292,
        43
      ],
      [
        228,
        43
      ]
    ]
  },
  {
    "transcription": "BI\u00caN",
    "points": [
      [
        218,
        175
      ],
      [
        276,
        175
      ],
      [
        276,
        211
      ],
      [
        218,
        211
      ]
    ]
  },
  {
    "transcription": "PH\u1ee6",
    "points": [
      [
        282,
        172
      ],
      [
        334,
        172
      ],
      [
        334,
        210
      ],
      [
        282,
        210
      ]
    ]
  },
  {
    "transcription": "07/5/1975",
    "points": [
      [
        179,
        221
      ],
      [
        311,
        221
      ],
      [
        311,
        257
      ],
      [
        179,
        257
      ]
    ]
  },
  {
    "transcription": "\u0110I\u1ec6N",
    "points": [
      [
        151,
        175
      ],
      [
        213,
        175
      ],
      [
        213,
        217
      ],
      [
        151,
        217
      ]
    ]
  },
  {
    "transcription": "TH\u1eaeNG",
    "points": [
      [
        242,
        128
      ],
      [
        326,
        128
      ],
      [
        326,
        168
      ],
      [
        242,
        168
      ]
    ]
  },
  {
    "transcription": "07/5/2017",
    "points": [
      [
        181,
        267
      ],
      [
        313,
        267
      ],
      [
        313,
        303
      ],
      [
        181,
        303
      ]
    ]
  },
  {
    "transcription": "NG\u00c0Y",
    "points": [
      [
        209,
        89
      ],
      [
        277,
        89
      ],
      [
        277,
        125
      ],
      [
        209,
        125
      ]
    ]
  },
  {
    "transcription": "CHI\u1ebeN",
    "points": [
      [
        160,
        130
      ],
      [
        238,
        130
      ],
      [
        238,
        170
      ],
      [
        160,
        170
      ]
    ]
  }
]