[
  {
    "transcription": "T\u00c2M",
    "points": [
      [
        423,
        324
      ],
      [
        530,
        323
      ],
      [
        531,
        379
      ],
      [
        424,
        380
      ]
    ]
  },
  {
    "transcription": "ANH",
    "points": [
      [
        541,
        326
      ],
      [
        651,
        326
      ],
      [
        651,
        374
      ],
      [
        540,
        375
      ]
    ]
  },
  {
    "transcription": "TRUNG",
    "points": [
      [
        254,
        334
      ],
      [
        418,
        331
      ],
      [
        419,
        378
      ],
      [
        255,
        383
      ]
    ]
  },
  {
    "transcription": "TH\u1ed0NG",
    "points": [
      [
        95,
        331
      ],
      [
        250,
        329
      ],
      [
        250,
        386
      ],
      [
        95,
        390
      ]
    ]
  },
  {
    "transcription": "AMA",
    "points": [
      [
        795,
        318
      ],
      [
        938,
        318
      ],
      [
        940,
        369
      ],
      [
        795,
        370
      ]
    ]
  },
  {
    "transcription": "H\u1ec6",
    "points": [
      [
        31,
        345
      ],
      [
        90,
        344
      ],
      [
        89,
        397
      ],
      [
        31,
        398
      ]
    ]
  },
  {
    "transcription": "NG\u1eee",
    "points": [
      [
        657,
        314
      ],
      [
        784,
        313
      ],
      [
        784,
        370
      ],
      [
        658,
        371
      ]
    ]
  },
  {
    "transcription": "AMA",
    "points": [
      [
        184,
        171
      ],
      [
        701,
        145
      ],
      [
        707,
        279
      ],
      [
        180,
        300
      ]
    ]
  },
  {
    "transcription": "AMA",
    "points": [
      [
        170,
        143
      ],
      [
        726,
        143
      ],
      [
        726,
        291
      ],
      [
        170,
        291
      ]
    ]
  },
  {
    "transcription": "AMA",
    "points": [
      [
        795,
        320
      ],
      [
        939,
        320
      ],
      [
        939,
        370
      ],
      [
        795,
        370
      ]
    ]
  },
  {
    "transcription": "H\u1ec6",
    "points": [
      [
        31,
        342
      ],
      [
        89,
        342
      ],
      [
        89,
        394
      ],
      [
        31,
        394
      ]
    ]
  },
  {
    "transcription": "TRUNG",
    "points": [
      [
        256,
        331
      ],
      [
        418,
        331
      ],
      [
        418,
        383
      ],
      [
        256,
        383
      ]
    ]
  },
  {
    "transcription": "T\u00c2M",
    "points": [
      [
        426,
        323
      ],
      [
        532,
        323
      ],
      [
        532,
        377
      ],
      [
        426,
        377
      ]
    ]
  },
  {
    "transcription": "TH\u1ed0NG",
    "points": [
      [
        96,
        330
      ],
      [
        250,
        330
      ],
      [
        250,
        388
      ],
      [
        96,
        388
      ]
    ]
  }
]