[
  {
    "transcription": "ISLAND",
    "points": [
      [
        1637,
        2103
      ],
      [
        2436,
        2123
      ],
      [
        2435,
        2365
      ],
      [
        1640,
        2335
      ]
    ]
  },
  {
    "transcription": "PHUONG",
    "points": [
      [
        1393,
        2385
      ],
      [
        1970,
        2401
      ],
      [
        1969,
        2545
      ],
      [
        1394,
        2532
      ]
    ]
  },
  {
    "transcription": "WONDER",
    "points": [
      [
        567,
        2073
      ],
      [
        1553,
        2086
      ],
      [
        1548,
        2321
      ],
      [
        555,
        2307
      ]
    ]
  },
  {
    "transcription": "DONG",
    "points": [
      [
        2002,
        2412
      ],
      [
        2450,
        2422
      ],
      [
        2450,
        2570
      ],
      [
        2004,
        2563
      ]
    ]
  },
  {
    "transcription": "DONG",
    "points": [
      [
        1983,
        2417
      ],
      [
        2569,
        2417
      ],
      [
        2569,
        2567
      ],
      [
        1983,
        2567
      ]
    ]
  },
  {
    "transcription": "PHUONG",
    "points": [
      [
        1396,
        2396
      ],
      [
        1968,
        2396
      ],
      [
        1968,
        2540
      ],
      [
        1396,
        2540
      ]
    ]
  },
  {
    "transcription": "ISLAND",
    "points": [
      [
        1625,
        2111
      ],
      [
        2425,
        2111
      ],
      [
        2425,
        2349
      ],
      [
        1625,
        2349
      ]
    ]
  },
  {
    "transcription": "WONDER",
    "points": [
      [
        582,
        2089
      ],
      [
        1552,
        2089
      ],
      [
        1552,
        2313
      ],
      [
        582,
        2313
      ]
    ]
  }
]