[
  {
    "transcription": "842.40",
    "points": [
      [
        61,
        258
      ],
      [
        631,
        261
      ],
      [
        631,
        463
      ],
      [
        55,
        455
      ]
    ]
  },
  {
    "transcription": "63",
    "points": [
      [
        123,
        69
      ],
      [
        294,
        64
      ],
      [
        297,
        247
      ],
      [
        123,
        250
      ]
    ]
  },
  {
    "transcription": "-",
    "points": [
      [
        320,
        131
      ],
      [
        368,
        134
      ],
      [
        368,
        173
      ],
      [
        319,
        173
      ]
    ]
  },
  {
    "transcription": "B1",
    "points": [
      [
        393,
        61
      ],
      [
        554,
        57
      ],
      [
        557,
        242
      ],
      [
        394,
        242
      ]
    ]
  }
]