[
  {
    "transcription": "M\u1ea6M",
    "points": [
      [
        390,
        125
      ],
      [
        579,
        125
      ],
      [
        581,
        183
      ],
      [
        390,
        184
      ]
    ]
  },
  {
    "transcription": "HI\u00caN",
    "points": [
      [
        0,
        194
      ],
      [
        510,
        188
      ],
      [
        510,
        370
      ],
      [
        0,
        372
      ]
    ]
  },
  {
    "transcription": "NON",
    "points": [
      [
        590,
        131
      ],
      [
        750,
        132
      ],
      [
        751,
        182
      ],
      [
        591,
        183
      ]
    ]
  },
  {
    "transcription": "ANH)",
    "points": [
      [
        515,
        192
      ],
      [
        1221,
        148
      ],
      [
        1226,
        359
      ],
      [
        517,
        362
      ]
    ]
  },
  {
    "transcription": "TR\u01af\u1edcNG",
    "points": [
      [
        66,
        125
      ],
      [
        378,
        124
      ],
      [
        380,
        182
      ],
      [
        66,
        185
      ]
    ]
  }
]