[
  {
    "transcription": "H\u00d2N",
    "points": [
      [
        208,
        138
      ],
      [
        490,
        149
      ],
      [
        493,
        296
      ],
      [
        206,
        283
      ]
    ]
  },
  {
    "transcription": "H\u00d2N",
    "points": [
      [
        206,
        132
      ],
      [
        494,
        132
      ],
      [
        494,
        304
      ],
      [
        206,
        304
      ]
    ]
  },
  {
    "transcription": "STORE",
    "points": [
      [
        507,
        194
      ],
      [
        939,
        194
      ],
      [
        939,
        358
      ],
      [
        507,
        358
      ]
    ]
  }
]