[
  {
    "transcription": "ZA",
    "points": [
      [
        215,
        116
      ],
      [
        394,
        94
      ],
      [
        438,
        184
      ],
      [
        215,
        215
      ]
    ]
  },
  {
    "transcription": "ZARA",
    "points": [
      [
        207,
        110
      ],
      [
        733,
        57
      ],
      [
        746,
        160
      ],
      [
        210,
        208
      ]
    ]
  },
  {
    "transcription": "A",
    "points": [
      [
        612,
        57
      ],
      [
        717,
        50
      ],
      [
        735,
        164
      ],
      [
        587,
        178
      ]
    ]
  }
]