[
  {
    "transcription": "T\u1ea0I:",
    "points": [
      [
        278,
        9
      ],
      [
        298,
        8
      ],
      [
        298,
        24
      ],
      [
        278,
        24
      ]
    ]
  },
  {
    "transcription": "HOCKY",
    "points": [
      [
        186,
        30
      ],
      [
        226,
        29
      ],
      [
        226,
        47
      ],
      [
        186,
        48
      ]
    ]
  },
  {
    "transcription": "1022",
    "points": [
      [
        201,
        51
      ],
      [
        229,
        50
      ],
      [
        229,
        68
      ],
      [
        201,
        69
      ]
    ]
  },
  {
    "transcription": "1)",
    "points": [
      [
        189,
        53
      ],
      [
        200,
        53
      ],
      [
        200,
        71
      ],
      [
        189,
        72
      ]
    ]
  },
  {
    "transcription": "D\u1ecaCH",
    "points": [
      [
        287,
        44
      ],
      [
        315,
        44
      ],
      [
        315,
        62
      ],
      [
        287,
        63
      ]
    ]
  },
  {
    "transcription": "V\u1ee4",
    "points": [
      [
        315,
        43
      ],
      [
        332,
        42
      ],
      [
        333,
        60
      ],
      [
        316,
        60
      ]
    ]
  },
  {
    "transcription": "C\u00d4NG",
    "points": [
      [
        333,
        39
      ],
      [
        366,
        38
      ],
      [
        366,
        56
      ],
      [
        333,
        58
      ]
    ]
  },
  {
    "transcription": "D\u1ecaCHV\u1ee4C",
    "points": [
      [
        287,
        47
      ],
      [
        346,
        41
      ],
      [
        346,
        57
      ],
      [
        288,
        62
      ]
    ]
  },
  {
    "transcription": "K\u00dd",
    "points": [
      [
        263,
        8
      ],
      [
        277,
        8
      ],
      [
        277,
        24
      ],
      [
        263,
        25
      ]
    ]
  },
  {
    "transcription": "T\u1ed4NG",
    "points": [
      [
        230,
        46
      ],
      [
        264,
        44
      ],
      [
        265,
        65
      ],
      [
        230,
        67
      ]
    ]
  },
  {
    "transcription": "COM",
    "points": [
      [
        314,
        22
      ],
      [
        342,
        22
      ],
      [
        342,
        39
      ],
      [
        314,
        40
      ]
    ]
  },
  {
    "transcription": "\u0110\u00c0I",
    "points": [
      [
        265,
        45
      ],
      [
        286,
        44
      ],
      [
        286,
        62
      ],
      [
        265,
        63
      ]
    ]
  },
  {
    "transcription": "\u0110\u0102NG",
    "points": [
      [
        232,
        8
      ],
      [
        263,
        8
      ],
      [
        263,
        25
      ],
      [
        232,
        26
      ]
    ]
  },
  {
    "transcription": "TINH",
    "points": [
      [
        80,
        123
      ],
      [
        320,
        104
      ],
      [
        316,
        175
      ],
      [
        82,
        176
      ]
    ]
  },
  {
    "transcription": "(0251)",
    "points": [
      [
        162,
        54
      ],
      [
        199,
        52
      ],
      [
        199,
        72
      ],
      [
        162,
        74
      ]
    ]
  },
  {
    "transcription": "HOCKYDOANHNGHIEP.",
    "points": [
      [
        186,
        31
      ],
      [
        320,
        26
      ],
      [
        321,
        43
      ],
      [
        186,
        46
      ]
    ]
  }
]