[
  {
    "transcription": "KH\u00d4NG",
    "points": [
      [
        233,
        364
      ],
      [
        384,
        363
      ],
      [
        385,
        446
      ],
      [
        232,
        445
      ]
    ]
  },
  {
    "transcription": "H\u00c2M.",
    "points": [
      [
        340,
        476
      ],
      [
        450,
        478
      ],
      [
        451,
        566
      ],
      [
        339,
        563
      ]
    ]
  },
  {
    "transcription": "KH\u1eceI",
    "points": [
      [
        344,
        700
      ],
      [
        446,
        701
      ],
      [
        444,
        797
      ],
      [
        343,
        794
      ]
    ]
  },
  {
    "transcription": "PH\u1ea2I",
    "points": [
      [
        393,
        354
      ],
      [
        493,
        353
      ],
      [
        493,
        448
      ],
      [
        393,
        449
      ]
    ]
  },
  {
    "transcription": "\u0110\u00c2\u0300M",
    "points": [
      [
        330,
        822
      ],
      [
        431,
        822
      ],
      [
        430,
        911
      ],
      [
        329,
        910
      ]
    ]
  },
  {
    "transcription": "\u0110\u1ec2",
    "points": [
      [
        263,
        690
      ],
      [
        337,
        692
      ],
      [
        335,
        792
      ],
      [
        263,
        789
      ]
    ]
  },
  {
    "transcription": "L\u00c0",
    "points": [
      [
        266,
        474
      ],
      [
        329,
        476
      ],
      [
        330,
        558
      ],
      [
        267,
        557
      ]
    ]
  },
  {
    "transcription": "B\u1eca",
    "points": [
      [
        270,
        834
      ],
      [
        322,
        835
      ],
      [
        322,
        918
      ],
      [
        269,
        918
      ]
    ]
  },
  {
    "transcription": "\"XINHAN",
    "points": [
      [
        267,
        255
      ],
      [
        474,
        254
      ],
      [
        473,
        333
      ],
      [
        269,
        334
      ]
    ]
  },
  {
    "transcription": "XI",
    "points": [
      [
        266,
        601
      ],
      [
        315,
        604
      ],
      [
        315,
        672
      ],
      [
        264,
        671
      ]
    ]
  },
  {
    "transcription": "V\u1ee0",
    "points": [
      [
        248,
        932
      ],
      [
        321,
        934
      ],
      [
        320,
        1024
      ],
      [
        248,
        1022
      ]
    ]
  },
  {
    "transcription": "XI-",
    "points": [
      [
        264,
        601
      ],
      [
        326,
        601
      ],
      [
        326,
        673
      ],
      [
        264,
        673
      ]
    ]
  },
  {
    "transcription": "XI-",
    "points": [
      [
        272,
        261
      ],
      [
        342,
        261
      ],
      [
        342,
        331
      ],
      [
        272,
        331
      ]
    ]
  },
  {
    "transcription": "NHAN",
    "points": [
      [
        332,
        602
      ],
      [
        446,
        602
      ],
      [
        446,
        676
      ],
      [
        332,
        676
      ]
    ]
  },
  {
    "transcription": "L\u00c0",
    "points": [
      [
        267,
        472
      ],
      [
        331,
        472
      ],
      [
        331,
        556
      ],
      [
        267,
        556
      ]
    ]
  },
  {
    "transcription": "B\u1eca",
    "points": [
      [
        267,
        829
      ],
      [
        323,
        829
      ],
      [
        323,
        921
      ],
      [
        267,
        921
      ]
    ]
  },
  {
    "transcription": "\u0110\u1ec2",
    "points": [
      [
        262,
        691
      ],
      [
        336,
        691
      ],
      [
        336,
        789
      ],
      [
        262,
        789
      ]
    ]
  },
  {
    "transcription": "KH\u1eceI",
    "points": [
      [
        341,
        698
      ],
      [
        443,
        698
      ],
      [
        443,
        794
      ],
      [
        341,
        794
      ]
    ]
  },
  {
    "transcription": "\u0110\u00c2\u0300M",
    "points": [
      [
        326,
        824
      ],
      [
        432,
        824
      ],
      [
        432,
        910
      ],
      [
        326,
        910
      ]
    ]
  },
  {
    "transcription": "V\u1ee0",
    "points": [
      [
        250,
        934
      ],
      [
        320,
        934
      ],
      [
        320,
        1022
      ],
      [
        250,
        1022
      ]
    ]
  },
  {
    "transcription": "H\u00c2N.",
    "points": [
      [
        339,
        476
      ],
      [
        447,
        476
      ],
      [
        447,
        562
      ],
      [
        339,
        562
      ]
    ]
  },
  {
    "transcription": "NHAN",
    "points": [
      [
        349,
        258
      ],
      [
        465,
        258
      ],
      [
        465,
        332
      ],
      [
        349,
        332
      ]
    ]
  },
  {
    "transcription": "PH\u1ea2I",
    "points": [
      [
        390,
        347
      ],
      [
        492,
        347
      ],
      [
        492,
        449
      ],
      [
        390,
        449
      ]
    ]
  },
  {
    "transcription": "KH\u00d4NG",
    "points": [
      [
        232,
        362
      ],
      [
        382,
        362
      ],
      [
        382,
        446
      ],
      [
        232,
        446
      ]
    ]
  }
]