[
  {
    "transcription": "\u0110\u1ea0T",
    "points": [
      [
        258,
        1
      ],
      [
        474,
        0
      ],
      [
        474,
        73
      ],
      [
        256,
        76
      ]
    ]
  },
  {
    "transcription": "H\u1ea0NH",
    "points": [
      [
        520,
        0
      ],
      [
        827,
        0
      ],
      [
        827,
        60
      ],
      [
        521,
        67
      ]
    ]
  },
  {
    "transcription": "H\u1ea0NH",
    "points": [
      [
        515,
        0
      ],
      [
        831,
        0
      ],
      [
        831,
        76
      ],
      [
        515,
        76
      ]
    ]
  },
  {
    "transcription": "\u0110\u1ea0T",
    "points": [
      [
        257,
        0
      ],
      [
        473,
        0
      ],
      [
        473,
        76
      ],
      [
        257,
        76
      ]
    ]
  }
]