[
  {
    "transcription": "TR\u1edcI",
    "points": [
      [
        223,
        121
      ],
      [
        286,
        121
      ],
      [
        288,
        155
      ],
      [
        224,
        155
      ]
    ]
  },
  {
    "transcription": "H\u1ea6M",
    "points": [
      [
        261,
        92
      ],
      [
        296,
        92
      ],
      [
        297,
        116
      ],
      [
        261,
        116
      ]
    ]
  },
  {
    "transcription": "XANH",
    "points": [
      [
        293,
        127
      ],
      [
        361,
        127
      ],
      [
        363,
        153
      ],
      [
        293,
        155
      ]
    ]
  },
  {
    "transcription": "TR\u01af\u1edcNG",
    "points": [
      [
        189,
        92
      ],
      [
        259,
        91
      ],
      [
        260,
        115
      ],
      [
        189,
        116
      ]
    ]
  },
  {
    "transcription": "B\u1ea6U",
    "points": [
      [
        157,
        118
      ],
      [
        216,
        117
      ],
      [
        217,
        155
      ],
      [
        158,
        156
      ]
    ]
  },
  {
    "transcription": "NON",
    "points": [
      [
        298,
        96
      ],
      [
        333,
        97
      ],
      [
        334,
        115
      ],
      [
        299,
        116
      ]
    ]
  },
  {
    "transcription": "NON",
    "points": [
      [
        300,
        99
      ],
      [
        332,
        99
      ],
      [
        332,
        113
      ],
      [
        300,
        113
      ]
    ]
  },
  {
    "transcription": "H\u1ea6M",
    "points": [
      [
        262,
        92
      ],
      [
        296,
        92
      ],
      [
        296,
        114
      ],
      [
        262,
        114
      ]
    ]
  },
  {
    "transcription": "XANH",
    "points": [
      [
        293,
        129
      ],
      [
        363,
        129
      ],
      [
        363,
        151
      ],
      [
        293,
        151
      ]
    ]
  },
  {
    "transcription": "TR\u01af\u1edcNG",
    "points": [
      [
        189,
        94
      ],
      [
        259,
        94
      ],
      [
        259,
        114
      ],
      [
        189,
        114
      ]
    ]
  },
  {
    "transcription": "B\u1ea6U",
    "points": [
      [
        159,
        118
      ],
      [
        215,
        118
      ],
      [
        215,
        154
      ],
      [
        159,
        154
      ]
    ]
  },
  {
    "transcription": "TR\u1edcI",
    "points": [
      [
        224,
        123
      ],
      [
        286,
        123
      ],
      [
        286,
        153
      ],
      [
        224,
        153
      ]
    ]
  }
]