[
  {
    "transcription": "H\u1ed8I,",
    "points": [
      [
        144,
        77
      ],
      [
        162,
        76
      ],
      [
        163,
        99
      ],
      [
        144,
        100
      ]
    ]
  },
  {
    "transcription": "X\u00c3",
    "points": [
      [
        132,
        77
      ],
      [
        144,
        77
      ],
      [
        144,
        98
      ],
      [
        132,
        99
      ]
    ]
  },
  {
    "transcription": "THAM",
    "points": [
      [
        54,
        83
      ],
      [
        77,
        82
      ],
      [
        77,
        101
      ],
      [
        54,
        101
      ]
    ]
  },
  {
    "transcription": "Y",
    "points": [
      [
        205,
        75
      ],
      [
        212,
        74
      ],
      [
        212,
        95
      ],
      [
        206,
        95
      ]
    ]
  },
  {
    "transcription": "B\u1ea2O",
    "points": [
      [
        92,
        78
      ],
      [
        110,
        77
      ],
      [
        110,
        99
      ],
      [
        92,
        100
      ]
    ]
  },
  {
    "transcription": "O",
    "points": [
      [
        22,
        81
      ],
      [
        44,
        82
      ],
      [
        44,
        104
      ],
      [
        21,
        104
      ]
    ]
  },
  {
    "transcription": "HI\u1ec2M",
    "points": [
      [
        110,
        78
      ],
      [
        131,
        77
      ],
      [
        131,
        99
      ],
      [
        110,
        99
      ]
    ]
  },
  {
    "transcription": "B\u1ea2O",
    "points": [
      [
        163,
        72
      ],
      [
        183,
        71
      ],
      [
        184,
        97
      ],
      [
        163,
        99
      ]
    ]
  },
  {
    "transcription": "T\u1ebe",
    "points": [
      [
        210,
        71
      ],
      [
        226,
        69
      ],
      [
        226,
        94
      ],
      [
        210,
        96
      ]
    ]
  },
  {
    "transcription": "THANH",
    "points": [
      [
        21,
        107
      ],
      [
        68,
        116
      ],
      [
        63,
        140
      ],
      [
        16,
        132
      ]
    ]
  },
  {
    "transcription": "GIA",
    "points": [
      [
        77,
        81
      ],
      [
        92,
        81
      ],
      [
        92,
        101
      ],
      [
        77,
        101
      ]
    ]
  },
  {
    "transcription": "Lu\u00f4n",
    "points": [
      [
        0,
        99
      ],
      [
        16,
        99
      ],
      [
        15,
        138
      ],
      [
        0,
        140
      ]
    ]
  },
  {
    "transcription": "HI\u1ec2M",
    "points": [
      [
        182,
        72
      ],
      [
        205,
        70
      ],
      [
        206,
        96
      ],
      [
        183,
        98
      ]
    ]
  }
]