[
  {
    "transcription": "-",
    "points": [
      [
        84,
        98
      ],
      [
        97,
        98
      ],
      [
        97,
        127
      ],
      [
        84,
        127
      ]
    ]
  },
  {
    "transcription": "CUA",
    "points": [
      [
        104,
        85
      ],
      [
        182,
        85
      ],
      [
        184,
        132
      ],
      [
        105,
        132
      ]
    ]
  },
  {
    "transcription": "\u1ed0C",
    "points": [
      [
        21,
        76
      ],
      [
        77,
        76
      ],
      [
        78,
        134
      ],
      [
        21,
        135
      ]
    ]
  },
  {
    "transcription": "GH\u1eb8",
    "points": [
      [
        210,
        82
      ],
      [
        290,
        82
      ],
      [
        290,
        139
      ],
      [
        210,
        136
      ]
    ]
  },
  {
    "transcription": "CHI\u00caN",
    "points": [
      [
        122,
        6
      ],
      [
        220,
        6
      ],
      [
        220,
        70
      ],
      [
        122,
        70
      ]
    ]
  },
  {
    "transcription": "-",
    "points": [
      [
        189,
        96
      ],
      [
        203,
        96
      ],
      [
        203,
        125
      ],
      [
        189,
        126
      ]
    ]
  },
  {
    "transcription": "CHU\u1ed8T",
    "points": [
      [
        6,
        6
      ],
      [
        116,
        5
      ],
      [
        115,
        84
      ],
      [
        6,
        81
      ]
    ]
  },
  {
    "transcription": "GI\u00d2N",
    "points": [
      [
        225,
        2
      ],
      [
        305,
        2
      ],
      [
        306,
        70
      ],
      [
        224,
        70
      ]
    ]
  }
]