[
  {
    "transcription": "+",
    "points": [
      [
        149,
        149
      ],
      [
        170,
        150
      ],
      [
        170,
        174
      ],
      [
        148,
        174
      ]
    ]
  },
  {
    "transcription": "OPPOF1",
    "points": [
      [
        160,
        34
      ],
      [
        277,
        43
      ],
      [
        276,
        72
      ],
      [
        159,
        65
      ]
    ]
  },
  {
    "transcription": "T\u1eb7ng",
    "points": [
      [
        170,
        145
      ],
      [
        236,
        150
      ],
      [
        237,
        186
      ],
      [
        171,
        181
      ]
    ]
  },
  {
    "transcription": "OPPOF1",
    "points": [
      [
        129,
        68
      ],
      [
        246,
        80
      ],
      [
        246,
        107
      ],
      [
        127,
        98
      ]
    ]
  },
  {
    "transcription": ".",
    "points": [
      [
        200,
        241
      ],
      [
        211,
        242
      ],
      [
        211,
        258
      ],
      [
        199,
        257
      ]
    ]
  },
  {
    "transcription": "Selfie",
    "points": [
      [
        181,
        183
      ],
      [
        260,
        188
      ],
      [
        260,
        217
      ],
      [
        181,
        212
      ]
    ]
  },
  {
    "transcription": "g\u00f3p0%",
    "points": [
      [
        200,
        114
      ],
      [
        298,
        118
      ],
      [
        298,
        148
      ],
      [
        200,
        146
      ]
    ]
  },
  {
    "transcription": "g\u1eady",
    "points": [
      [
        240,
        151
      ],
      [
        293,
        152
      ],
      [
        292,
        189
      ],
      [
        240,
        188
      ]
    ]
  },
  {
    "transcription": "g\u00f3p",
    "points": [
      [
        196,
        113
      ],
      [
        249,
        114
      ],
      [
        249,
        151
      ],
      [
        195,
        150
      ]
    ]
  },
  {
    "transcription": "Plus",
    "points": [
      [
        252,
        79
      ],
      [
        310,
        81
      ],
      [
        311,
        111
      ],
      [
        252,
        110
      ]
    ]
  },
  {
    "transcription": "Tr\u1ea3",
    "points": [
      [
        147,
        106
      ],
      [
        194,
        108
      ],
      [
        194,
        142
      ],
      [
        147,
        140
      ]
    ]
  }
]