[
  {
    "transcription": "\u0110\u1ea0T",
    "points": [
      [
        651,
        184
      ],
      [
        988,
        188
      ],
      [
        989,
        380
      ],
      [
        653,
        373
      ]
    ]
  },
  {
    "transcription": "\u0110\u1ed8NG",
    "points": [
      [
        605,
        48
      ],
      [
        813,
        50
      ],
      [
        814,
        163
      ],
      [
        605,
        163
      ]
    ]
  },
  {
    "transcription": "B\u1ea4T",
    "points": [
      [
        443,
        32
      ],
      [
        589,
        33
      ],
      [
        589,
        144
      ],
      [
        443,
        142
      ]
    ]
  },
  {
    "transcription": "S\u1ea2N",
    "points": [
      [
        834,
        48
      ],
      [
        986,
        47
      ],
      [
        986,
        161
      ],
      [
        832,
        161
      ]
    ]
  },
  {
    "transcription": "GIAO",
    "points": [
      [
        27,
        30
      ],
      [
        219,
        38
      ],
      [
        219,
        126
      ],
      [
        26,
        120
      ]
    ]
  },
  {
    "transcription": "D\u1ecaCH",
    "points": [
      [
        239,
        42
      ],
      [
        425,
        46
      ],
      [
        426,
        144
      ],
      [
        238,
        141
      ]
    ]
  },
  {
    "transcription": "TH\u00c0NH",
    "points": [
      [
        0,
        149
      ],
      [
        613,
        167
      ],
      [
        614,
        348
      ],
      [
        0,
        331
      ]
    ]
  }
]