[
  {
    "transcription": "TH\u1edcI",
    "points": [
      [
        13,
        0
      ],
      [
        236,
        16
      ],
      [
        238,
        104
      ],
      [
        13,
        81
      ]
    ]
  },
  {
    "transcription": "TR\u1ea2NG",
    "points": [
      [
        263,
        40
      ],
      [
        524,
        81
      ],
      [
        527,
        156
      ],
      [
        262,
        126
      ]
    ]
  },
  {
    "transcription": "TR\u1eaeNG",
    "points": [
      [
        255,
        26
      ],
      [
        531,
        26
      ],
      [
        531,
        160
      ],
      [
        255,
        160
      ]
    ]
  },
  {
    "transcription": "TH\u1edcI",
    "points": [
      [
        10,
        0
      ],
      [
        242,
        0
      ],
      [
        242,
        106
      ],
      [
        10,
        106
      ]
    ]
  }
]