[
  {
    "transcription": "HOA",
    "points": [
      [
        161,
        57
      ],
      [
        235,
        58
      ],
      [
        239,
        103
      ],
      [
        159,
        100
      ]
    ]
  },
  {
    "transcription": "vinataba",
    "points": [
      [
        144,
        7
      ],
      [
        347,
        11
      ],
      [
        346,
        51
      ],
      [
        144,
        51
      ]
    ]
  },
  {
    "transcription": "VIET",
    "points": [
      [
        243,
        58
      ],
      [
        325,
        59
      ],
      [
        325,
        108
      ],
      [
        243,
        107
      ]
    ]
  },
  {
    "transcription": "vinataba",
    "points": [
      [
        146,
        6
      ],
      [
        342,
        6
      ],
      [
        342,
        48
      ],
      [
        146,
        48
      ]
    ]
  },
  {
    "transcription": "HOA",
    "points": [
      [
        160,
        57
      ],
      [
        236,
        57
      ],
      [
        236,
        99
      ],
      [
        160,
        99
      ]
    ]
  },
  {
    "transcription": "VIET",
    "points": [
      [
        241,
        58
      ],
      [
        327,
        58
      ],
      [
        327,
        106
      ],
      [
        241,
        106
      ]
    ]
  }
]