[
  {
    "transcription": "zara",
    "points": [
      [
        214,
        106
      ],
      [
        730,
        53
      ],
      [
        739,
        160
      ],
      [
        207,
        218
      ]
    ]
  },
  {
    "transcription": "ZA",
    "points": [
      [
        217,
        111
      ],
      [
        408,
        97
      ],
      [
        437,
        188
      ],
      [
        214,
        212
      ]
    ]
  },
  {
    "transcription": "zara",
    "points": [
      [
        198,
        63
      ],
      [
        748,
        63
      ],
      [
        748,
        207
      ],
      [
        198,
        207
      ]
    ]
  }
]