[
  {
    "transcription": "H\u1ea0NG",
    "points": [
      [
        176,
        77
      ],
      [
        272,
        80
      ],
      [
        272,
        135
      ],
      [
        176,
        133
      ]
    ]
  },
  {
    "transcription": "\u00d4",
    "points": [
      [
        185,
        11
      ],
      [
        212,
        11
      ],
      [
        213,
        66
      ],
      [
        185,
        66
      ]
    ]
  },
  {
    "transcription": "D,E",
    "points": [
      [
        229,
        143
      ],
      [
        284,
        144
      ],
      [
        285,
        197
      ],
      [
        229,
        196
      ]
    ]
  },
  {
    "transcription": "B,C,",
    "points": [
      [
        159,
        138
      ],
      [
        223,
        141
      ],
      [
        224,
        194
      ],
      [
        158,
        191
      ]
    ]
  },
  {
    "transcription": "B,",
    "points": [
      [
        160,
        137
      ],
      [
        191,
        138
      ],
      [
        192,
        190
      ],
      [
        158,
        188
      ]
    ]
  },
  {
    "transcription": "T\u00d4",
    "points": [
      [
        218,
        11
      ],
      [
        262,
        11
      ],
      [
        263,
        68
      ],
      [
        218,
        68
      ]
    ]
  }
]