[
  {
    "transcription": "CANXI",
    "points": [
      [
        110,
        111
      ],
      [
        270,
        119
      ],
      [
        269,
        174
      ],
      [
        109,
        169
      ]
    ]
  },
  {
    "transcription": "&",
    "points": [
      [
        172,
        168
      ],
      [
        195,
        168
      ],
      [
        195,
        192
      ],
      [
        171,
        192
      ]
    ]
  },
  {
    "transcription": "B\u1ed2",
    "points": [
      [
        188,
        91
      ],
      [
        212,
        92
      ],
      [
        212,
        117
      ],
      [
        188,
        117
      ]
    ]
  },
  {
    "transcription": "SUNG",
    "points": [
      [
        214,
        97
      ],
      [
        252,
        99
      ],
      [
        252,
        120
      ],
      [
        214,
        118
      ]
    ]
  },
  {
    "transcription": "PROTEIN",
    "points": [
      [
        65,
        185
      ],
      [
        282,
        189
      ],
      [
        282,
        247
      ],
      [
        64,
        246
      ]
    ]
  },
  {
    "transcription": "NGU\u1ed2N",
    "points": [
      [
        130,
        89
      ],
      [
        187,
        90
      ],
      [
        187,
        116
      ],
      [
        130,
        115
      ]
    ]
  }
]