[
  {
    "transcription": "SHIPPER",
    "points": [
      [
        132,
        272
      ],
      [
        244,
        272
      ],
      [
        244,
        296
      ],
      [
        132,
        297
      ]
    ]
  },
  {
    "transcription": "SINH",
    "points": [
      [
        136,
        203
      ],
      [
        197,
        202
      ],
      [
        197,
        226
      ],
      [
        136,
        227
      ]
    ]
  },
  {
    "transcription": "\u0110\u1eb6C",
    "points": [
      [
        127,
        88
      ],
      [
        231,
        83
      ],
      [
        231,
        144
      ],
      [
        126,
        149
      ]
    ]
  },
  {
    "transcription": "BI\u1ec6T",
    "points": [
      [
        239,
        80
      ],
      [
        360,
        71
      ],
      [
        359,
        135
      ],
      [
        239,
        141
      ]
    ]
  },
  {
    "transcription": "\u01afU",
    "points": [
      [
        153,
        31
      ],
      [
        229,
        26
      ],
      [
        229,
        72
      ],
      [
        154,
        77
      ]
    ]
  },
  {
    "transcription": "\u0110\u00c3I",
    "points": [
      [
        238,
        14
      ],
      [
        337,
        5
      ],
      [
        338,
        60
      ],
      [
        238,
        69
      ]
    ]
  },
  {
    "transcription": "H\u1eccC",
    "points": [
      [
        134,
        238
      ],
      [
        190,
        237
      ],
      [
        190,
        265
      ],
      [
        133,
        265
      ]
    ]
  },
  {
    "transcription": "SINH",
    "points": [
      [
        194,
        236
      ],
      [
        258,
        235
      ],
      [
        258,
        259
      ],
      [
        194,
        260
      ]
    ]
  },
  {
    "transcription": "VI\u00caN",
    "points": [
      [
        200,
        197
      ],
      [
        265,
        196
      ],
      [
        265,
        223
      ],
      [
        201,
        224
      ]
    ]
  },
  {
    "transcription": "CHO",
    "points": [
      [
        197,
        148
      ],
      [
        282,
        144
      ],
      [
        283,
        180
      ],
      [
        198,
        184
      ]
    ]
  },
  {
    "transcription": "SU\u1ea4T",
    "points": [
      [
        319,
        241
      ],
      [
        362,
        241
      ],
      [
        362,
        269
      ],
      [
        319,
        269
      ]
    ]
  },
  {
    "transcription": "5",
    "points": [
      [
        283,
        243
      ],
      [
        300,
        243
      ],
      [
        300,
        271
      ],
      [
        284,
        270
      ]
    ]
  },
  {
    "transcription": "-",
    "points": [
      [
        121,
        214
      ],
      [
        133,
        214
      ],
      [
        133,
        223
      ],
      [
        121,
        223
      ]
    ]
  },
  {
    "transcription": "-",
    "points": [
      [
        119,
        247
      ],
      [
        131,
        247
      ],
      [
        131,
        257
      ],
      [
        119,
        257
      ]
    ]
  },
  {
    "transcription": "GI\u1ea2M",
    "points": [
      [
        285,
        208
      ],
      [
        357,
        204
      ],
      [
        356,
        238
      ],
      [
        285,
        242
      ]
    ]
  },
  {
    "transcription": "-",
    "points": [
      [
        116,
        282
      ],
      [
        129,
        282
      ],
      [
        129,
        291
      ],
      [
        116,
        292
      ]
    ]
  },
  {
    "transcription": "5",
    "points": [
      [
        284,
        243
      ],
      [
        298,
        243
      ],
      [
        298,
        269
      ],
      [
        284,
        269
      ]
    ]
  },
  {
    "transcription": "KISU\u1ea4T",
    "points": [
      [
        297,
        241
      ],
      [
        363,
        241
      ],
      [
        363,
        269
      ],
      [
        297,
        269
      ]
    ]
  },
  {
    "transcription": "GI\u1ea2M",
    "points": [
      [
        286,
        204
      ],
      [
        354,
        204
      ],
      [
        354,
        242
      ],
      [
        286,
        242
      ]
    ]
  },
  {
    "transcription": "SINH",
    "points": [
      [
        137,
        204
      ],
      [
        197,
        204
      ],
      [
        197,
        226
      ],
      [
        137,
        226
      ]
    ]
  },
  {
    "transcription": "CHO",
    "points": [
      [
        196,
        144
      ],
      [
        282,
        144
      ],
      [
        282,
        184
      ],
      [
        196,
        184
      ]
    ]
  },
  {
    "transcription": "H\u1eccC",
    "points": [
      [
        135,
        238
      ],
      [
        189,
        238
      ],
      [
        189,
        266
      ],
      [
        135,
        266
      ]
    ]
  },
  {
    "transcription": "SHIPPER",
    "points": [
      [
        133,
        273
      ],
      [
        241,
        273
      ],
      [
        241,
        297
      ],
      [
        133,
        297
      ]
    ]
  },
  {
    "transcription": "SINH",
    "points": [
      [
        195,
        235
      ],
      [
        259,
        235
      ],
      [
        259,
        259
      ],
      [
        195,
        259
      ]
    ]
  },
  {
    "transcription": "\u0110\u00c3I",
    "points": [
      [
        238,
        7
      ],
      [
        336,
        7
      ],
      [
        336,
        69
      ],
      [
        238,
        69
      ]
    ]
  },
  {
    "transcription": "\u0110\u1eb6C",
    "points": [
      [
        124,
        84
      ],
      [
        234,
        84
      ],
      [
        234,
        148
      ],
      [
        124,
        148
      ]
    ]
  },
  {
    "transcription": "\u01afU",
    "points": [
      [
        154,
        26
      ],
      [
        230,
        26
      ],
      [
        230,
        76
      ],
      [
        154,
        76
      ]
    ]
  },
  {
    "transcription": "BI\u1ec6T",
    "points": [
      [
        238,
        70
      ],
      [
        364,
        70
      ],
      [
        364,
        138
      ],
      [
        238,
        138
      ]
    ]
  },
  {
    "transcription": "VI\u00caN",
    "points": [
      [
        200,
        198
      ],
      [
        266,
        198
      ],
      [
        266,
        224
      ],
      [
        200,
        224
      ]
    ]
  }
]