[
  {
    "transcription": "46",
    "points": [
      [
        258,
        219
      ],
      [
        312,
        219
      ],
      [
        312,
        276
      ],
      [
        256,
        276
      ]
    ]
  },
  {
    "transcription": "11",
    "points": [
      [
        263,
        290
      ],
      [
        312,
        290
      ],
      [
        312,
        349
      ],
      [
        263,
        348
      ]
    ]
  },
  {
    "transcription": "S\u1ea2N",
    "points": [
      [
        251,
        69
      ],
      [
        452,
        64
      ],
      [
        453,
        193
      ],
      [
        251,
        197
      ]
    ]
  },
  {
    "transcription": "88",
    "points": [
      [
        316,
        217
      ],
      [
        372,
        217
      ],
      [
        372,
        273
      ],
      [
        316,
        273
      ]
    ]
  },
  {
    "transcription": "\u0110T:0988",
    "points": [
      [
        69,
        226
      ],
      [
        250,
        224
      ],
      [
        250,
        274
      ],
      [
        70,
        280
      ]
    ]
  },
  {
    "transcription": "\u0110T",
    "points": [
      [
        64,
        225
      ],
      [
        128,
        226
      ],
      [
        127,
        282
      ],
      [
        64,
        281
      ]
    ]
  },
  {
    "transcription": "\u0110\u1ea2O",
    "points": [
      [
        859,
        55
      ],
      [
        1180,
        50
      ],
      [
        1191,
        267
      ],
      [
        860,
        273
      ]
    ]
  },
  {
    "transcription": "0931",
    "points": [
      [
        136,
        293
      ],
      [
        247,
        292
      ],
      [
        247,
        350
      ],
      [
        136,
        351
      ]
    ]
  },
  {
    "transcription": "46",
    "points": [
      [
        378,
        215
      ],
      [
        434,
        213
      ],
      [
        434,
        272
      ],
      [
        378,
        273
      ]
    ]
  },
  {
    "transcription": "82",
    "points": [
      [
        374,
        289
      ],
      [
        431,
        288
      ],
      [
        431,
        344
      ],
      [
        373,
        344
      ]
    ]
  },
  {
    "transcription": "12",
    "points": [
      [
        316,
        292
      ],
      [
        368,
        290
      ],
      [
        368,
        345
      ],
      [
        316,
        346
      ]
    ]
  },
  {
    "transcription": "BI\u1ec2N",
    "points": [
      [
        475,
        51
      ],
      [
        840,
        36
      ],
      [
        845,
        285
      ],
      [
        474,
        291
      ]
    ]
  },
  {
    "transcription": "H\u1ea2I",
    "points": [
      [
        70,
        79
      ],
      [
        236,
        76
      ],
      [
        237,
        195
      ],
      [
        69,
        199
      ]
    ]
  }
]