[
  {
    "transcription": "BARBER",
    "points": [
      [
        305,
        43
      ],
      [
        641,
        44
      ],
      [
        642,
        150
      ],
      [
        304,
        151
      ]
    ]
  },
  {
    "transcription": "N\u1eb4NG",
    "points": [
      [
        444,
        168
      ],
      [
        533,
        167
      ],
      [
        533,
        212
      ],
      [
        445,
        213
      ]
    ]
  },
  {
    "transcription": "25",
    "points": [
      [
        63,
        177
      ],
      [
        101,
        177
      ],
      [
        101,
        212
      ],
      [
        63,
        212
      ]
    ]
  },
  {
    "transcription": "NH\u01af",
    "points": [
      [
        198,
        175
      ],
      [
        263,
        175
      ],
      [
        263,
        212
      ],
      [
        198,
        212
      ]
    ]
  },
  {
    "transcription": "3",
    "points": [
      [
        906,
        39
      ],
      [
        955,
        34
      ],
      [
        960,
        137
      ],
      [
        908,
        138
      ]
    ]
  },
  {
    "transcription": "SHOP",
    "points": [
      [
        657,
        37
      ],
      [
        878,
        37
      ],
      [
        880,
        149
      ],
      [
        658,
        149
      ]
    ]
  },
  {
    "transcription": "\u0110\u00c0",
    "points": [
      [
        395,
        174
      ],
      [
        438,
        174
      ],
      [
        440,
        212
      ],
      [
        395,
        212
      ]
    ]
  },
  {
    "transcription": "D\u0110:",
    "points": [
      [
        662,
        176
      ],
      [
        714,
        176
      ],
      [
        714,
        212
      ],
      [
        662,
        212
      ]
    ]
  },
  {
    "transcription": ":",
    "points": [
      [
        706,
        185
      ],
      [
        716,
        184
      ],
      [
        717,
        209
      ],
      [
        707,
        209
      ]
    ]
  },
  {
    "transcription": "V\u01af\u01a0NG",
    "points": [
      [
        4,
        31
      ],
      [
        286,
        31
      ],
      [
        286,
        152
      ],
      [
        3,
        152
      ]
    ]
  },
  {
    "transcription": "025",
    "points": [
      [
        855,
        177
      ],
      [
        910,
        177
      ],
      [
        910,
        209
      ],
      [
        856,
        209
      ]
    ]
  },
  {
    "transcription": "039",
    "points": [
      [
        796,
        178
      ],
      [
        850,
        178
      ],
      [
        850,
        210
      ],
      [
        796,
        210
      ]
    ]
  },
  {
    "transcription": "A",
    "points": [
      [
        848,
        195
      ],
      [
        856,
        195
      ],
      [
        856,
        207
      ],
      [
        848,
        207
      ]
    ]
  },
  {
    "transcription": "-",
    "points": [
      [
        378,
        186
      ],
      [
        391,
        185
      ],
      [
        390,
        204
      ],
      [
        378,
        204
      ]
    ]
  },
  {
    "transcription": "PH\u1ea0M",
    "points": [
      [
        107,
        177
      ],
      [
        192,
        176
      ],
      [
        193,
        214
      ],
      [
        107,
        214
      ]
    ]
  },
  {
    "transcription": "X\u01af\u01a0NG",
    "points": [
      [
        267,
        176
      ],
      [
        375,
        176
      ],
      [
        376,
        210
      ],
      [
        268,
        211
      ]
    ]
  }
]