[
  {
    "transcription": "C\u1ed4NG",
    "points": [
      [
        61,
        11
      ],
      [
        108,
        13
      ],
      [
        108,
        47
      ],
      [
        61,
        44
      ]
    ]
  },
  {
    "transcription": "\u0110\u1eb8P,",
    "points": [
      [
        253,
        42
      ],
      [
        285,
        43
      ],
      [
        286,
        69
      ],
      [
        252,
        66
      ]
    ]
  },
  {
    "transcription": "AN",
    "points": [
      [
        288,
        46
      ],
      [
        308,
        47
      ],
      [
        309,
        69
      ],
      [
        288,
        68
      ]
    ]
  },
  {
    "transcription": "S\u1ea0CH,",
    "points": [
      [
        206,
        36
      ],
      [
        249,
        39
      ],
      [
        250,
        66
      ],
      [
        206,
        63
      ]
    ]
  },
  {
    "transcription": "C:",
    "points": [
      [
        276,
        163
      ],
      [
        286,
        163
      ],
      [
        285,
        174
      ],
      [
        275,
        174
      ]
    ]
  },
  {
    "transcription": "EM",
    "points": [
      [
        179,
        33
      ],
      [
        203,
        34
      ],
      [
        204,
        58
      ],
      [
        179,
        57
      ]
    ]
  },
  {
    "transcription": "T\u00c2M",
    "points": [
      [
        298,
        186
      ],
      [
        325,
        186
      ],
      [
        325,
        210
      ],
      [
        299,
        211
      ]
    ]
  },
  {
    "transcription": "TR\u01af\u1edcNG",
    "points": [
      [
        111,
        22
      ],
      [
        177,
        27
      ],
      [
        177,
        56
      ],
      [
        111,
        50
      ]
    ]
  },
  {
    "transcription": "TO\u00c0N",
    "points": [
      [
        310,
        46
      ],
      [
        346,
        47
      ],
      [
        346,
        71
      ],
      [
        310,
        70
      ]
    ]
  },
  {
    "transcription": ".",
    "points": [
      [
        287,
        162
      ],
      [
        295,
        161
      ],
      [
        294,
        171
      ],
      [
        287,
        172
      ]
    ]
  }
]