[
  {
    "transcription": "SUNG",
    "points": [
      [
        213,
        97
      ],
      [
        253,
        99
      ],
      [
        253,
        120
      ],
      [
        213,
        118
      ]
    ]
  },
  {
    "transcription": "PROTEIN",
    "points": [
      [
        63,
        179
      ],
      [
        283,
        184
      ],
      [
        283,
        246
      ],
      [
        62,
        246
      ]
    ]
  },
  {
    "transcription": "CANXI",
    "points": [
      [
        109,
        111
      ],
      [
        270,
        120
      ],
      [
        269,
        173
      ],
      [
        108,
        166
      ]
    ]
  },
  {
    "transcription": "B\u1ed4",
    "points": [
      [
        188,
        92
      ],
      [
        211,
        92
      ],
      [
        211,
        117
      ],
      [
        187,
        116
      ]
    ]
  },
  {
    "transcription": "NGU\u1ed2N",
    "points": [
      [
        129,
        89
      ],
      [
        188,
        91
      ],
      [
        187,
        116
      ],
      [
        129,
        114
      ]
    ]
  },
  {
    "transcription": "&",
    "points": [
      [
        171,
        169
      ],
      [
        195,
        170
      ],
      [
        195,
        193
      ],
      [
        171,
        192
      ]
    ]
  },
  {
    "transcription": "PROTEIN",
    "points": [
      [
        62,
        189
      ],
      [
        272,
        189
      ],
      [
        272,
        239
      ],
      [
        62,
        239
      ]
    ]
  },
  {
    "transcription": "&",
    "points": [
      [
        172,
        170
      ],
      [
        196,
        170
      ],
      [
        196,
        192
      ],
      [
        172,
        192
      ]
    ]
  },
  {
    "transcription": "NGU\u1ed2N",
    "points": [
      [
        131,
        91
      ],
      [
        185,
        91
      ],
      [
        185,
        113
      ],
      [
        131,
        113
      ]
    ]
  },
  {
    "transcription": "SUNG",
    "points": [
      [
        214,
        99
      ],
      [
        254,
        99
      ],
      [
        254,
        117
      ],
      [
        214,
        117
      ]
    ]
  },
  {
    "transcription": "B\u1ed4",
    "points": [
      [
        188,
        94
      ],
      [
        212,
        94
      ],
      [
        212,
        114
      ],
      [
        188,
        114
      ]
    ]
  },
  {
    "transcription": "CANXI",
    "points": [
      [
        108,
        114
      ],
      [
        268,
        114
      ],
      [
        268,
        168
      ],
      [
        108,
        168
      ]
    ]
  }
]