[
  {
    "transcription": "Shop",
    "points": [
      [
        618,
        278
      ],
      [
        705,
        287
      ],
      [
        705,
        346
      ],
      [
        618,
        337
      ]
    ]
  },
  {
    "transcription": "Fashion",
    "points": [
      [
        480,
        264
      ],
      [
        617,
        272
      ],
      [
        617,
        325
      ],
      [
        480,
        316
      ]
    ]
  },
  {
    "transcription": "Q.",
    "points": [
      [
        434,
        95
      ],
      [
        586,
        103
      ],
      [
        591,
        252
      ],
      [
        441,
        254
      ]
    ]
  },
  {
    "transcription": "Q.",
    "points": [
      [
        597,
        116
      ],
      [
        741,
        129
      ],
      [
        747,
        279
      ],
      [
        606,
        276
      ]
    ]
  }
]