[
  {
    "transcription": "ANH",
    "points": [
      [
        432,
        192
      ],
      [
        758,
        183
      ],
      [
        767,
        282
      ],
      [
        432,
        289
      ]
    ]
  },
  {
    "transcription": "THU\u1ed0C",
    "points": [
      [
        341,
        128
      ],
      [
        584,
        120
      ],
      [
        585,
        184
      ],
      [
        344,
        192
      ]
    ]
  },
  {
    "transcription": "NH\u00c0",
    "points": [
      [
        179,
        137
      ],
      [
        324,
        131
      ],
      [
        332,
        189
      ],
      [
        177,
        195
      ]
    ]
  },
  {
    "transcription": "T\u00d9NG",
    "points": [
      [
        38,
        195
      ],
      [
        389,
        196
      ],
      [
        389,
        289
      ],
      [
        36,
        292
      ]
    ]
  },
  {
    "transcription": "ANH",
    "points": [
      [
        436,
        186
      ],
      [
        766,
        186
      ],
      [
        766,
        288
      ],
      [
        436,
        288
      ]
    ]
  },
  {
    "transcription": "T\u00d9NG",
    "points": [
      [
        37,
        194
      ],
      [
        395,
        194
      ],
      [
        395,
        294
      ],
      [
        37,
        294
      ]
    ]
  },
  {
    "transcription": "NH\u00c0",
    "points": [
      [
        178,
        134
      ],
      [
        328,
        134
      ],
      [
        328,
        194
      ],
      [
        178,
        194
      ]
    ]
  },
  {
    "transcription": "THU\u1ed0C",
    "points": [
      [
        344,
        124
      ],
      [
        582,
        124
      ],
      [
        582,
        190
      ],
      [
        344,
        190
      ]
    ]
  }
]