[
  {
    "transcription": "PH\u00c1T",
    "points": [
      [
        762,
        30
      ],
      [
        877,
        29
      ],
      [
        878,
        78
      ],
      [
        763,
        79
      ]
    ]
  },
  {
    "transcription": "T\u00c2N",
    "points": [
      [
        293,
        109
      ],
      [
        351,
        109
      ],
      [
        352,
        153
      ],
      [
        293,
        153
      ]
    ]
  },
  {
    "transcription": "9",
    "points": [
      [
        25,
        98
      ],
      [
        59,
        99
      ],
      [
        57,
        147
      ],
      [
        20,
        147
      ]
    ]
  },
  {
    "transcription": "-",
    "points": [
      [
        278,
        127
      ],
      [
        290,
        127
      ],
      [
        289,
        140
      ],
      [
        277,
        139
      ]
    ]
  },
  {
    "transcription": "929",
    "points": [
      [
        925,
        109
      ],
      [
        985,
        110
      ],
      [
        986,
        150
      ],
      [
        925,
        150
      ]
    ]
  },
  {
    "transcription": "0936.790.297",
    "points": [
      [
        1004,
        110
      ],
      [
        1223,
        108
      ],
      [
        1225,
        150
      ],
      [
        1005,
        149
      ]
    ]
  },
  {
    "transcription": "\u0110\u1ed2NG",
    "points": [
      [
        348,
        25
      ],
      [
        478,
        25
      ],
      [
        479,
        77
      ],
      [
        348,
        78
      ]
    ]
  },
  {
    "transcription": "C\u00d9NG",
    "points": [
      [
        625,
        30
      ],
      [
        752,
        30
      ],
      [
        753,
        79
      ],
      [
        625,
        79
      ]
    ]
  },
  {
    "transcription": "TRI\u1ec2N",
    "points": [
      [
        888,
        25
      ],
      [
        1022,
        24
      ],
      [
        1023,
        79
      ],
      [
        889,
        80
      ]
    ]
  },
  {
    "transcription": "M\u1edaI",
    "points": [
      [
        215,
        107
      ],
      [
        275,
        106
      ],
      [
        274,
        152
      ],
      [
        214,
        152
      ]
    ]
  },
  {
    "transcription": "728.929",
    "points": [
      [
        859,
        111
      ],
      [
        982,
        111
      ],
      [
        983,
        149
      ],
      [
        859,
        150
      ]
    ]
  },
  {
    "transcription": "0886.",
    "points": [
      [
        765,
        110
      ],
      [
        855,
        110
      ],
      [
        856,
        151
      ],
      [
        766,
        151
      ]
    ]
  },
  {
    "transcription": "TN",
    "points": [
      [
        474,
        114
      ],
      [
        514,
        114
      ],
      [
        515,
        154
      ],
      [
        474,
        154
      ]
    ]
  },
  {
    "transcription": "-",
    "points": [
      [
        518,
        128
      ],
      [
        527,
        127
      ],
      [
        527,
        140
      ],
      [
        517,
        140
      ]
    ]
  },
  {
    "transcription": "D\u01af\u01a0NG",
    "points": [
      [
        358,
        112
      ],
      [
        459,
        112
      ],
      [
        459,
        152
      ],
      [
        358,
        152
      ]
    ]
  },
  {
    "transcription": "H\u00c0NH",
    "points": [
      [
        489,
        29
      ],
      [
        615,
        29
      ],
      [
        616,
        79
      ],
      [
        489,
        79
      ]
    ]
  },
  {
    "transcription": "HP",
    "points": [
      [
        529,
        114
      ],
      [
        571,
        114
      ],
      [
        571,
        153
      ],
      [
        529,
        153
      ]
    ]
  },
  {
    "transcription": "PH\u1ed0",
    "points": [
      [
        146,
        104
      ],
      [
        210,
        104
      ],
      [
        210,
        150
      ],
      [
        145,
        150
      ]
    ]
  },
  {
    "transcription": "315B",
    "points": [
      [
        66,
        111
      ],
      [
        138,
        111
      ],
      [
        138,
        148
      ],
      [
        66,
        149
      ]
    ]
  },
  {
    "transcription": "-",
    "points": [
      [
        988,
        125
      ],
      [
        1001,
        124
      ],
      [
        1002,
        139
      ],
      [
        989,
        138
      ]
    ]
  },
  {
    "transcription": "O",
    "points": [
      [
        718,
        109
      ],
      [
        758,
        109
      ],
      [
        758,
        147
      ],
      [
        717,
        148
      ]
    ]
  },
  {
    "transcription": "-",
    "points": [
      [
        463,
        123
      ],
      [
        477,
        123
      ],
      [
        477,
        146
      ],
      [
        463,
        145
      ]
    ]
  },
  {
    "transcription": ":",
    "points": [
      [
        457,
        118
      ],
      [
        471,
        117
      ],
      [
        473,
        144
      ],
      [
        457,
        144
      ]
    ]
  }
]