[
  {
    "transcription": "20",
    "points": [
      [
        24,
        330
      ],
      [
        142,
        332
      ],
      [
        153,
        411
      ],
      [
        32,
        410
      ]
    ]
  },
  {
    "transcription": "GI\u00c1",
    "points": [
      [
        92,
        299
      ],
      [
        135,
        299
      ],
      [
        135,
        324
      ],
      [
        93,
        324
      ]
    ]
  },
  {
    "transcription": "GI\u1ea2M",
    "points": [
      [
        25,
        298
      ],
      [
        87,
        297
      ],
      [
        90,
        324
      ],
      [
        27,
        327
      ]
    ]
  },
  {
    "transcription": "26",
    "points": [
      [
        63,
        414
      ],
      [
        83,
        415
      ],
      [
        84,
        432
      ],
      [
        64,
        432
      ]
    ]
  },
  {
    "transcription": "/",
    "points": [
      [
        83,
        417
      ],
      [
        89,
        417
      ],
      [
        89,
        432
      ],
      [
        83,
        432
      ]
    ]
  },
  {
    "transcription": "10",
    "points": [
      [
        88,
        414
      ],
      [
        108,
        414
      ],
      [
        109,
        431
      ],
      [
        89,
        432
      ]
    ]
  },
  {
    "transcription": "31/10",
    "points": [
      [
        119,
        414
      ],
      [
        164,
        414
      ],
      [
        165,
        431
      ],
      [
        120,
        431
      ]
    ]
  },
  {
    "transcription": "%",
    "points": [
      [
        135,
        362
      ],
      [
        151,
        362
      ],
      [
        151,
        377
      ],
      [
        135,
        377
      ]
    ]
  },
  {
    "transcription": "T\u1eeb:",
    "points": [
      [
        36,
        415
      ],
      [
        62,
        415
      ],
      [
        63,
        431
      ],
      [
        37,
        431
      ]
    ]
  },
  {
    "transcription": "-",
    "points": [
      [
        110,
        419
      ],
      [
        117,
        419
      ],
      [
        117,
        426
      ],
      [
        110,
        427
      ]
    ]
  },
  {
    "transcription": "T\u1eeb:",
    "points": [
      [
        38,
        415
      ],
      [
        62,
        415
      ],
      [
        62,
        431
      ],
      [
        38,
        431
      ]
    ]
  },
  {
    "transcription": "31/10",
    "points": [
      [
        120,
        415
      ],
      [
        162,
        415
      ],
      [
        162,
        431
      ],
      [
        120,
        431
      ]
    ]
  },
  {
    "transcription": "26/10",
    "points": [
      [
        63,
        416
      ],
      [
        107,
        416
      ],
      [
        107,
        432
      ],
      [
        63,
        432
      ]
    ]
  },
  {
    "transcription": "GI\u1ea2M",
    "points": [
      [
        28,
        298
      ],
      [
        88,
        298
      ],
      [
        88,
        324
      ],
      [
        28,
        324
      ]
    ]
  },
  {
    "transcription": "20",
    "points": [
      [
        28,
        323
      ],
      [
        154,
        323
      ],
      [
        154,
        413
      ],
      [
        28,
        413
      ]
    ]
  },
  {
    "transcription": "GI\u00c1",
    "points": [
      [
        93,
        299
      ],
      [
        135,
        299
      ],
      [
        135,
        323
      ],
      [
        93,
        323
      ]
    ]
  }
]