[
  {
    "transcription": "\u0110\u1eb2NG",
    "points": [
      [
        95,
        176
      ],
      [
        162,
        180
      ],
      [
        162,
        219
      ],
      [
        95,
        216
      ]
    ]
  },
  {
    "transcription": "H\u00c8",
    "points": [
      [
        86,
        142
      ],
      [
        118,
        143
      ],
      [
        118,
        176
      ],
      [
        86,
        175
      ]
    ]
  },
  {
    "transcription": "T\u1ebe",
    "points": [
      [
        280,
        192
      ],
      [
        313,
        193
      ],
      [
        311,
        227
      ],
      [
        280,
        225
      ]
    ]
  },
  {
    "transcription": "C\u1ea4P",
    "points": [
      [
        167,
        185
      ],
      [
        214,
        186
      ],
      [
        212,
        220
      ],
      [
        166,
        220
      ]
    ]
  },
  {
    "transcription": "Ch\u00e1u,",
    "points": [
      [
        184,
        237
      ],
      [
        213,
        239
      ],
      [
        214,
        254
      ],
      [
        184,
        252
      ]
    ]
  },
  {
    "transcription": "TI\u1ebeNG",
    "points": [
      [
        121,
        142
      ],
      [
        189,
        144
      ],
      [
        189,
        182
      ],
      [
        121,
        178
      ]
    ]
  },
  {
    "transcription": "ANH",
    "points": [
      [
        196,
        154
      ],
      [
        242,
        156
      ],
      [
        240,
        184
      ],
      [
        192,
        182
      ]
    ]
  },
  {
    "transcription": "QU\u1ed0C",
    "points": [
      [
        217,
        189
      ],
      [
        278,
        189
      ],
      [
        276,
        226
      ],
      [
        216,
        225
      ]
    ]
  },
  {
    "transcription": "Nguy\u1ec5n",
    "points": [
      [
        73,
        231
      ],
      [
        115,
        233
      ],
      [
        115,
        248
      ],
      [
        73,
        247
      ]
    ]
  },
  {
    "transcription": "TR\u1ea0I",
    "points": [
      [
        22,
        139
      ],
      [
        82,
        144
      ],
      [
        82,
        180
      ],
      [
        23,
        175
      ]
    ]
  },
  {
    "transcription": "Linh,",
    "points": [
      [
        137,
        235
      ],
      [
        164,
        237
      ],
      [
        165,
        251
      ],
      [
        137,
        249
      ]
    ]
  },
  {
    "transcription": "169",
    "points": [
      [
        22,
        229
      ],
      [
        44,
        229
      ],
      [
        44,
        243
      ],
      [
        22,
        243
      ]
    ]
  },
  {
    "transcription": "N\u1eb5ng",
    "points": [
      [
        229,
        240
      ],
      [
        257,
        242
      ],
      [
        257,
        257
      ],
      [
        229,
        254
      ]
    ]
  },
  {
    "transcription": "171",
    "points": [
      [
        52,
        230
      ],
      [
        72,
        231
      ],
      [
        71,
        244
      ],
      [
        52,
        244
      ]
    ]
  },
  {
    "transcription": "V\u0103n",
    "points": [
      [
        116,
        234
      ],
      [
        136,
        235
      ],
      [
        136,
        249
      ],
      [
        116,
        248
      ]
    ]
  },
  {
    "transcription": "\u0110\u00e0",
    "points": [
      [
        214,
        240
      ],
      [
        228,
        240
      ],
      [
        228,
        253
      ],
      [
        214,
        253
      ]
    ]
  },
  {
    "transcription": "H\u00e1i",
    "points": [
      [
        165,
        237
      ],
      [
        183,
        238
      ],
      [
        183,
        250
      ],
      [
        165,
        250
      ]
    ]
  },
  {
    "transcription": "4466",
    "points": [
      [
        324,
        243
      ],
      [
        352,
        245
      ],
      [
        352,
        259
      ],
      [
        324,
        258
      ]
    ]
  },
  {
    "transcription": "730",
    "points": [
      [
        302,
        243
      ],
      [
        323,
        244
      ],
      [
        323,
        257
      ],
      [
        302,
        257
      ]
    ]
  },
  {
    "transcription": "(02369730",
    "points": [
      [
        264,
        242
      ],
      [
        322,
        242
      ],
      [
        322,
        256
      ],
      [
        264,
        256
      ]
    ]
  },
  {
    "transcription": "\u0110\u00e1",
    "points": [
      [
        214,
        241
      ],
      [
        228,
        241
      ],
      [
        228,
        251
      ],
      [
        214,
        251
      ]
    ]
  },
  {
    "transcription": "N\u1ea3ng",
    "points": [
      [
        230,
        241
      ],
      [
        254,
        241
      ],
      [
        254,
        255
      ],
      [
        230,
        255
      ]
    ]
  },
  {
    "transcription": "V\u0103n",
    "points": [
      [
        116,
        235
      ],
      [
        136,
        235
      ],
      [
        136,
        247
      ],
      [
        116,
        247
      ]
    ]
  },
  {
    "transcription": "169",
    "points": [
      [
        23,
        230
      ],
      [
        43,
        230
      ],
      [
        43,
        242
      ],
      [
        23,
        242
      ]
    ]
  },
  {
    "transcription": "44.66",
    "points": [
      [
        324,
        245
      ],
      [
        350,
        245
      ],
      [
        350,
        257
      ],
      [
        324,
        257
      ]
    ]
  },
  {
    "transcription": "171",
    "points": [
      [
        53,
        232
      ],
      [
        71,
        232
      ],
      [
        71,
        244
      ],
      [
        53,
        244
      ]
    ]
  },
  {
    "transcription": "H\u00c8",
    "points": [
      [
        87,
        142
      ],
      [
        117,
        142
      ],
      [
        117,
        176
      ],
      [
        87,
        176
      ]
    ]
  },
  {
    "transcription": "Nguy\u1ec5n",
    "points": [
      [
        73,
        233
      ],
      [
        113,
        233
      ],
      [
        113,
        247
      ],
      [
        73,
        247
      ]
    ]
  },
  {
    "transcription": "T\u1ebe",
    "points": [
      [
        281,
        191
      ],
      [
        313,
        191
      ],
      [
        313,
        225
      ],
      [
        281,
        225
      ]
    ]
  },
  {
    "transcription": "Ch\u00e1u,",
    "points": [
      [
        185,
        238
      ],
      [
        213,
        238
      ],
      [
        213,
        252
      ],
      [
        185,
        252
      ]
    ]
  },
  {
    "transcription": "Linh,",
    "points": [
      [
        138,
        236
      ],
      [
        162,
        236
      ],
      [
        162,
        250
      ],
      [
        138,
        250
      ]
    ]
  },
  {
    "transcription": "TR\u1ea0I",
    "points": [
      [
        24,
        140
      ],
      [
        82,
        140
      ],
      [
        82,
        178
      ],
      [
        24,
        178
      ]
    ]
  },
  {
    "transcription": "C\u1ea4P",
    "points": [
      [
        167,
        185
      ],
      [
        213,
        185
      ],
      [
        213,
        219
      ],
      [
        167,
        219
      ]
    ]
  },
  {
    "transcription": "ANH",
    "points": [
      [
        193,
        154
      ],
      [
        241,
        154
      ],
      [
        241,
        184
      ],
      [
        193,
        184
      ]
    ]
  },
  {
    "transcription": "\u0110\u1eb2NG",
    "points": [
      [
        96,
        176
      ],
      [
        162,
        176
      ],
      [
        162,
        218
      ],
      [
        96,
        218
      ]
    ]
  },
  {
    "transcription": "TI\u1ebeNG",
    "points": [
      [
        122,
        142
      ],
      [
        188,
        142
      ],
      [
        188,
        180
      ],
      [
        122,
        180
      ]
    ]
  },
  {
    "transcription": "QU\u1ed0C",
    "points": [
      [
        218,
        190
      ],
      [
        278,
        190
      ],
      [
        278,
        226
      ],
      [
        218,
        226
      ]
    ]
  }
]