[
  {
    "transcription": "Q1",
    "points": [
      [
        633,
        460
      ],
      [
        680,
        461
      ],
      [
        680,
        500
      ],
      [
        633,
        500
      ]
    ]
  },
  {
    "transcription": "41",
    "points": [
      [
        81,
        462
      ],
      [
        122,
        462
      ],
      [
        121,
        499
      ],
      [
        78,
        499
      ]
    ]
  },
  {
    "transcription": "TR\u00c3I",
    "points": [
      [
        297,
        458
      ],
      [
        382,
        458
      ],
      [
        383,
        501
      ],
      [
        298,
        501
      ]
    ]
  },
  {
    "transcription": "NGUY\u1ec4N",
    "points": [
      [
        131,
        458
      ],
      [
        289,
        457
      ],
      [
        289,
        502
      ],
      [
        132,
        502
      ]
    ]
  },
  {
    "transcription": "HNOSS",
    "points": [
      [
        282,
        86
      ],
      [
        1082,
        88
      ],
      [
        1088,
        300
      ],
      [
        281,
        301
      ]
    ]
  },
  {
    "transcription": "TH\u00c0NH",
    "points": [
      [
        498,
        458
      ],
      [
        629,
        458
      ],
      [
        630,
        503
      ],
      [
        498,
        503
      ]
    ]
  },
  {
    "transcription": "Q1",
    "points": [
      [
        630,
        462
      ],
      [
        680,
        462
      ],
      [
        680,
        500
      ],
      [
        630,
        500
      ]
    ]
  },
  {
    "transcription": "41",
    "points": [
      [
        76,
        461
      ],
      [
        122,
        461
      ],
      [
        122,
        501
      ],
      [
        76,
        501
      ]
    ]
  },
  {
    "transcription": "TH\u00c0NH",
    "points": [
      [
        495,
        458
      ],
      [
        625,
        458
      ],
      [
        625,
        498
      ],
      [
        495,
        498
      ]
    ]
  },
  {
    "transcription": "TR\u00c3I",
    "points": [
      [
        295,
        458
      ],
      [
        381,
        458
      ],
      [
        381,
        498
      ],
      [
        295,
        498
      ]
    ]
  },
  {
    "transcription": "B\u1ebeN",
    "points": [
      [
        412,
        458
      ],
      [
        488,
        458
      ],
      [
        488,
        498
      ],
      [
        412,
        498
      ]
    ]
  },
  {
    "transcription": "NGUY\u1ec4N",
    "points": [
      [
        131,
        459
      ],
      [
        289,
        459
      ],
      [
        289,
        497
      ],
      [
        131,
        497
      ]
    ]
  },
  {
    "transcription": "HNOSS",
    "points": [
      [
        255,
        104
      ],
      [
        1081,
        104
      ],
      [
        1081,
        302
      ],
      [
        255,
        302
      ]
    ]
  }
]