[
  {
    "transcription": "D\u1ee4NG",
    "points": [
      [
        166,
        72
      ],
      [
        271,
        76
      ],
      [
        272,
        152
      ],
      [
        166,
        148
      ]
    ]
  },
  {
    "transcription": "T\u00f9ng",
    "points": [
      [
        34,
        8
      ],
      [
        141,
        20
      ],
      [
        140,
        67
      ],
      [
        32,
        58
      ]
    ]
  },
  {
    "transcription": "L\u00e2m",
    "points": [
      [
        153,
        21
      ],
      [
        232,
        28
      ],
      [
        230,
        63
      ],
      [
        147,
        61
      ]
    ]
  },
  {
    "transcription": "GIA",
    "points": [
      [
        86,
        72
      ],
      [
        154,
        70
      ],
      [
        156,
        140
      ],
      [
        87,
        141
      ]
    ]
  },
  {
    "transcription": "\u0110\u1ed2",
    "points": [
      [
        18,
        50
      ],
      [
        75,
        52
      ],
      [
        75,
        143
      ],
      [
        17,
        142
      ]
    ]
  }
]