[
  {
    "transcription": "H\u1eadu",
    "points": [
      [
        37,
        11
      ],
      [
        196,
        28
      ],
      [
        195,
        108
      ],
      [
        35,
        95
      ]
    ]
  },
  {
    "transcription": "P.5",
    "points": [
      [
        474,
        68
      ],
      [
        597,
        76
      ],
      [
        602,
        137
      ],
      [
        474,
        131
      ]
    ]
  },
  {
    "transcription": "Giang",
    "points": [
      [
        220,
        32
      ],
      [
        435,
        64
      ],
      [
        434,
        139
      ],
      [
        218,
        110
      ]
    ]
  },
  {
    "transcription": "-",
    "points": [
      [
        443,
        98
      ],
      [
        468,
        99
      ],
      [
        468,
        117
      ],
      [
        443,
        116
      ]
    ]
  },
  {
    "transcription": "Q.6",
    "points": [
      [
        623,
        90
      ],
      [
        729,
        93
      ],
      [
        730,
        153
      ],
      [
        624,
        150
      ]
    ]
  },
  {
    "transcription": "-",
    "points": [
      [
        592,
        112
      ],
      [
        616,
        112
      ],
      [
        616,
        136
      ],
      [
        592,
        136
      ]
    ]
  },
  {
    "transcription": "Q.6",
    "points": [
      [
        626,
        88
      ],
      [
        736,
        88
      ],
      [
        736,
        156
      ],
      [
        626,
        156
      ]
    ]
  },
  {
    "transcription": "-",
    "points": [
      [
        445,
        96
      ],
      [
        467,
        96
      ],
      [
        467,
        118
      ],
      [
        445,
        118
      ]
    ]
  },
  {
    "transcription": "P.5",
    "points": [
      [
        476,
        67
      ],
      [
        586,
        67
      ],
      [
        586,
        139
      ],
      [
        476,
        139
      ]
    ]
  },
  {
    "transcription": "Giang",
    "points": [
      [
        218,
        34
      ],
      [
        434,
        34
      ],
      [
        434,
        136
      ],
      [
        218,
        136
      ]
    ]
  },
  {
    "transcription": "H\u1eadu",
    "points": [
      [
        31,
        7
      ],
      [
        199,
        7
      ],
      [
        199,
        109
      ],
      [
        31,
        109
      ]
    ]
  }
]