[
  {
    "transcription": "NH\u00c0",
    "points": [
      [
        59,
        18
      ],
      [
        124,
        17
      ],
      [
        126,
        56
      ],
      [
        59,
        57
      ]
    ]
  },
  {
    "transcription": "HoTel",
    "points": [
      [
        57,
        161
      ],
      [
        115,
        160
      ],
      [
        114,
        180
      ],
      [
        56,
        180
      ]
    ]
  },
  {
    "transcription": "L",
    "points": [
      [
        44,
        166
      ],
      [
        57,
        165
      ],
      [
        53,
        183
      ],
      [
        39,
        184
      ]
    ]
  },
  {
    "transcription": "NGH\u1ec8",
    "points": [
      [
        134,
        15
      ],
      [
        210,
        13
      ],
      [
        210,
        58
      ],
      [
        134,
        58
      ]
    ]
  },
  {
    "transcription": "BOOK",
    "points": [
      [
        215,
        22
      ],
      [
        300,
        22
      ],
      [
        301,
        59
      ],
      [
        215,
        59
      ]
    ]
  },
  {
    "transcription": "Bcok",
    "points": [
      [
        65,
        135
      ],
      [
        112,
        135
      ],
      [
        111,
        157
      ],
      [
        63,
        157
      ]
    ]
  }
]