[
  {
    "transcription": "H\u1eccC",
    "points": [
      [
        134,
        236
      ],
      [
        190,
        235
      ],
      [
        190,
        266
      ],
      [
        134,
        266
      ]
    ]
  },
  {
    "transcription": "-",
    "points": [
      [
        119,
        247
      ],
      [
        132,
        247
      ],
      [
        131,
        258
      ],
      [
        118,
        258
      ]
    ]
  },
  {
    "transcription": "\u01afU",
    "points": [
      [
        153,
        30
      ],
      [
        230,
        25
      ],
      [
        230,
        73
      ],
      [
        154,
        78
      ]
    ]
  },
  {
    "transcription": "SINH",
    "points": [
      [
        137,
        202
      ],
      [
        197,
        200
      ],
      [
        197,
        227
      ],
      [
        137,
        229
      ]
    ]
  },
  {
    "transcription": "-",
    "points": [
      [
        116,
        281
      ],
      [
        130,
        281
      ],
      [
        129,
        292
      ],
      [
        115,
        292
      ]
    ]
  },
  {
    "transcription": "CHO",
    "points": [
      [
        197,
        147
      ],
      [
        282,
        144
      ],
      [
        283,
        182
      ],
      [
        198,
        185
      ]
    ]
  },
  {
    "transcription": "5",
    "points": [
      [
        284,
        242
      ],
      [
        301,
        242
      ],
      [
        301,
        271
      ],
      [
        283,
        271
      ]
    ]
  },
  {
    "transcription": "K",
    "points": [
      [
        297,
        247
      ],
      [
        316,
        247
      ],
      [
        316,
        270
      ],
      [
        297,
        270
      ]
    ]
  },
  {
    "transcription": "\u0110\u00c3I",
    "points": [
      [
        239,
        14
      ],
      [
        336,
        3
      ],
      [
        338,
        62
      ],
      [
        238,
        71
      ]
    ]
  },
  {
    "transcription": "SHIPPER",
    "points": [
      [
        132,
        272
      ],
      [
        243,
        271
      ],
      [
        244,
        297
      ],
      [
        132,
        297
      ]
    ]
  },
  {
    "transcription": "SINH",
    "points": [
      [
        194,
        234
      ],
      [
        259,
        234
      ],
      [
        259,
        260
      ],
      [
        195,
        261
      ]
    ]
  },
  {
    "transcription": "GI\u1ea2M",
    "points": [
      [
        286,
        208
      ],
      [
        352,
        205
      ],
      [
        352,
        242
      ],
      [
        286,
        243
      ]
    ]
  },
  {
    "transcription": "G",
    "points": [
      [
        50,
        256
      ],
      [
        59,
        255
      ],
      [
        59,
        272
      ],
      [
        50,
        273
      ]
    ]
  },
  {
    "transcription": "\u0110\u1eb6C",
    "points": [
      [
        127,
        87
      ],
      [
        231,
        80
      ],
      [
        232,
        146
      ],
      [
        127,
        152
      ]
    ]
  },
  {
    "transcription": "-",
    "points": [
      [
        121,
        213
      ],
      [
        134,
        213
      ],
      [
        133,
        224
      ],
      [
        120,
        224
      ]
    ]
  },
  {
    "transcription": "BI\u1ec6T",
    "points": [
      [
        239,
        79
      ],
      [
        360,
        69
      ],
      [
        359,
        137
      ],
      [
        239,
        142
      ]
    ]
  },
  {
    "transcription": "VI\u00caN",
    "points": [
      [
        201,
        196
      ],
      [
        265,
        194
      ],
      [
        265,
        224
      ],
      [
        202,
        225
      ]
    ]
  }
]