[
  {
    "transcription": "BAO",
    "points": [
      [
        576,
        163
      ],
      [
        679,
        168
      ],
      [
        679,
        231
      ],
      [
        576,
        228
      ]
    ]
  },
  {
    "transcription": "XU\u1ea4T",
    "points": [
      [
        416,
        134
      ],
      [
        566,
        137
      ],
      [
        567,
        226
      ],
      [
        416,
        224
      ]
    ]
  },
  {
    "transcription": "C.TY",
    "points": [
      [
        34,
        145
      ],
      [
        176,
        145
      ],
      [
        176,
        214
      ],
      [
        35,
        215
      ]
    ]
  },
  {
    "transcription": "CP",
    "points": [
      [
        186,
        149
      ],
      [
        269,
        150
      ],
      [
        269,
        216
      ],
      [
        186,
        217
      ]
    ]
  },
  {
    "transcription": "S\u1ea2N",
    "points": [
      [
        277,
        124
      ],
      [
        405,
        129
      ],
      [
        406,
        223
      ],
      [
        277,
        220
      ]
    ]
  },
  {
    "transcription": "B\u00cc",
    "points": [
      [
        682,
        159
      ],
      [
        741,
        161
      ],
      [
        742,
        235
      ],
      [
        683,
        233
      ]
    ]
  },
  {
    "transcription": "B\u00cc",
    "points": [
      [
        686,
        160
      ],
      [
        740,
        160
      ],
      [
        740,
        232
      ],
      [
        686,
        232
      ]
    ]
  },
  {
    "transcription": "CP",
    "points": [
      [
        187,
        149
      ],
      [
        267,
        149
      ],
      [
        267,
        213
      ],
      [
        187,
        213
      ]
    ]
  },
  {
    "transcription": "BAO",
    "points": [
      [
        574,
        165
      ],
      [
        678,
        165
      ],
      [
        678,
        229
      ],
      [
        574,
        229
      ]
    ]
  },
  {
    "transcription": "C.TY",
    "points": [
      [
        36,
        144
      ],
      [
        176,
        144
      ],
      [
        176,
        212
      ],
      [
        36,
        212
      ]
    ]
  },
  {
    "transcription": "XU\u1ea4T",
    "points": [
      [
        415,
        135
      ],
      [
        569,
        135
      ],
      [
        569,
        221
      ],
      [
        415,
        221
      ]
    ]
  },
  {
    "transcription": "S\u1ea2N",
    "points": [
      [
        280,
        125
      ],
      [
        404,
        125
      ],
      [
        404,
        217
      ],
      [
        280,
        217
      ]
    ]
  }
]