[
  {
    "transcription": "\u0110\u00f3ng",
    "points": [
      [
        385,
        35
      ],
      [
        442,
        35
      ],
      [
        442,
        65
      ],
      [
        385,
        65
      ]
    ]
  },
  {
    "transcription": "C\u00e1c",
    "points": [
      [
        178,
        40
      ],
      [
        220,
        40
      ],
      [
        221,
        66
      ],
      [
        178,
        66
      ]
    ]
  },
  {
    "transcription": "Tr\u00e2y",
    "points": [
      [
        188,
        4
      ],
      [
        239,
        5
      ],
      [
        239,
        33
      ],
      [
        188,
        32
      ]
    ]
  },
  {
    "transcription": "Kh\u1ea5t",
    "points": [
      [
        132,
        4
      ],
      [
        185,
        4
      ],
      [
        185,
        32
      ],
      [
        132,
        32
      ]
    ]
  },
  {
    "transcription": "\u0110\u1ea7u",
    "points": [
      [
        57,
        42
      ],
      [
        103,
        42
      ],
      [
        103,
        68
      ],
      [
        57,
        68
      ]
    ]
  },
  {
    "transcription": "Ti\u1ec1n",
    "points": [
      [
        277,
        1
      ],
      [
        326,
        1
      ],
      [
        327,
        28
      ],
      [
        278,
        28
      ]
    ]
  },
  {
    "transcription": "Ph\u1ea3i",
    "points": [
      [
        299,
        37
      ],
      [
        348,
        36
      ],
      [
        349,
        64
      ],
      [
        299,
        65
      ]
    ]
  },
  {
    "transcription": "Nh\u00e0,",
    "points": [
      [
        331,
        2
      ],
      [
        382,
        2
      ],
      [
        382,
        31
      ],
      [
        331,
        31
      ]
    ]
  },
  {
    "transcription": "Th\u00e1ng",
    "points": [
      [
        105,
        41
      ],
      [
        175,
        41
      ],
      [
        174,
        69
      ],
      [
        105,
        69
      ]
    ]
  },
  {
    "transcription": "Xong",
    "points": [
      [
        448,
        35
      ],
      [
        499,
        36
      ],
      [
        499,
        64
      ],
      [
        448,
        64
      ]
    ]
  },
  {
    "transcription": "Kh\u00f4ng",
    "points": [
      [
        57,
        7
      ],
      [
        128,
        7
      ],
      [
        128,
        36
      ],
      [
        57,
        35
      ]
    ]
  },
  {
    "transcription": "Kho\u1ea3n",
    "points": [
      [
        224,
        37
      ],
      [
        295,
        37
      ],
      [
        295,
        65
      ],
      [
        224,
        66
      ]
    ]
  },
  {
    "transcription": "11:",
    "points": [
      [
        18,
        8
      ],
      [
        54,
        7
      ],
      [
        54,
        34
      ],
      [
        18,
        34
      ]
    ]
  },
  {
    "transcription": "N\u1ee3",
    "points": [
      [
        243,
        3
      ],
      [
        275,
        4
      ],
      [
        275,
        32
      ],
      [
        243,
        32
      ]
    ]
  },
  {
    "transcription": "L\u00e0",
    "points": [
      [
        352,
        37
      ],
      [
        380,
        37
      ],
      [
        380,
        62
      ],
      [
        352,
        62
      ]
    ]
  },
  {
    "transcription": "11:",
    "points": [
      [
        20,
        10
      ],
      [
        54,
        10
      ],
      [
        54,
        32
      ],
      [
        20,
        32
      ]
    ]
  },
  {
    "transcription": "N\u1ee3",
    "points": [
      [
        244,
        5
      ],
      [
        274,
        5
      ],
      [
        274,
        29
      ],
      [
        244,
        29
      ]
    ]
  },
  {
    "transcription": "Xong",
    "points": [
      [
        448,
        36
      ],
      [
        500,
        36
      ],
      [
        500,
        62
      ],
      [
        448,
        62
      ]
    ]
  },
  {
    "transcription": "Ti\u1ec1n",
    "points": [
      [
        279,
        2
      ],
      [
        325,
        2
      ],
      [
        325,
        26
      ],
      [
        279,
        26
      ]
    ]
  },
  {
    "transcription": "Nh\u00e0,",
    "points": [
      [
        331,
        3
      ],
      [
        381,
        3
      ],
      [
        381,
        27
      ],
      [
        331,
        27
      ]
    ]
  },
  {
    "transcription": "Tr\u00e2y",
    "points": [
      [
        189,
        6
      ],
      [
        239,
        6
      ],
      [
        239,
        30
      ],
      [
        189,
        30
      ]
    ]
  },
  {
    "transcription": "L\u00e0",
    "points": [
      [
        353,
        39
      ],
      [
        379,
        39
      ],
      [
        379,
        59
      ],
      [
        353,
        59
      ]
    ]
  },
  {
    "transcription": "\u0110\u1ea7u",
    "points": [
      [
        59,
        42
      ],
      [
        101,
        42
      ],
      [
        101,
        66
      ],
      [
        59,
        66
      ]
    ]
  },
  {
    "transcription": "Kh\u1ea5t",
    "points": [
      [
        133,
        6
      ],
      [
        183,
        6
      ],
      [
        183,
        30
      ],
      [
        133,
        30
      ]
    ]
  },
  {
    "transcription": "Ph\u1ea3i",
    "points": [
      [
        300,
        38
      ],
      [
        346,
        38
      ],
      [
        346,
        62
      ],
      [
        300,
        62
      ]
    ]
  },
  {
    "transcription": "\u0110\u00f3ng",
    "points": [
      [
        386,
        38
      ],
      [
        442,
        38
      ],
      [
        442,
        62
      ],
      [
        386,
        62
      ]
    ]
  },
  {
    "transcription": "C\u00e1c",
    "points": [
      [
        180,
        42
      ],
      [
        220,
        42
      ],
      [
        220,
        64
      ],
      [
        180,
        64
      ]
    ]
  },
  {
    "transcription": "Kh\u00f4ng",
    "points": [
      [
        59,
        9
      ],
      [
        127,
        9
      ],
      [
        127,
        33
      ],
      [
        59,
        33
      ]
    ]
  },
  {
    "transcription": "Kho\u1ea3n",
    "points": [
      [
        227,
        39
      ],
      [
        293,
        39
      ],
      [
        293,
        63
      ],
      [
        227,
        63
      ]
    ]
  },
  {
    "transcription": "Th\u00e1ng",
    "points": [
      [
        107,
        44
      ],
      [
        173,
        44
      ],
      [
        173,
        66
      ],
      [
        107,
        66
      ]
    ]
  }
]