[
  {
    "transcription": "07/35",
    "points": [
      [
        65,
        8
      ],
      [
        154,
        6
      ],
      [
        152,
        72
      ],
      [
        63,
        75
      ]
    ]
  },
  {
    "transcription": "S\u1eecA",
    "points": [
      [
        116,
        100
      ],
      [
        145,
        100
      ],
      [
        143,
        140
      ],
      [
        114,
        140
      ]
    ]
  },
  {
    "transcription": "-",
    "points": [
      [
        61,
        97
      ],
      [
        77,
        98
      ],
      [
        77,
        107
      ],
      [
        60,
        105
      ]
    ]
  },
  {
    "transcription": "THO\u1ea0I",
    "points": [
      [
        88,
        254
      ],
      [
        132,
        254
      ],
      [
        130,
        294
      ],
      [
        86,
        293
      ]
    ]
  },
  {
    "transcription": "CH\u1eeeA",
    "points": [
      [
        104,
        151
      ],
      [
        144,
        151
      ],
      [
        143,
        188
      ],
      [
        102,
        187
      ]
    ]
  },
  {
    "transcription": "\u0110I\u1ec6N",
    "points": [
      [
        100,
        200
      ],
      [
        137,
        200
      ],
      [
        135,
        241
      ],
      [
        96,
        240
      ]
    ]
  },
  {
    "transcription": "35",
    "points": [
      [
        123,
        32
      ],
      [
        162,
        32
      ],
      [
        161,
        64
      ],
      [
        123,
        64
      ]
    ]
  }
]