[
  {
    "transcription": "\u0110\u1ed0T",
    "points": [
      [
        6,
        2
      ],
      [
        56,
        2
      ],
      [
        56,
        49
      ],
      [
        5,
        49
      ]
    ]
  },
  {
    "transcription": "M\u1ee4N",
    "points": [
      [
        60,
        8
      ],
      [
        121,
        10
      ],
      [
        121,
        52
      ],
      [
        60,
        50
      ]
    ]
  },
  {
    "transcription": "\u0110\u1ed0TM\u1ee4N",
    "points": [
      [
        11,
        1
      ],
      [
        128,
        6
      ],
      [
        126,
        52
      ],
      [
        5,
        49
      ]
    ]
  },
  {
    "transcription": "TH\u1ecaT",
    "points": [
      [
        127,
        7
      ],
      [
        181,
        9
      ],
      [
        181,
        54
      ],
      [
        127,
        52
      ]
    ]
  },
  {
    "transcription": "M\u1ee4N",
    "points": [
      [
        60,
        8
      ],
      [
        121,
        10
      ],
      [
        121,
        52
      ],
      [
        60,
        50
      ]
    ]
  },
  {
    "transcription": "TH\u1ecaT",
    "points": [
      [
        127,
        7
      ],
      [
        181,
        9
      ],
      [
        181,
        54
      ],
      [
        127,
        52
      ]
    ]
  },
  {
    "transcription": "M\u1ee4N",
    "points": [
      [
        60,
        8
      ],
      [
        121,
        10
      ],
      [
        121,
        52
      ],
      [
        60,
        50
      ]
    ]
  },
  {
    "transcription": "\u0110\u1ed0TM\u1ee4N",
    "points": [
      [
        11,
        1
      ],
      [
        128,
        6
      ],
      [
        126,
        52
      ],
      [
        5,
        49
      ]
    ]
  }
]