[
  {
    "transcription": "\u0110\u1ebeN",
    "points": [
      [
        155,
        137
      ],
      [
        192,
        146
      ],
      [
        190,
        166
      ],
      [
        152,
        157
      ]
    ]
  },
  {
    "transcription": "PHONG",
    "points": [
      [
        190,
        218
      ],
      [
        276,
        239
      ],
      [
        275,
        258
      ],
      [
        187,
        239
      ]
    ]
  },
  {
    "transcription": "NI\u1ec6M",
    "points": [
      [
        197,
        192
      ],
      [
        243,
        203
      ],
      [
        241,
        225
      ],
      [
        194,
        214
      ]
    ]
  },
  {
    "transcription": "QUAN",
    "points": [
      [
        182,
        126
      ],
      [
        227,
        138
      ],
      [
        226,
        156
      ],
      [
        180,
        145
      ]
    ]
  },
  {
    "transcription": "CH\u01af\u1ee2NG",
    "points": [
      [
        146,
        156
      ],
      [
        217,
        175
      ],
      [
        217,
        195
      ],
      [
        143,
        176
      ]
    ]
  },
  {
    "transcription": "M\u1eeaNG",
    "points": [
      [
        217,
        112
      ],
      [
        266,
        126
      ],
      [
        265,
        147
      ],
      [
        215,
        134
      ]
    ]
  },
  {
    "transcription": "THAM",
    "points": [
      [
        195,
        150
      ],
      [
        242,
        163
      ],
      [
        241,
        181
      ],
      [
        193,
        168
      ]
    ]
  },
  {
    "transcription": "TR\u00ccNH",
    "points": [
      [
        221,
        178
      ],
      [
        272,
        191
      ],
      [
        269,
        210
      ],
      [
        219,
        197
      ]
    ]
  },
  {
    "transcription": "QU\u00dd",
    "points": [
      [
        145,
        113
      ],
      [
        180,
        121
      ],
      [
        177,
        142
      ],
      [
        142,
        134
      ]
    ]
  },
  {
    "transcription": "CH\u00c0O",
    "points": [
      [
        170,
        99
      ],
      [
        215,
        110
      ],
      [
        213,
        131
      ],
      [
        167,
        120
      ]
    ]
  },
  {
    "transcription": "KH\u00c1CH",
    "points": [
      [
        230,
        139
      ],
      [
        284,
        153
      ],
      [
        283,
        172
      ],
      [
        227,
        158
      ]
    ]
  },
  {
    "transcription": "NG\u00d5",
    "points": [
      [
        126,
        199
      ],
      [
        186,
        212
      ],
      [
        185,
        238
      ],
      [
        124,
        225
      ]
    ]
  },
  {
    "transcription": "D\u1ef0",
    "points": [
      [
        245,
        165
      ],
      [
        270,
        171
      ],
      [
        268,
        190
      ],
      [
        243,
        183
      ]
    ]
  },
  {
    "transcription": "K\u1ef6",
    "points": [
      [
        169,
        184
      ],
      [
        195,
        188
      ],
      [
        192,
        209
      ],
      [
        167,
        204
      ]
    ]
  },
  {
    "transcription": "K\u1ef6",
    "points": [
      [
        168,
        184
      ],
      [
        194,
        184
      ],
      [
        194,
        208
      ],
      [
        168,
        208
      ]
    ]
  },
  {
    "transcription": "NG\u00d4",
    "points": [
      [
        124,
        201
      ],
      [
        186,
        201
      ],
      [
        186,
        237
      ],
      [
        124,
        237
      ]
    ]
  },
  {
    "transcription": "D\u1ef0",
    "points": [
      [
        244,
        166
      ],
      [
        270,
        166
      ],
      [
        270,
        190
      ],
      [
        244,
        190
      ]
    ]
  },
  {
    "transcription": "NI\u1ec6M",
    "points": [
      [
        194,
        192
      ],
      [
        242,
        192
      ],
      [
        242,
        224
      ],
      [
        194,
        224
      ]
    ]
  },
  {
    "transcription": "QU\u00dd",
    "points": [
      [
        144,
        116
      ],
      [
        178,
        116
      ],
      [
        178,
        140
      ],
      [
        144,
        140
      ]
    ]
  },
  {
    "transcription": "PHONG",
    "points": [
      [
        187,
        218
      ],
      [
        275,
        218
      ],
      [
        275,
        258
      ],
      [
        187,
        258
      ]
    ]
  },
  {
    "transcription": "M\u00d9NG",
    "points": [
      [
        216,
        114
      ],
      [
        266,
        114
      ],
      [
        266,
        146
      ],
      [
        216,
        146
      ]
    ]
  },
  {
    "transcription": "QUAN",
    "points": [
      [
        183,
        129
      ],
      [
        227,
        129
      ],
      [
        227,
        155
      ],
      [
        183,
        155
      ]
    ]
  },
  {
    "transcription": "TR\u00ccNH",
    "points": [
      [
        220,
        179
      ],
      [
        270,
        179
      ],
      [
        270,
        209
      ],
      [
        220,
        209
      ]
    ]
  },
  {
    "transcription": "CH\u00c0O",
    "points": [
      [
        169,
        101
      ],
      [
        213,
        101
      ],
      [
        213,
        131
      ],
      [
        169,
        131
      ]
    ]
  },
  {
    "transcription": "KH\u00c1CH",
    "points": [
      [
        228,
        139
      ],
      [
        284,
        139
      ],
      [
        284,
        171
      ],
      [
        228,
        171
      ]
    ]
  },
  {
    "transcription": "THAM",
    "points": [
      [
        194,
        152
      ],
      [
        242,
        152
      ],
      [
        242,
        180
      ],
      [
        194,
        180
      ]
    ]
  },
  {
    "transcription": "\u0110\u1ebeN",
    "points": [
      [
        154,
        138
      ],
      [
        190,
        138
      ],
      [
        190,
        164
      ],
      [
        154,
        164
      ]
    ]
  },
  {
    "transcription": "CH\u01af\u1ee2NG",
    "points": [
      [
        144,
        158
      ],
      [
        218,
        158
      ],
      [
        218,
        194
      ],
      [
        144,
        194
      ]
    ]
  }
]