[
  {
    "transcription": "BAO",
    "points": [
      [
        576,
        161
      ],
      [
        678,
        165
      ],
      [
        679,
        233
      ],
      [
        576,
        231
      ]
    ]
  },
  {
    "transcription": "S\u1ea2N",
    "points": [
      [
        279,
        124
      ],
      [
        403,
        125
      ],
      [
        405,
        223
      ],
      [
        278,
        222
      ]
    ]
  },
  {
    "transcription": "B\u00cc",
    "points": [
      [
        682,
        157
      ],
      [
        740,
        158
      ],
      [
        742,
        236
      ],
      [
        683,
        235
      ]
    ]
  },
  {
    "transcription": "C.TY",
    "points": [
      [
        34,
        144
      ],
      [
        175,
        144
      ],
      [
        176,
        217
      ],
      [
        34,
        217
      ]
    ]
  },
  {
    "transcription": "XU\u1ea4T",
    "points": [
      [
        415,
        133
      ],
      [
        566,
        135
      ],
      [
        567,
        229
      ],
      [
        415,
        227
      ]
    ]
  },
  {
    "transcription": "CP",
    "points": [
      [
        186,
        148
      ],
      [
        269,
        148
      ],
      [
        270,
        219
      ],
      [
        186,
        220
      ]
    ]
  }
]