[
  {
    "transcription": "Nam",
    "points": [
      [
        428,
        3
      ],
      [
        605,
        5
      ],
      [
        608,
        65
      ],
      [
        429,
        68
      ]
    ]
  },
  {
    "transcription": "Ti\u1ec7m",
    "points": [
      [
        16,
        16
      ],
      [
        230,
        20
      ],
      [
        231,
        89
      ],
      [
        18,
        90
      ]
    ]
  },
  {
    "transcription": "PT",
    "points": [
      [
        243,
        5
      ],
      [
        311,
        4
      ],
      [
        313,
        79
      ],
      [
        247,
        82
      ]
    ]
  },
  {
    "transcription": "\u00f3c",
    "points": [
      [
        313,
        17
      ],
      [
        413,
        11
      ],
      [
        417,
        67
      ],
      [
        315,
        76
      ]
    ]
  }
]