[
  {
    "transcription": "M\u00d9NG",
    "points": [
      [
        357,
        8
      ],
      [
        526,
        8
      ],
      [
        526,
        118
      ],
      [
        355,
        118
      ]
    ]
  },
  {
    "transcription": "CH\u00c0O",
    "points": [
      [
        189,
        5
      ],
      [
        342,
        6
      ],
      [
        340,
        118
      ],
      [
        186,
        117
      ]
    ]
  },
  {
    "transcription": "2022",
    "points": [
      [
        1132,
        18
      ],
      [
        1278,
        18
      ],
      [
        1279,
        114
      ],
      [
        1133,
        114
      ]
    ]
  },
  {
    "transcription": "H\u1eccC",
    "points": [
      [
        683,
        21
      ],
      [
        800,
        19
      ],
      [
        801,
        136
      ],
      [
        682,
        135
      ]
    ]
  },
  {
    "transcription": "M\u1edaI",
    "points": [
      [
        812,
        6
      ],
      [
        925,
        5
      ],
      [
        925,
        118
      ],
      [
        811,
        118
      ]
    ]
  },
  {
    "transcription": "N\u0102M",
    "points": [
      [
        542,
        9
      ],
      [
        670,
        8
      ],
      [
        672,
        118
      ],
      [
        541,
        118
      ]
    ]
  },
  {
    "transcription": "2021",
    "points": [
      [
        938,
        19
      ],
      [
        1075,
        19
      ],
      [
        1076,
        116
      ],
      [
        938,
        117
      ]
    ]
  },
  {
    "transcription": "sach",
    "points": [
      [
        803,
        136
      ],
      [
        844,
        135
      ],
      [
        841,
        152
      ],
      [
        801,
        153
      ]
    ]
  },
  {
    "transcription": "-",
    "points": [
      [
        1088,
        29
      ],
      [
        1123,
        27
      ],
      [
        1124,
        135
      ],
      [
        1088,
        134
      ]
    ]
  }
]