[
  {
    "transcription": "TR\u01af\u1edcNG",
    "points": [
      [
        75,
        0
      ],
      [
        132,
        0
      ],
      [
        133,
        17
      ],
      [
        76,
        17
      ]
    ]
  },
  {
    "transcription": "THPT",
    "points": [
      [
        134,
        1
      ],
      [
        171,
        1
      ],
      [
        171,
        18
      ],
      [
        134,
        19
      ]
    ]
  },
  {
    "transcription": "B\u00ccNH",
    "points": [
      [
        287,
        1
      ],
      [
        324,
        1
      ],
      [
        325,
        20
      ],
      [
        287,
        21
      ]
    ]
  },
  {
    "transcription": "QU\u1ea2NG",
    "points": [
      [
        234,
        0
      ],
      [
        285,
        0
      ],
      [
        286,
        20
      ],
      [
        234,
        20
      ]
    ]
  },
  {
    "transcription": "CHUY\u00caN",
    "points": [
      [
        172,
        1
      ],
      [
        232,
        1
      ],
      [
        232,
        19
      ],
      [
        173,
        19
      ]
    ]
  }
]