[
  {
    "transcription": "L\u1ea0I",
    "points": [
      [
        405,
        218
      ],
      [
        449,
        219
      ],
      [
        450,
        262
      ],
      [
        405,
        262
      ]
    ]
  },
  {
    "transcription": "T\u00d4I",
    "points": [
      [
        227,
        211
      ],
      [
        280,
        211
      ],
      [
        281,
        255
      ],
      [
        227,
        254
      ]
    ]
  },
  {
    "transcription": "\u0110\u00c3",
    "points": [
      [
        285,
        214
      ],
      [
        333,
        214
      ],
      [
        335,
        257
      ],
      [
        285,
        257
      ]
    ]
  },
  {
    "transcription": "TR\u1ede",
    "points": [
      [
        338,
        214
      ],
      [
        399,
        214
      ],
      [
        400,
        257
      ],
      [
        338,
        257
      ]
    ]
  },
  {
    "transcription": "CH\u00daNG",
    "points": [
      [
        96,
        210
      ],
      [
        221,
        211
      ],
      [
        222,
        250
      ],
      [
        97,
        251
      ]
    ]
  },
  {
    "transcription": "B\u1ea0N",
    "points": [
      [
        24,
        256
      ],
      [
        171,
        258
      ],
      [
        173,
        332
      ],
      [
        25,
        330
      ]
    ]
  },
  {
    "transcription": "T\u00ccM",
    "points": [
      [
        186,
        251
      ],
      [
        300,
        251
      ],
      [
        306,
        324
      ],
      [
        189,
        324
      ]
    ]
  },
  {
    "transcription": "CH\u01afA!",
    "points": [
      [
        317,
        262
      ],
      [
        520,
        265
      ],
      [
        522,
        329
      ],
      [
        318,
        325
      ]
    ]
  }
]