[
  {
    "transcription": "SPA",
    "points": [
      [
        527,
        98
      ],
      [
        807,
        102
      ],
      [
        811,
        223
      ],
      [
        528,
        221
      ]
    ]
  },
  {
    "transcription": "LUSH",
    "points": [
      [
        79,
        101
      ],
      [
        479,
        102
      ],
      [
        480,
        218
      ],
      [
        82,
        219
      ]
    ]
  },
  {
    "transcription": "SPA",
    "points": [
      [
        535,
        106
      ],
      [
        811,
        106
      ],
      [
        811,
        216
      ],
      [
        535,
        216
      ]
    ]
  },
  {
    "transcription": "LUSH",
    "points": [
      [
        88,
        103
      ],
      [
        484,
        103
      ],
      [
        484,
        219
      ],
      [
        88,
        219
      ]
    ]
  }
]