[
  {
    "transcription": "DUY",
    "points": [
      [
        668,
        127
      ],
      [
        747,
        126
      ],
      [
        746,
        166
      ],
      [
        668,
        167
      ]
    ]
  },
  {
    "transcription": "\u0110\u1ed8NG",
    "points": [
      [
        999,
        53
      ],
      [
        1100,
        52
      ],
      [
        1100,
        100
      ],
      [
        999,
        102
      ]
    ]
  },
  {
    "transcription": "S\u00c1NG",
    "points": [
      [
        1229,
        110
      ],
      [
        1323,
        108
      ],
      [
        1324,
        150
      ],
      [
        1229,
        152
      ]
    ]
  },
  {
    "transcription": "G",
    "points": [
      [
        362,
        196
      ],
      [
        402,
        196
      ],
      [
        404,
        227
      ],
      [
        364,
        230
      ]
    ]
  },
  {
    "transcription": "NAM",
    "points": [
      [
        75,
        44
      ],
      [
        170,
        44
      ],
      [
        171,
        88
      ],
      [
        75,
        88
      ]
    ]
  },
  {
    "transcription": "C\u01af\u1edcNG",
    "points": [
      [
        184,
        42
      ],
      [
        326,
        42
      ],
      [
        326,
        87
      ],
      [
        184,
        88
      ]
    ]
  },
  {
    "transcription": "TH",
    "points": [
      [
        6,
        44
      ],
      [
        67,
        44
      ],
      [
        68,
        89
      ],
      [
        6,
        89
      ]
    ]
  },
  {
    "transcription": "N\u0102NG",
    "points": [
      [
        887,
        55
      ],
      [
        993,
        53
      ],
      [
        993,
        99
      ],
      [
        887,
        100
      ]
    ]
  },
  {
    "transcription": "T\u01af",
    "points": [
      [
        606,
        127
      ],
      [
        664,
        127
      ],
      [
        663,
        168
      ],
      [
        607,
        169
      ]
    ]
  },
  {
    "transcription": "G",
    "points": [
      [
        647,
        191
      ],
      [
        673,
        192
      ],
      [
        673,
        219
      ],
      [
        647,
        220
      ]
    ]
  }
]