[
  {
    "transcription": "VCN\u0110\u0110KKDT",
    "points": [
      [
        154,
        33
      ],
      [
        260,
        32
      ],
      [
        260,
        64
      ],
      [
        154,
        67
      ]
    ]
  },
  {
    "transcription": "\u0110T:",
    "points": [
      [
        350,
        32
      ],
      [
        379,
        31
      ],
      [
        379,
        59
      ],
      [
        350,
        59
      ]
    ]
  },
  {
    "transcription": "0984",
    "points": [
      [
        382,
        30
      ],
      [
        426,
        29
      ],
      [
        426,
        59
      ],
      [
        381,
        60
      ]
    ]
  },
  {
    "transcription": "302",
    "points": [
      [
        428,
        29
      ],
      [
        461,
        29
      ],
      [
        461,
        57
      ],
      [
        428,
        58
      ]
    ]
  },
  {
    "transcription": "S\u1ed0",
    "points": [
      [
        78,
        30
      ],
      [
        112,
        29
      ],
      [
        112,
        69
      ],
      [
        78,
        70
      ]
    ]
  },
  {
    "transcription": "778",
    "points": [
      [
        463,
        29
      ],
      [
        496,
        29
      ],
      [
        496,
        57
      ],
      [
        463,
        57
      ]
    ]
  },
  {
    "transcription": "778",
    "points": [
      [
        463,
        29
      ],
      [
        495,
        29
      ],
      [
        495,
        55
      ],
      [
        463,
        55
      ]
    ]
  },
  {
    "transcription": "\u0110T:",
    "points": [
      [
        350,
        31
      ],
      [
        378,
        31
      ],
      [
        378,
        57
      ],
      [
        350,
        57
      ]
    ]
  },
  {
    "transcription": "302",
    "points": [
      [
        429,
        30
      ],
      [
        461,
        30
      ],
      [
        461,
        56
      ],
      [
        429,
        56
      ]
    ]
  },
  {
    "transcription": "S\u1ed0:",
    "points": [
      [
        78,
        28
      ],
      [
        112,
        28
      ],
      [
        112,
        68
      ],
      [
        78,
        68
      ]
    ]
  },
  {
    "transcription": "/CN\u0110\u0110KKDT",
    "points": [
      [
        154,
        33
      ],
      [
        260,
        33
      ],
      [
        260,
        65
      ],
      [
        154,
        65
      ]
    ]
  },
  {
    "transcription": "0984",
    "points": [
      [
        382,
        30
      ],
      [
        424,
        30
      ],
      [
        424,
        56
      ],
      [
        382,
        56
      ]
    ]
  }
]