[
  {
    "transcription": "A10",
    "points": [
      [
        512,
        360
      ],
      [
        614,
        370
      ],
      [
        609,
        428
      ],
      [
        501,
        417
      ]
    ]
  },
  {
    "transcription": "14.1021",
    "points": [
      [
        300,
        390
      ],
      [
        472,
        416
      ],
      [
        471,
        463
      ],
      [
        295,
        437
      ]
    ]
  },
  {
    "transcription": "HSD:",
    "points": [
      [
        188,
        330
      ],
      [
        292,
        339
      ],
      [
        290,
        392
      ],
      [
        185,
        382
      ]
    ]
  },
  {
    "transcription": "129",
    "points": [
      [
        740,
        392
      ],
      [
        830,
        394
      ],
      [
        826,
        454
      ],
      [
        736,
        449
      ]
    ]
  },
  {
    "transcription": "01",
    "points": [
      [
        648,
        379
      ],
      [
        712,
        385
      ],
      [
        709,
        444
      ],
      [
        645,
        439
      ]
    ]
  },
  {
    "transcription": "NSX:",
    "points": [
      [
        181,
        379
      ],
      [
        286,
        390
      ],
      [
        285,
        441
      ],
      [
        179,
        429
      ]
    ]
  },
  {
    "transcription": ":",
    "points": [
      [
        277,
        340
      ],
      [
        294,
        342
      ],
      [
        292,
        399
      ],
      [
        276,
        398
      ]
    ]
  },
  {
    "transcription": "14.0422",
    "points": [
      [
        305,
        343
      ],
      [
        492,
        368
      ],
      [
        491,
        417
      ],
      [
        302,
        394
      ]
    ]
  },
  {
    "transcription": "03:",
    "points": [
      [
        503,
        420
      ],
      [
        584,
        430
      ],
      [
        583,
        480
      ],
      [
        501,
        472
      ]
    ]
  },
  {
    "transcription": "42",
    "points": [
      [
        582,
        428
      ],
      [
        653,
        433
      ],
      [
        650,
        492
      ],
      [
        578,
        484
      ]
    ]
  }
]