[
  {
    "transcription": "H\u01a1n",
    "points": [
      [
        154,
        104
      ],
      [
        249,
        116
      ],
      [
        244,
        154
      ],
      [
        146,
        145
      ]
    ]
  },
  {
    "transcription": "h\u00ecnh",
    "points": [
      [
        650,
        147
      ],
      [
        749,
        154
      ],
      [
        747,
        198
      ],
      [
        647,
        190
      ]
    ]
  },
  {
    "transcription": "k\u00eanh",
    "points": [
      [
        385,
        128
      ],
      [
        478,
        133
      ],
      [
        477,
        170
      ],
      [
        382,
        166
      ]
    ]
  },
  {
    "transcription": "Modem",
    "points": [
      [
        425,
        44
      ],
      [
        629,
        65
      ],
      [
        628,
        112
      ],
      [
        420,
        97
      ]
    ]
  },
  {
    "transcription": "Truy\u1ec1n",
    "points": [
      [
        487,
        129
      ],
      [
        640,
        138
      ],
      [
        638,
        188
      ],
      [
        487,
        178
      ]
    ]
  },
  {
    "transcription": "WIFI",
    "points": [
      [
        645,
        65
      ],
      [
        758,
        80
      ],
      [
        757,
        126
      ],
      [
        644,
        115
      ]
    ]
  },
  {
    "transcription": "Trang",
    "points": [
      [
        174,
        23
      ],
      [
        326,
        46
      ],
      [
        321,
        96
      ],
      [
        166,
        73
      ]
    ]
  },
  {
    "transcription": "170",
    "points": [
      [
        272,
        105
      ],
      [
        379,
        112
      ],
      [
        374,
        165
      ],
      [
        267,
        157
      ]
    ]
  },
  {
    "transcription": "b\u1ecb",
    "points": [
      [
        340,
        42
      ],
      [
        398,
        46
      ],
      [
        392,
        100
      ],
      [
        334,
        96
      ]
    ]
  },
  {
    "transcription": "k\u00eanh",
    "points": [
      [
        380,
        128
      ],
      [
        482,
        128
      ],
      [
        482,
        172
      ],
      [
        380,
        172
      ]
    ]
  },
  {
    "transcription": "b\u1ecb",
    "points": [
      [
        334,
        40
      ],
      [
        396,
        40
      ],
      [
        396,
        98
      ],
      [
        334,
        98
      ]
    ]
  },
  {
    "transcription": "170",
    "points": [
      [
        260,
        103
      ],
      [
        380,
        103
      ],
      [
        380,
        165
      ],
      [
        260,
        165
      ]
    ]
  },
  {
    "transcription": "H\u01a1n",
    "points": [
      [
        146,
        105
      ],
      [
        248,
        105
      ],
      [
        248,
        153
      ],
      [
        146,
        153
      ]
    ]
  },
  {
    "transcription": "h\u00ecnh",
    "points": [
      [
        644,
        144
      ],
      [
        750,
        144
      ],
      [
        750,
        198
      ],
      [
        644,
        198
      ]
    ]
  },
  {
    "transcription": "WIFI",
    "points": [
      [
        642,
        68
      ],
      [
        760,
        68
      ],
      [
        760,
        126
      ],
      [
        642,
        126
      ]
    ]
  },
  {
    "transcription": "Modem",
    "points": [
      [
        416,
        44
      ],
      [
        632,
        44
      ],
      [
        632,
        114
      ],
      [
        416,
        114
      ]
    ]
  },
  {
    "transcription": "Truy\u1ec1n",
    "points": [
      [
        483,
        130
      ],
      [
        639,
        130
      ],
      [
        639,
        188
      ],
      [
        483,
        188
      ]
    ]
  },
  {
    "transcription": "Trang",
    "points": [
      [
        167,
        24
      ],
      [
        327,
        24
      ],
      [
        327,
        94
      ],
      [
        167,
        94
      ]
    ]
  }
]