[
  {
    "transcription": "M\u1edaI",
    "points": [
      [
        117,
        90
      ],
      [
        151,
        85
      ],
      [
        151,
        115
      ],
      [
        117,
        119
      ]
    ]
  },
  {
    "transcription": "nonson.vn",
    "points": [
      [
        65,
        131
      ],
      [
        125,
        122
      ],
      [
        126,
        135
      ],
      [
        66,
        143
      ]
    ]
  },
  {
    "transcription": "N\u00d3N",
    "points": [
      [
        103,
        62
      ],
      [
        137,
        55
      ],
      [
        137,
        84
      ],
      [
        103,
        90
      ]
    ]
  },
  {
    "transcription": "250.000\u0110",
    "points": [
      [
        208,
        44
      ],
      [
        375,
        16
      ],
      [
        379,
        75
      ],
      [
        210,
        103
      ]
    ]
  },
  {
    "transcription": "GI\u00c1",
    "points": [
      [
        86,
        97
      ],
      [
        114,
        91
      ],
      [
        114,
        120
      ],
      [
        86,
        124
      ]
    ]
  },
  {
    "transcription": "www",
    "points": [
      [
        36,
        137
      ],
      [
        64,
        133
      ],
      [
        64,
        142
      ],
      [
        36,
        146
      ]
    ]
  },
  {
    "transcription": "M\u0168",
    "points": [
      [
        7,
        82
      ],
      [
        30,
        80
      ],
      [
        30,
        107
      ],
      [
        6,
        108
      ]
    ]
  },
  {
    "transcription": "vn",
    "points": [
      [
        110,
        124
      ],
      [
        127,
        122
      ],
      [
        127,
        133
      ],
      [
        110,
        135
      ]
    ]
  },
  {
    "transcription": "M\u1eaaU",
    "points": [
      [
        21,
        106
      ],
      [
        54,
        102
      ],
      [
        53,
        132
      ],
      [
        20,
        135
      ]
    ]
  },
  {
    "transcription": "NTAY",
    "points": [
      [
        197,
        99
      ],
      [
        317,
        96
      ],
      [
        313,
        158
      ],
      [
        195,
        150
      ]
    ]
  },
  {
    "transcription": "000\u0110",
    "points": [
      [
        275,
        37
      ],
      [
        371,
        19
      ],
      [
        373,
        74
      ],
      [
        277,
        90
      ]
    ]
  },
  {
    "transcription": "B\u1ea2O",
    "points": [
      [
        33,
        76
      ],
      [
        59,
        73
      ],
      [
        58,
        100
      ],
      [
        31,
        103
      ]
    ]
  },
  {
    "transcription": "250",
    "points": [
      [
        200,
        52
      ],
      [
        265,
        40
      ],
      [
        266,
        93
      ],
      [
        199,
        103
      ]
    ]
  },
  {
    "transcription": "Lix",
    "points": [
      [
        221,
        98
      ],
      [
        432,
        87
      ],
      [
        433,
        160
      ],
      [
        219,
        162
      ]
    ]
  },
  {
    "transcription": "HI\u1ec2M",
    "points": [
      [
        63,
        69
      ],
      [
        101,
        60
      ],
      [
        100,
        91
      ],
      [
        62,
        98
      ]
    ]
  },
  {
    "transcription": "E",
    "points": [
      [
        263,
        76
      ],
      [
        272,
        76
      ],
      [
        272,
        91
      ],
      [
        263,
        91
      ]
    ]
  },
  {
    "transcription": "S\u01a0N",
    "points": [
      [
        141,
        55
      ],
      [
        175,
        49
      ],
      [
        175,
        76
      ],
      [
        141,
        82
      ]
    ]
  },
  {
    "transcription": "M\u1edaI",
    "points": [
      [
        56,
        102
      ],
      [
        84,
        99
      ],
      [
        83,
        126
      ],
      [
        55,
        129
      ]
    ]
  }
]