[
  {
    "transcription": "ph\u1ea1m",
    "points": [
      [
        30,
        600
      ],
      [
        169,
        600
      ],
      [
        168,
        647
      ],
      [
        27,
        651
      ]
    ]
  },
  {
    "transcription": "t\u1ed9i",
    "points": [
      [
        102,
        548
      ],
      [
        169,
        547
      ],
      [
        169,
        596
      ],
      [
        102,
        597
      ]
    ]
  },
  {
    "transcription": "h\u1ecdc",
    "points": [
      [
        79,
        501
      ],
      [
        172,
        503
      ],
      [
        171,
        548
      ],
      [
        79,
        549
      ]
    ]
  },
  {
    "transcription": "T\u00e2m",
    "points": [
      [
        74,
        416
      ],
      [
        177,
        416
      ],
      [
        177,
        453
      ],
      [
        74,
        456
      ]
    ]
  },
  {
    "transcription": "l\u00fd",
    "points": [
      [
        128,
        457
      ],
      [
        176,
        458
      ],
      [
        171,
        506
      ],
      [
        126,
        503
      ]
    ]
  },
  {
    "transcription": "l\u00fd",
    "points": [
      [
        130,
        459
      ],
      [
        174,
        459
      ],
      [
        174,
        505
      ],
      [
        130,
        505
      ]
    ]
  },
  {
    "transcription": "T\u00e2m",
    "points": [
      [
        76,
        417
      ],
      [
        176,
        417
      ],
      [
        176,
        455
      ],
      [
        76,
        455
      ]
    ]
  },
  {
    "transcription": "t\u1ed9i",
    "points": [
      [
        103,
        548
      ],
      [
        169,
        548
      ],
      [
        169,
        598
      ],
      [
        103,
        598
      ]
    ]
  },
  {
    "transcription": "h\u1ecdc",
    "points": [
      [
        80,
        503
      ],
      [
        170,
        503
      ],
      [
        170,
        549
      ],
      [
        80,
        549
      ]
    ]
  },
  {
    "transcription": "ph\u1ea1m",
    "points": [
      [
        32,
        594
      ],
      [
        168,
        594
      ],
      [
        168,
        648
      ],
      [
        32,
        648
      ]
    ]
  }
]