[
  {
    "transcription": "T\u00c2M",
    "points": [
      [
        334,
        84
      ],
      [
        431,
        85
      ],
      [
        432,
        133
      ],
      [
        334,
        133
      ]
    ]
  },
  {
    "transcription": "M\u01af\u1edcNG",
    "points": [
      [
        667,
        86
      ],
      [
        845,
        85
      ],
      [
        845,
        131
      ],
      [
        667,
        132
      ]
    ]
  },
  {
    "transcription": "TH\u1ec2",
    "points": [
      [
        441,
        81
      ],
      [
        527,
        80
      ],
      [
        527,
        133
      ],
      [
        441,
        133
      ]
    ]
  },
  {
    "transcription": "CN",
    "points": [
      [
        63,
        146
      ],
      [
        126,
        146
      ],
      [
        126,
        188
      ],
      [
        63,
        188
      ]
    ]
  },
  {
    "transcription": "C\u1ed4",
    "points": [
      [
        339,
        137
      ],
      [
        400,
        137
      ],
      [
        400,
        188
      ],
      [
        339,
        188
      ]
    ]
  },
  {
    "transcription": "TRUNG",
    "points": [
      [
        168,
        87
      ],
      [
        326,
        88
      ],
      [
        326,
        132
      ],
      [
        169,
        131
      ]
    ]
  },
  {
    "transcription": "\u0110O\u00c0N",
    "points": [
      [
        633,
        141
      ],
      [
        761,
        141
      ],
      [
        762,
        189
      ],
      [
        632,
        189
      ]
    ]
  },
  {
    "transcription": "T\u1eacP",
    "points": [
      [
        541,
        142
      ],
      [
        622,
        141
      ],
      [
        622,
        194
      ],
      [
        542,
        194
      ]
    ]
  },
  {
    "transcription": "PH\u1ea6N",
    "points": [
      [
        410,
        139
      ],
      [
        533,
        139
      ],
      [
        533,
        189
      ],
      [
        410,
        189
      ]
    ]
  },
  {
    "transcription": "C\u00d4NG",
    "points": [
      [
        136,
        140
      ],
      [
        264,
        140
      ],
      [
        265,
        187
      ],
      [
        136,
        188
      ]
    ]
  },
  {
    "transcription": "THANH",
    "points": [
      [
        855,
        89
      ],
      [
        1008,
        88
      ],
      [
        1009,
        131
      ],
      [
        856,
        131
      ]
    ]
  },
  {
    "transcription": "THAO",
    "points": [
      [
        534,
        91
      ],
      [
        656,
        91
      ],
      [
        656,
        132
      ],
      [
        535,
        133
      ]
    ]
  },
  {
    "transcription": "FITNESS",
    "points": [
      [
        369,
        279
      ],
      [
        810,
        278
      ],
      [
        813,
        381
      ],
      [
        369,
        386
      ]
    ]
  },
  {
    "transcription": "M\u01af\u1edcNG",
    "points": [
      [
        772,
        142
      ],
      [
        950,
        141
      ],
      [
        951,
        187
      ],
      [
        772,
        189
      ]
    ]
  },
  {
    "transcription": "TY",
    "points": [
      [
        273,
        147
      ],
      [
        330,
        146
      ],
      [
        328,
        189
      ],
      [
        275,
        190
      ]
    ]
  },
  {
    "transcription": "THANH",
    "points": [
      [
        960,
        147
      ],
      [
        1113,
        145
      ],
      [
        1112,
        187
      ],
      [
        960,
        188
      ]
    ]
  },
  {
    "transcription": "CN",
    "points": [
      [
        62,
        147
      ],
      [
        124,
        147
      ],
      [
        124,
        189
      ],
      [
        62,
        189
      ]
    ]
  },
  {
    "transcription": "TY",
    "points": [
      [
        274,
        150
      ],
      [
        328,
        150
      ],
      [
        328,
        186
      ],
      [
        274,
        186
      ]
    ]
  },
  {
    "transcription": "M\u01af\u1edcNG",
    "points": [
      [
        668,
        86
      ],
      [
        846,
        86
      ],
      [
        846,
        130
      ],
      [
        668,
        130
      ]
    ]
  },
  {
    "transcription": "THANH",
    "points": [
      [
        854,
        92
      ],
      [
        1006,
        92
      ],
      [
        1006,
        130
      ],
      [
        854,
        130
      ]
    ]
  },
  {
    "transcription": "THAO",
    "points": [
      [
        534,
        95
      ],
      [
        654,
        95
      ],
      [
        654,
        131
      ],
      [
        534,
        131
      ]
    ]
  },
  {
    "transcription": "TRUNG",
    "points": [
      [
        167,
        92
      ],
      [
        325,
        92
      ],
      [
        325,
        130
      ],
      [
        167,
        130
      ]
    ]
  },
  {
    "transcription": "THANH",
    "points": [
      [
        959,
        148
      ],
      [
        1113,
        148
      ],
      [
        1113,
        186
      ],
      [
        959,
        186
      ]
    ]
  },
  {
    "transcription": "C\u1ed4",
    "points": [
      [
        339,
        137
      ],
      [
        399,
        137
      ],
      [
        399,
        185
      ],
      [
        339,
        185
      ]
    ]
  },
  {
    "transcription": "TH\u1ec2",
    "points": [
      [
        441,
        81
      ],
      [
        527,
        81
      ],
      [
        527,
        131
      ],
      [
        441,
        131
      ]
    ]
  },
  {
    "transcription": "C\u00d4NG",
    "points": [
      [
        135,
        142
      ],
      [
        263,
        142
      ],
      [
        263,
        186
      ],
      [
        135,
        186
      ]
    ]
  },
  {
    "transcription": "\u0110O\u00c0N",
    "points": [
      [
        632,
        143
      ],
      [
        758,
        143
      ],
      [
        758,
        187
      ],
      [
        632,
        187
      ]
    ]
  },
  {
    "transcription": "PH\u1ea6N",
    "points": [
      [
        412,
        139
      ],
      [
        530,
        139
      ],
      [
        530,
        187
      ],
      [
        412,
        187
      ]
    ]
  },
  {
    "transcription": "T\u1eacP",
    "points": [
      [
        542,
        143
      ],
      [
        620,
        143
      ],
      [
        620,
        193
      ],
      [
        542,
        193
      ]
    ]
  },
  {
    "transcription": "T\u00c2M",
    "points": [
      [
        335,
        87
      ],
      [
        431,
        87
      ],
      [
        431,
        131
      ],
      [
        335,
        131
      ]
    ]
  },
  {
    "transcription": "M\u01af\u1edcNG",
    "points": [
      [
        771,
        143
      ],
      [
        949,
        143
      ],
      [
        949,
        187
      ],
      [
        771,
        187
      ]
    ]
  },
  {
    "transcription": "FITNESS",
    "points": [
      [
        374,
        281
      ],
      [
        808,
        281
      ],
      [
        808,
        387
      ],
      [
        374,
        387
      ]
    ]
  }
]