[
  {
    "transcription": "TH\u00d4NG",
    "points": [
      [
        450,
        210
      ],
      [
        496,
        210
      ],
      [
        497,
        227
      ],
      [
        450,
        227
      ]
    ]
  },
  {
    "transcription": "TO\u00c0N",
    "points": [
      [
        374,
        208
      ],
      [
        411,
        208
      ],
      [
        411,
        225
      ],
      [
        374,
        225
      ]
    ]
  },
  {
    "transcription": "B\u1ea0C",
    "points": [
      [
        534,
        212
      ],
      [
        562,
        212
      ],
      [
        562,
        230
      ],
      [
        534,
        230
      ]
    ]
  },
  {
    "transcription": "-",
    "points": [
      [
        323,
        160
      ],
      [
        337,
        159
      ],
      [
        338,
        173
      ],
      [
        323,
        173
      ]
    ]
  },
  {
    "transcription": "GIAO",
    "points": [
      [
        414,
        210
      ],
      [
        447,
        210
      ],
      [
        447,
        226
      ],
      [
        414,
        226
      ]
    ]
  },
  {
    "transcription": "AN",
    "points": [
      [
        353,
        207
      ],
      [
        371,
        208
      ],
      [
        372,
        223
      ],
      [
        353,
        223
      ]
    ]
  },
  {
    "transcription": "LI\u00caU",
    "points": [
      [
        564,
        212
      ],
      [
        592,
        212
      ],
      [
        592,
        229
      ],
      [
        564,
        229
      ]
    ]
  },
  {
    "transcription": "BAN",
    "points": [
      [
        322,
        208
      ],
      [
        351,
        208
      ],
      [
        351,
        223
      ],
      [
        322,
        223
      ]
    ]
  },
  {
    "transcription": "T\u1ec8NH",
    "points": [
      [
        499,
        210
      ],
      [
        531,
        210
      ],
      [
        531,
        227
      ],
      [
        499,
        227
      ]
    ]
  }
]