[
  {
    "transcription": "T\u1ea0P",
    "points": [
      [
        343,
        65
      ],
      [
        377,
        66
      ],
      [
        377,
        91
      ],
      [
        343,
        91
      ]
    ]
  },
  {
    "transcription": "nhi\u1ec7t",
    "points": [
      [
        92,
        49
      ],
      [
        138,
        49
      ],
      [
        138,
        71
      ],
      [
        92,
        70
      ]
    ]
  },
  {
    "transcription": "Gi\u00e0i",
    "points": [
      [
        50,
        46
      ],
      [
        90,
        47
      ],
      [
        90,
        67
      ],
      [
        50,
        66
      ]
    ]
  },
  {
    "transcription": "O",
    "points": [
      [
        169,
        142
      ],
      [
        183,
        143
      ],
      [
        183,
        160
      ],
      [
        169,
        159
      ]
    ]
  },
  {
    "transcription": "s\u00f2ng",
    "points": [
      [
        110,
        66
      ],
      [
        155,
        67
      ],
      [
        156,
        89
      ],
      [
        110,
        87
      ]
    ]
  },
  {
    "transcription": "TI\u1ebeP",
    "points": [
      [
        286,
        97
      ],
      [
        369,
        99
      ],
      [
        370,
        160
      ],
      [
        286,
        160
      ]
    ]
  },
  {
    "transcription": "HO\u00c1",
    "points": [
      [
        380,
        66
      ],
      [
        417,
        66
      ],
      [
        418,
        91
      ],
      [
        380,
        91
      ]
    ]
  },
  {
    "transcription": "gi\u1ed9c",
    "points": [
      [
        546,
        120
      ],
      [
        556,
        121
      ],
      [
        554,
        130
      ],
      [
        544,
        130
      ]
    ]
  },
  {
    "transcription": "LANH",
    "points": [
      [
        380,
        113
      ],
      [
        473,
        115
      ],
      [
        474,
        165
      ],
      [
        380,
        162
      ]
    ]
  },
  {
    "transcription": "cu\u1ed9c",
    "points": [
      [
        60,
        65
      ],
      [
        106,
        66
      ],
      [
        107,
        83
      ],
      [
        60,
        82
      ]
    ]
  },
  {
    "transcription": "HC",
    "points": [
      [
        550,
        135
      ],
      [
        560,
        133
      ],
      [
        559,
        145
      ],
      [
        549,
        147
      ]
    ]
  }
]