[
  {
    "transcription": "GLASSES",
    "points": [
      [
        387,
        388
      ],
      [
        507,
        386
      ],
      [
        509,
        425
      ],
      [
        388,
        427
      ]
    ]
  },
  {
    "transcription": "B\u1ea0N",
    "points": [
      [
        561,
        296
      ],
      [
        633,
        294
      ],
      [
        634,
        362
      ],
      [
        561,
        363
      ]
    ]
  },
  {
    "transcription": "TH\u1ea6Y",
    "points": [
      [
        353,
        281
      ],
      [
        441,
        279
      ],
      [
        439,
        355
      ],
      [
        354,
        355
      ]
    ]
  },
  {
    "transcription": "-",
    "points": [
      [
        450,
        321
      ],
      [
        465,
        322
      ],
      [
        464,
        334
      ],
      [
        449,
        334
      ]
    ]
  },
  {
    "transcription": "\u0110A",
    "points": [
      [
        2,
        49
      ],
      [
        15,
        51
      ],
      [
        16,
        64
      ],
      [
        3,
        61
      ]
    ]
  },
  {
    "transcription": "TEACHER",
    "points": [
      [
        261,
        388
      ],
      [
        382,
        388
      ],
      [
        384,
        427
      ],
      [
        262,
        429
      ]
    ]
  },
  {
    "transcription": "M\u1ebeN",
    "points": [
      [
        473,
        281
      ],
      [
        553,
        277
      ],
      [
        553,
        352
      ],
      [
        473,
        353
      ]
    ]
  },
  {
    "transcription": "YOU",
    "points": [
      [
        579,
        384
      ],
      [
        633,
        384
      ],
      [
        634,
        424
      ],
      [
        580,
        424
      ]
    ]
  },
  {
    "transcription": "/",
    "points": [
      [
        50,
        571
      ],
      [
        72,
        572
      ],
      [
        66,
        624
      ],
      [
        45,
        622
      ]
    ]
  },
  {
    "transcription": "K\u00cdNH",
    "points": [
      [
        261,
        289
      ],
      [
        344,
        288
      ],
      [
        345,
        355
      ],
      [
        261,
        355
      ]
    ]
  },
  {
    "transcription": "LIKE",
    "points": [
      [
        513,
        385
      ],
      [
        573,
        385
      ],
      [
        574,
        425
      ],
      [
        513,
        426
      ]
    ]
  },
  {
    "transcription": "SS",
    "points": [
      [
        1,
        67
      ],
      [
        21,
        68
      ],
      [
        21,
        82
      ],
      [
        1,
        81
      ]
    ]
  }
]