[
  {
    "transcription": "75A",
    "points": [
      [
        124,
        96
      ],
      [
        232,
        97
      ],
      [
        233,
        163
      ],
      [
        125,
        162
      ]
    ]
  },
  {
    "transcription": "145.19",
    "points": [
      [
        88,
        151
      ],
      [
        285,
        153
      ],
      [
        288,
        235
      ],
      [
        84,
        234
      ]
    ]
  },
  {
    "transcription": "75A",
    "points": [
      [
        6,
        11
      ],
      [
        122,
        18
      ],
      [
        123,
        83
      ],
      [
        4,
        83
      ]
    ]
  },
  {
    "transcription": "19",
    "points": [
      [
        264,
        15
      ],
      [
        335,
        13
      ],
      [
        336,
        82
      ],
      [
        265,
        84
      ]
    ]
  },
  {
    "transcription": "145,",
    "points": [
      [
        145,
        17
      ],
      [
        255,
        14
      ],
      [
        257,
        85
      ],
      [
        145,
        86
      ]
    ]
  },
  {
    "transcription": "-",
    "points": [
      [
        121,
        41
      ],
      [
        139,
        41
      ],
      [
        139,
        57
      ],
      [
        121,
        57
      ]
    ]
  },
  {
    "transcription": "-",
    "points": [
      [
        120,
        30
      ],
      [
        140,
        29
      ],
      [
        141,
        73
      ],
      [
        120,
        73
      ]
    ]
  },
  {
    "transcription": "1",
    "points": [
      [
        147,
        19
      ],
      [
        171,
        19
      ],
      [
        171,
        84
      ],
      [
        146,
        84
      ]
    ]
  }
]