[
  {
    "transcription": "SPA",
    "points": [
      [
        236,
        117
      ],
      [
        288,
        117
      ],
      [
        288,
        149
      ],
      [
        236,
        149
      ]
    ]
  },
  {
    "transcription": "TRANG",
    "points": [
      [
        58,
        117
      ],
      [
        141,
        117
      ],
      [
        141,
        149
      ],
      [
        58,
        148
      ]
    ]
  },
  {
    "transcription": "HO\u00c0NG",
    "points": [
      [
        146,
        113
      ],
      [
        232,
        113
      ],
      [
        233,
        149
      ],
      [
        145,
        148
      ]
    ]
  },
  {
    "transcription": "TRANG",
    "points": [
      [
        57,
        117
      ],
      [
        141,
        117
      ],
      [
        141,
        147
      ],
      [
        57,
        147
      ]
    ]
  },
  {
    "transcription": "SPA",
    "points": [
      [
        237,
        117
      ],
      [
        287,
        117
      ],
      [
        287,
        147
      ],
      [
        237,
        147
      ]
    ]
  },
  {
    "transcription": "HO\u00c0NG",
    "points": [
      [
        148,
        113
      ],
      [
        230,
        113
      ],
      [
        230,
        147
      ],
      [
        148,
        147
      ]
    ]
  }
]