[
  {
    "transcription": "T\u00ccM",
    "points": [
      [
        186,
        252
      ],
      [
        302,
        254
      ],
      [
        306,
        323
      ],
      [
        188,
        320
      ]
    ]
  },
  {
    "transcription": "B\u1ea0N",
    "points": [
      [
        25,
        257
      ],
      [
        171,
        259
      ],
      [
        172,
        330
      ],
      [
        25,
        328
      ]
    ]
  },
  {
    "transcription": "CH\u01afA!",
    "points": [
      [
        315,
        262
      ],
      [
        521,
        264
      ],
      [
        521,
        327
      ],
      [
        317,
        326
      ]
    ]
  },
  {
    "transcription": "CH\u00daNG",
    "points": [
      [
        96,
        208
      ],
      [
        223,
        210
      ],
      [
        224,
        250
      ],
      [
        96,
        250
      ]
    ]
  },
  {
    "transcription": "T\u00d4I",
    "points": [
      [
        226,
        212
      ],
      [
        280,
        212
      ],
      [
        281,
        253
      ],
      [
        226,
        253
      ]
    ]
  },
  {
    "transcription": "TR\u1ede",
    "points": [
      [
        337,
        214
      ],
      [
        400,
        215
      ],
      [
        400,
        256
      ],
      [
        338,
        256
      ]
    ]
  },
  {
    "transcription": "\u0110\u00c3",
    "points": [
      [
        285,
        215
      ],
      [
        334,
        215
      ],
      [
        335,
        256
      ],
      [
        285,
        255
      ]
    ]
  },
  {
    "transcription": "L\u1ea0I",
    "points": [
      [
        405,
        219
      ],
      [
        449,
        220
      ],
      [
        450,
        262
      ],
      [
        405,
        261
      ]
    ]
  },
  {
    "transcription": "L\u1ea0I",
    "points": [
      [
        404,
        221
      ],
      [
        454,
        221
      ],
      [
        454,
        261
      ],
      [
        404,
        261
      ]
    ]
  },
  {
    "transcription": "TR\u1ede",
    "points": [
      [
        338,
        214
      ],
      [
        400,
        214
      ],
      [
        400,
        258
      ],
      [
        338,
        258
      ]
    ]
  },
  {
    "transcription": "\u0110\u00c3",
    "points": [
      [
        284,
        214
      ],
      [
        334,
        214
      ],
      [
        334,
        254
      ],
      [
        284,
        254
      ]
    ]
  },
  {
    "transcription": "T\u00d4I",
    "points": [
      [
        226,
        213
      ],
      [
        280,
        213
      ],
      [
        280,
        253
      ],
      [
        226,
        253
      ]
    ]
  },
  {
    "transcription": "CH\u01afA!",
    "points": [
      [
        317,
        262
      ],
      [
        523,
        262
      ],
      [
        523,
        328
      ],
      [
        317,
        328
      ]
    ]
  },
  {
    "transcription": "T\u00ccM",
    "points": [
      [
        185,
        250
      ],
      [
        305,
        250
      ],
      [
        305,
        324
      ],
      [
        185,
        324
      ]
    ]
  },
  {
    "transcription": "CH\u00daNG",
    "points": [
      [
        97,
        208
      ],
      [
        221,
        208
      ],
      [
        221,
        252
      ],
      [
        97,
        252
      ]
    ]
  },
  {
    "transcription": "B\u1ea0N",
    "points": [
      [
        22,
        252
      ],
      [
        176,
        252
      ],
      [
        176,
        332
      ],
      [
        22,
        332
      ]
    ]
  }
]