[
  {
    "transcription": "S\u1ea2N",
    "points": [
      [
        65,
        47
      ],
      [
        246,
        34
      ],
      [
        252,
        208
      ],
      [
        63,
        221
      ]
    ]
  },
  {
    "transcription": "S",
    "points": [
      [
        9,
        100
      ],
      [
        107,
        95
      ],
      [
        106,
        244
      ],
      [
        9,
        249
      ]
    ]
  },
  {
    "transcription": "\u0102N",
    "points": [
      [
        122,
        31
      ],
      [
        299,
        24
      ],
      [
        310,
        189
      ],
      [
        129,
        196
      ]
    ]
  },
  {
    "transcription": "S\u1ea2N",
    "points": [
      [
        23,
        93
      ],
      [
        288,
        0
      ],
      [
        298,
        193
      ],
      [
        5,
        254
      ]
    ]
  },
  {
    "transcription": "S\u1ea2",
    "points": [
      [
        14,
        69
      ],
      [
        173,
        32
      ],
      [
        180,
        224
      ],
      [
        16,
        253
      ]
    ]
  }
]