[
  {
    "transcription": "\u0110\u1ed6",
    "points": [
      [
        337,
        28
      ],
      [
        593,
        25
      ],
      [
        599,
        239
      ],
      [
        340,
        239
      ]
    ]
  },
  {
    "transcription": "ng\u00e1ch",
    "points": [
      [
        247,
        313
      ],
      [
        346,
        312
      ],
      [
        347,
        369
      ],
      [
        247,
        370
      ]
    ]
  },
  {
    "transcription": "Nhu\u1ebf,",
    "points": [
      [
        526,
        310
      ],
      [
        623,
        310
      ],
      [
        623,
        374
      ],
      [
        525,
        372
      ]
    ]
  },
  {
    "transcription": "T\u1eeb",
    "points": [
      [
        983,
        322
      ],
      [
        1035,
        325
      ],
      [
        1035,
        377
      ],
      [
        984,
        376
      ]
    ]
  },
  {
    "transcription": "P.",
    "points": [
      [
        630,
        319
      ],
      [
        660,
        318
      ],
      [
        660,
        370
      ],
      [
        630,
        370
      ]
    ]
  },
  {
    "transcription": "Li\u00eam,",
    "points": [
      [
        1038,
        323
      ],
      [
        1135,
        326
      ],
      [
        1136,
        386
      ],
      [
        1038,
        382
      ]
    ]
  },
  {
    "transcription": "2,",
    "points": [
      [
        820,
        321
      ],
      [
        856,
        321
      ],
      [
        856,
        378
      ],
      [
        819,
        377
      ]
    ]
  },
  {
    "transcription": "C\u1ed5",
    "points": [
      [
        472,
        304
      ],
      [
        520,
        305
      ],
      [
        519,
        366
      ],
      [
        472,
        365
      ]
    ]
  },
  {
    "transcription": "C\u1ed5",
    "points": [
      [
        668,
        307
      ],
      [
        717,
        308
      ],
      [
        717,
        370
      ],
      [
        668,
        369
      ]
    ]
  },
  {
    "transcription": "S\u1ed1",
    "points": [
      [
        158,
        304
      ],
      [
        204,
        304
      ],
      [
        202,
        362
      ],
      [
        156,
        361
      ]
    ]
  },
  {
    "transcription": "H\u00e0",
    "points": [
      [
        1143,
        328
      ],
      [
        1197,
        329
      ],
      [
        1197,
        381
      ],
      [
        1144,
        380
      ]
    ]
  },
  {
    "transcription": "6,",
    "points": [
      [
        208,
        312
      ],
      [
        238,
        313
      ],
      [
        238,
        367
      ],
      [
        207,
        366
      ]
    ]
  },
  {
    "transcription": "\u0110C:",
    "points": [
      [
        88,
        310
      ],
      [
        150,
        310
      ],
      [
        150,
        361
      ],
      [
        87,
        361
      ]
    ]
  },
  {
    "transcription": "N\u1ed9i",
    "points": [
      [
        1205,
        329
      ],
      [
        1269,
        330
      ],
      [
        1270,
        388
      ],
      [
        1205,
        387
      ]
    ]
  },
  {
    "transcription": "B\u1eafc",
    "points": [
      [
        910,
        313
      ],
      [
        976,
        314
      ],
      [
        977,
        375
      ],
      [
        910,
        374
      ]
    ]
  },
  {
    "transcription": "GIA",
    "points": [
      [
        642,
        85
      ],
      [
        974,
        88
      ],
      [
        982,
        243
      ],
      [
        642,
        242
      ]
    ]
  },
  {
    "transcription": "Nhu\u1ebf",
    "points": [
      [
        723,
        312
      ],
      [
        818,
        313
      ],
      [
        816,
        374
      ],
      [
        723,
        372
      ]
    ]
  },
  {
    "transcription": "43/128",
    "points": [
      [
        354,
        315
      ],
      [
        465,
        315
      ],
      [
        465,
        368
      ],
      [
        353,
        368
      ]
    ]
  },
  {
    "transcription": "Q.",
    "points": [
      [
        862,
        320
      ],
      [
        903,
        321
      ],
      [
        904,
        374
      ],
      [
        862,
        375
      ]
    ]
  },
  {
    "transcription": "43/128",
    "points": [
      [
        353,
        317
      ],
      [
        467,
        317
      ],
      [
        467,
        369
      ],
      [
        353,
        369
      ]
    ]
  },
  {
    "transcription": "P.",
    "points": [
      [
        628,
        319
      ],
      [
        660,
        319
      ],
      [
        660,
        371
      ],
      [
        628,
        371
      ]
    ]
  },
  {
    "transcription": "2,",
    "points": [
      [
        817,
        323
      ],
      [
        857,
        323
      ],
      [
        857,
        377
      ],
      [
        817,
        377
      ]
    ]
  },
  {
    "transcription": "Q.",
    "points": [
      [
        863,
        323
      ],
      [
        903,
        323
      ],
      [
        903,
        373
      ],
      [
        863,
        373
      ]
    ]
  },
  {
    "transcription": "6,",
    "points": [
      [
        206,
        313
      ],
      [
        240,
        313
      ],
      [
        240,
        369
      ],
      [
        206,
        369
      ]
    ]
  },
  {
    "transcription": "C\u1ed5",
    "points": [
      [
        669,
        308
      ],
      [
        719,
        308
      ],
      [
        719,
        372
      ],
      [
        669,
        372
      ]
    ]
  },
  {
    "transcription": "H\u00e0",
    "points": [
      [
        1147,
        327
      ],
      [
        1197,
        327
      ],
      [
        1197,
        381
      ],
      [
        1147,
        381
      ]
    ]
  },
  {
    "transcription": "B\u1eafc",
    "points": [
      [
        908,
        313
      ],
      [
        976,
        313
      ],
      [
        976,
        375
      ],
      [
        908,
        375
      ]
    ]
  },
  {
    "transcription": "Nhu\u1ebf",
    "points": [
      [
        725,
        314
      ],
      [
        819,
        314
      ],
      [
        819,
        372
      ],
      [
        725,
        372
      ]
    ]
  },
  {
    "transcription": "N\u1ed9i",
    "points": [
      [
        1205,
        327
      ],
      [
        1269,
        327
      ],
      [
        1269,
        387
      ],
      [
        1205,
        387
      ]
    ]
  },
  {
    "transcription": "C\u1ed5",
    "points": [
      [
        473,
        304
      ],
      [
        519,
        304
      ],
      [
        519,
        366
      ],
      [
        473,
        366
      ]
    ]
  },
  {
    "transcription": "\u0110\u1ed6",
    "points": [
      [
        338,
        27
      ],
      [
        604,
        27
      ],
      [
        604,
        241
      ],
      [
        338,
        241
      ]
    ]
  },
  {
    "transcription": "T\u1eeb",
    "points": [
      [
        982,
        322
      ],
      [
        1034,
        322
      ],
      [
        1034,
        376
      ],
      [
        982,
        376
      ]
    ]
  },
  {
    "transcription": "S\u1ed1",
    "points": [
      [
        156,
        303
      ],
      [
        204,
        303
      ],
      [
        204,
        361
      ],
      [
        156,
        361
      ]
    ]
  },
  {
    "transcription": "\u0110C:",
    "points": [
      [
        90,
        310
      ],
      [
        148,
        310
      ],
      [
        148,
        360
      ],
      [
        90,
        360
      ]
    ]
  },
  {
    "transcription": "GIA",
    "points": [
      [
        645,
        90
      ],
      [
        991,
        90
      ],
      [
        991,
        244
      ],
      [
        645,
        244
      ]
    ]
  },
  {
    "transcription": "ng\u00e1ch",
    "points": [
      [
        247,
        313
      ],
      [
        347,
        313
      ],
      [
        347,
        371
      ],
      [
        247,
        371
      ]
    ]
  },
  {
    "transcription": "Nhu\u1ebf,",
    "points": [
      [
        525,
        311
      ],
      [
        623,
        311
      ],
      [
        623,
        375
      ],
      [
        525,
        375
      ]
    ]
  },
  {
    "transcription": "Li\u00eam,",
    "points": [
      [
        1039,
        325
      ],
      [
        1137,
        325
      ],
      [
        1137,
        387
      ],
      [
        1039,
        387
      ]
    ]
  }
]