[
  {
    "transcription": "TNHH",
    "points": [
      [
        136,
        53
      ],
      [
        221,
        52
      ],
      [
        221,
        87
      ],
      [
        136,
        88
      ]
    ]
  },
  {
    "transcription": "C\u00d4NG",
    "points": [
      [
        0,
        46
      ],
      [
        89,
        47
      ],
      [
        90,
        86
      ],
      [
        0,
        85
      ]
    ]
  },
  {
    "transcription": "XH\u00c0NG",
    "points": [
      [
        237,
        47
      ],
      [
        356,
        50
      ],
      [
        357,
        88
      ],
      [
        237,
        88
      ]
    ]
  },
  {
    "transcription": "TY",
    "points": [
      [
        90,
        46
      ],
      [
        136,
        47
      ],
      [
        137,
        89
      ],
      [
        92,
        88
      ]
    ]
  },
  {
    "transcription": "SX",
    "points": [
      [
        226,
        54
      ],
      [
        270,
        54
      ],
      [
        270,
        86
      ],
      [
        226,
        86
      ]
    ]
  },
  {
    "transcription": "C\u00d4NG",
    "points": [
      [
        0,
        48
      ],
      [
        90,
        48
      ],
      [
        90,
        86
      ],
      [
        0,
        86
      ]
    ]
  },
  {
    "transcription": "H\u00c0NG",
    "points": [
      [
        271,
        51
      ],
      [
        357,
        51
      ],
      [
        357,
        89
      ],
      [
        271,
        89
      ]
    ]
  }
]