[
  {
    "transcription": "D\u00c2N",
    "points": [
      [
        94,
        270
      ],
      [
        116,
        270
      ],
      [
        115,
        287
      ],
      [
        94,
        287
      ]
    ]
  },
  {
    "transcription": "C\u1ee6A",
    "points": [
      [
        71,
        248
      ],
      [
        93,
        249
      ],
      [
        93,
        266
      ],
      [
        71,
        265
      ]
    ]
  },
  {
    "transcription": "C\u1ea4P",
    "points": [
      [
        98,
        175
      ],
      [
        117,
        177
      ],
      [
        116,
        193
      ],
      [
        97,
        191
      ]
    ]
  },
  {
    "transcription": "H\u1ea4P",
    "points": [
      [
        78,
        172
      ],
      [
        97,
        173
      ],
      [
        96,
        190
      ],
      [
        77,
        189
      ]
    ]
  },
  {
    "transcription": "VI\u00caM",
    "points": [
      [
        61,
        152
      ],
      [
        88,
        154
      ],
      [
        88,
        170
      ],
      [
        61,
        169
      ]
    ]
  },
  {
    "transcription": "D\u1ecaCH",
    "points": [
      [
        67,
        136
      ],
      [
        92,
        138
      ],
      [
        92,
        153
      ],
      [
        67,
        152
      ]
    ]
  },
  {
    "transcription": "H\u00d4",
    "points": [
      [
        62,
        171
      ],
      [
        78,
        173
      ],
      [
        77,
        189
      ],
      [
        61,
        187
      ]
    ]
  },
  {
    "transcription": "B\u1ec6NH",
    "points": [
      [
        93,
        138
      ],
      [
        119,
        140
      ],
      [
        118,
        157
      ],
      [
        91,
        155
      ]
    ]
  },
  {
    "transcription": "M\u1edaI",
    "points": [
      [
        96,
        213
      ],
      [
        116,
        214
      ],
      [
        116,
        230
      ],
      [
        95,
        229
      ]
    ]
  },
  {
    "transcription": "M\u1ed6I",
    "points": [
      [
        46,
        265
      ],
      [
        67,
        267
      ],
      [
        66,
        285
      ],
      [
        45,
        284
      ]
    ]
  },
  {
    "transcription": "C\u00d4NG",
    "points": [
      [
        66,
        268
      ],
      [
        94,
        269
      ],
      [
        94,
        286
      ],
      [
        66,
        286
      ]
    ]
  },
  {
    "transcription": "VIRUS",
    "points": [
      [
        81,
        193
      ],
      [
        110,
        196
      ],
      [
        110,
        210
      ],
      [
        80,
        208
      ]
    ]
  },
  {
    "transcription": "CORONA",
    "points": [
      [
        55,
        210
      ],
      [
        96,
        212
      ],
      [
        96,
        228
      ],
      [
        55,
        226
      ]
    ]
  },
  {
    "transcription": "DO",
    "points": [
      [
        66,
        193
      ],
      [
        81,
        193
      ],
      [
        80,
        208
      ],
      [
        65,
        207
      ]
    ]
  },
  {
    "transcription": "L\u00c0",
    "points": [
      [
        45,
        227
      ],
      [
        58,
        229
      ],
      [
        58,
        246
      ],
      [
        44,
        245
      ]
    ]
  },
  {
    "transcription": "TR\u00c1CH",
    "points": [
      [
        58,
        229
      ],
      [
        90,
        230
      ],
      [
        90,
        246
      ],
      [
        58,
        246
      ]
    ]
  },
  {
    "transcription": "CH\u1ed0NG",
    "points": [
      [
        96,
        119
      ],
      [
        129,
        121
      ],
      [
        129,
        138
      ],
      [
        96,
        136
      ]
    ]
  },
  {
    "transcription": "NHI\u1ec6M",
    "points": [
      [
        91,
        231
      ],
      [
        123,
        233
      ],
      [
        123,
        251
      ],
      [
        90,
        249
      ]
    ]
  },
  {
    "transcription": "\u0110\u01af\u1edcNG",
    "points": [
      [
        89,
        155
      ],
      [
        120,
        158
      ],
      [
        120,
        175
      ],
      [
        88,
        171
      ]
    ]
  },
  {
    "transcription": "PH\u00d2NG",
    "points": [
      [
        60,
        113
      ],
      [
        95,
        116
      ],
      [
        95,
        134
      ],
      [
        60,
        132
      ]
    ]
  },
  {
    "transcription": "D\u1ecaCH",
    "points": [
      [
        68,
        136
      ],
      [
        92,
        136
      ],
      [
        92,
        152
      ],
      [
        68,
        152
      ]
    ]
  },
  {
    "transcription": "H\u00d4",
    "points": [
      [
        62,
        171
      ],
      [
        78,
        171
      ],
      [
        78,
        187
      ],
      [
        62,
        187
      ]
    ]
  },
  {
    "transcription": "DO",
    "points": [
      [
        66,
        194
      ],
      [
        80,
        194
      ],
      [
        80,
        206
      ],
      [
        66,
        206
      ]
    ]
  },
  {
    "transcription": "H\u1ea4P",
    "points": [
      [
        79,
        172
      ],
      [
        97,
        172
      ],
      [
        97,
        188
      ],
      [
        79,
        188
      ]
    ]
  },
  {
    "transcription": "C\u1ea4P",
    "points": [
      [
        97,
        174
      ],
      [
        115,
        174
      ],
      [
        115,
        192
      ],
      [
        97,
        192
      ]
    ]
  },
  {
    "transcription": "L\u00c0",
    "points": [
      [
        45,
        228
      ],
      [
        57,
        228
      ],
      [
        57,
        244
      ],
      [
        45,
        244
      ]
    ]
  },
  {
    "transcription": "D\u00c2N",
    "points": [
      [
        94,
        270
      ],
      [
        114,
        270
      ],
      [
        114,
        286
      ],
      [
        94,
        286
      ]
    ]
  },
  {
    "transcription": "VI\u00caM",
    "points": [
      [
        63,
        153
      ],
      [
        87,
        153
      ],
      [
        87,
        169
      ],
      [
        63,
        169
      ]
    ]
  },
  {
    "transcription": "B\u1ec6NH",
    "points": [
      [
        92,
        137
      ],
      [
        118,
        137
      ],
      [
        118,
        155
      ],
      [
        92,
        155
      ]
    ]
  },
  {
    "transcription": "VIRUS",
    "points": [
      [
        81,
        194
      ],
      [
        109,
        194
      ],
      [
        109,
        210
      ],
      [
        81,
        210
      ]
    ]
  },
  {
    "transcription": "C\u00d4NG",
    "points": [
      [
        67,
        269
      ],
      [
        93,
        269
      ],
      [
        93,
        285
      ],
      [
        67,
        285
      ]
    ]
  },
  {
    "transcription": "CH\u1ed0NG",
    "points": [
      [
        96,
        118
      ],
      [
        128,
        118
      ],
      [
        128,
        138
      ],
      [
        96,
        138
      ]
    ]
  },
  {
    "transcription": "M\u1ed6I",
    "points": [
      [
        46,
        266
      ],
      [
        66,
        266
      ],
      [
        66,
        284
      ],
      [
        46,
        284
      ]
    ]
  },
  {
    "transcription": "M\u1edaI",
    "points": [
      [
        96,
        213
      ],
      [
        114,
        213
      ],
      [
        114,
        229
      ],
      [
        96,
        229
      ]
    ]
  },
  {
    "transcription": "\u0110\u01af\u1edcNG",
    "points": [
      [
        88,
        155
      ],
      [
        118,
        155
      ],
      [
        118,
        175
      ],
      [
        88,
        175
      ]
    ]
  },
  {
    "transcription": "C\u1ee6A",
    "points": [
      [
        72,
        249
      ],
      [
        92,
        249
      ],
      [
        92,
        265
      ],
      [
        72,
        265
      ]
    ]
  },
  {
    "transcription": "TR\u00c1CH",
    "points": [
      [
        58,
        229
      ],
      [
        90,
        229
      ],
      [
        90,
        245
      ],
      [
        58,
        245
      ]
    ]
  },
  {
    "transcription": "PH\u00d2NG",
    "points": [
      [
        60,
        114
      ],
      [
        96,
        114
      ],
      [
        96,
        134
      ],
      [
        60,
        134
      ]
    ]
  },
  {
    "transcription": "NHI\u1ec6M",
    "points": [
      [
        91,
        232
      ],
      [
        121,
        232
      ],
      [
        121,
        250
      ],
      [
        91,
        250
      ]
    ]
  },
  {
    "transcription": "CORONA",
    "points": [
      [
        58,
        211
      ],
      [
        96,
        211
      ],
      [
        96,
        227
      ],
      [
        58,
        227
      ]
    ]
  }
]