[
  {
    "transcription": "NG\u1eee",
    "points": [
      [
        87,
        171
      ],
      [
        148,
        173
      ],
      [
        147,
        211
      ],
      [
        86,
        208
      ]
    ]
  },
  {
    "transcription": "\u0110\u00ccNH",
    "points": [
      [
        268,
        186
      ],
      [
        323,
        189
      ],
      [
        323,
        221
      ],
      [
        268,
        220
      ]
    ]
  },
  {
    "transcription": "M\u1ef8",
    "points": [
      [
        226,
        184
      ],
      [
        264,
        184
      ],
      [
        262,
        216
      ],
      [
        226,
        216
      ]
    ]
  },
  {
    "transcription": "H\u00e0m",
    "points": [
      [
        205,
        266
      ],
      [
        235,
        267
      ],
      [
        235,
        285
      ],
      [
        205,
        284
      ]
    ]
  },
  {
    "transcription": "\u01afU",
    "points": [
      [
        372,
        203
      ],
      [
        391,
        209
      ],
      [
        389,
        224
      ],
      [
        370,
        218
      ]
    ]
  },
  {
    "transcription": "Cis",
    "points": [
      [
        596,
        260
      ],
      [
        605,
        261
      ],
      [
        605,
        270
      ],
      [
        596,
        270
      ]
    ]
  },
  {
    "transcription": "An",
    "points": [
      [
        477,
        190
      ],
      [
        483,
        190
      ],
      [
        482,
        202
      ],
      [
        475,
        203
      ]
    ]
  },
  {
    "transcription": "Nghi",
    "points": [
      [
        237,
        268
      ],
      [
        265,
        268
      ],
      [
        265,
        288
      ],
      [
        237,
        288
      ]
    ]
  },
  {
    "transcription": "\u0110\u1ecba",
    "points": [
      [
        94,
        263
      ],
      [
        118,
        264
      ],
      [
        119,
        284
      ],
      [
        94,
        284
      ]
    ]
  },
  {
    "transcription": "TR\u01af\u01a0NG",
    "points": [
      [
        148,
        217
      ],
      [
        325,
        222
      ],
      [
        326,
        264
      ],
      [
        150,
        262
      ]
    ]
  },
  {
    "transcription": "Mon,",
    "points": [
      [
        171,
        265
      ],
      [
        203,
        267
      ],
      [
        204,
        287
      ],
      [
        171,
        285
      ]
    ]
  },
  {
    "transcription": "1%",
    "points": [
      [
        411,
        246
      ],
      [
        431,
        252
      ],
      [
        428,
        277
      ],
      [
        408,
        272
      ]
    ]
  },
  {
    "transcription": "\u0110\u00c0I",
    "points": [
      [
        392,
        209
      ],
      [
        415,
        216
      ],
      [
        413,
        232
      ],
      [
        390,
        226
      ]
    ]
  },
  {
    "transcription": ":",
    "points": [
      [
        486,
        194
      ],
      [
        493,
        195
      ],
      [
        493,
        209
      ],
      [
        486,
        209
      ]
    ]
  },
  {
    "transcription": "ANH",
    "points": [
      [
        19,
        171
      ],
      [
        80,
        174
      ],
      [
        80,
        206
      ],
      [
        17,
        203
      ]
    ]
  },
  {
    "transcription": "ch\u1ec9:",
    "points": [
      [
        120,
        264
      ],
      [
        145,
        263
      ],
      [
        146,
        282
      ],
      [
        120,
        282
      ]
    ]
  },
  {
    "transcription": "AMES",
    "points": [
      [
        151,
        182
      ],
      [
        221,
        185
      ],
      [
        221,
        215
      ],
      [
        151,
        213
      ]
    ]
  },
  {
    "transcription": "KHAI",
    "points": [
      [
        18,
        207
      ],
      [
        139,
        214
      ],
      [
        139,
        257
      ],
      [
        18,
        253
      ]
    ]
  },
  {
    "transcription": "40,",
    "points": [
      [
        362,
        217
      ],
      [
        421,
        234
      ],
      [
        417,
        276
      ],
      [
        357,
        258
      ]
    ]
  },
  {
    "transcription": "E",
    "points": [
      [
        506,
        194
      ],
      [
        511,
        194
      ],
      [
        511,
        206
      ],
      [
        506,
        205
      ]
    ]
  },
  {
    "transcription": "HD",
    "points": [
      [
        147,
        264
      ],
      [
        168,
        264
      ],
      [
        169,
        283
      ],
      [
        147,
        283
      ]
    ]
  }
]