[
  {
    "transcription": "G\u1ed0I",
    "points": [
      [
        383,
        65
      ],
      [
        481,
        67
      ],
      [
        482,
        118
      ],
      [
        384,
        117
      ]
    ]
  },
  {
    "transcription": "GA",
    "points": [
      [
        266,
        59
      ],
      [
        346,
        66
      ],
      [
        350,
        113
      ],
      [
        266,
        108
      ]
    ]
  },
  {
    "transcription": "CH\u0102N",
    "points": [
      [
        69,
        38
      ],
      [
        228,
        46
      ],
      [
        229,
        101
      ],
      [
        69,
        93
      ]
    ]
  },
  {
    "transcription": "-",
    "points": [
      [
        357,
        87
      ],
      [
        375,
        88
      ],
      [
        375,
        106
      ],
      [
        357,
        106
      ]
    ]
  },
  {
    "transcription": "-",
    "points": [
      [
        239,
        77
      ],
      [
        257,
        77
      ],
      [
        258,
        96
      ],
      [
        239,
        95
      ]
    ]
  },
  {
    "transcription": "-",
    "points": [
      [
        238,
        77
      ],
      [
        260,
        77
      ],
      [
        260,
        95
      ],
      [
        238,
        95
      ]
    ]
  },
  {
    "transcription": "-",
    "points": [
      [
        356,
        84
      ],
      [
        376,
        84
      ],
      [
        376,
        106
      ],
      [
        356,
        106
      ]
    ]
  },
  {
    "transcription": "GA",
    "points": [
      [
        268,
        64
      ],
      [
        350,
        64
      ],
      [
        350,
        112
      ],
      [
        268,
        112
      ]
    ]
  },
  {
    "transcription": "G\u1ed0I",
    "points": [
      [
        384,
        65
      ],
      [
        482,
        65
      ],
      [
        482,
        119
      ],
      [
        384,
        119
      ]
    ]
  },
  {
    "transcription": "CH\u0102N",
    "points": [
      [
        74,
        36
      ],
      [
        230,
        36
      ],
      [
        230,
        104
      ],
      [
        74,
        104
      ]
    ]
  }
]