[
  {
    "transcription": "TR\u1ecc",
    "points": [
      [
        384,
        16
      ],
      [
        479,
        16
      ],
      [
        480,
        79
      ],
      [
        385,
        76
      ]
    ]
  },
  {
    "transcription": "N\u1ed8I",
    "points": [
      [
        30,
        12
      ],
      [
        108,
        13
      ],
      [
        109,
        84
      ],
      [
        29,
        84
      ]
    ]
  },
  {
    "transcription": "QUY",
    "points": [
      [
        120,
        21
      ],
      [
        212,
        19
      ],
      [
        211,
        79
      ],
      [
        119,
        84
      ]
    ]
  },
  {
    "transcription": "PH\u00d2NG",
    "points": [
      [
        219,
        7
      ],
      [
        376,
        6
      ],
      [
        377,
        69
      ],
      [
        219,
        71
      ]
    ]
  },
  {
    "transcription": "TR\u1ecc",
    "points": [
      [
        383,
        18
      ],
      [
        477,
        18
      ],
      [
        477,
        78
      ],
      [
        383,
        78
      ]
    ]
  },
  {
    "transcription": "QUY",
    "points": [
      [
        121,
        21
      ],
      [
        213,
        21
      ],
      [
        213,
        85
      ],
      [
        121,
        85
      ]
    ]
  },
  {
    "transcription": "N\u1ed8I",
    "points": [
      [
        29,
        14
      ],
      [
        111,
        14
      ],
      [
        111,
        86
      ],
      [
        29,
        86
      ]
    ]
  },
  {
    "transcription": "PH\u00d2NG",
    "points": [
      [
        221,
        7
      ],
      [
        375,
        7
      ],
      [
        375,
        71
      ],
      [
        221,
        71
      ]
    ]
  }
]