[
  {
    "transcription": "infoQbanghieudanang.net",
    "points": [
      [
        711,
        118
      ],
      [
        1079,
        117
      ],
      [
        1082,
        165
      ],
      [
        711,
        168
      ]
    ]
  },
  {
    "transcription": "BANGHIEUDAN",
    "points": [
      [
        367,
        3
      ],
      [
        1002,
        1
      ],
      [
        1004,
        65
      ],
      [
        366,
        68
      ]
    ]
  },
  {
    "transcription": "199",
    "points": [
      [
        537,
        118
      ],
      [
        593,
        118
      ],
      [
        594,
        158
      ],
      [
        537,
        158
      ]
    ]
  },
  {
    "transcription": "-",
    "points": [
      [
        600,
        134
      ],
      [
        613,
        135
      ],
      [
        613,
        146
      ],
      [
        599,
        145
      ]
    ]
  },
  {
    "transcription": "Email:",
    "points": [
      [
        617,
        116
      ],
      [
        708,
        116
      ],
      [
        709,
        157
      ],
      [
        617,
        157
      ]
    ]
  },
  {
    "transcription": "Hotline:",
    "points": [
      [
        273,
        117
      ],
      [
        387,
        117
      ],
      [
        388,
        156
      ],
      [
        273,
        157
      ]
    ]
  },
  {
    "transcription": "0935",
    "points": [
      [
        392,
        119
      ],
      [
        468,
        119
      ],
      [
        468,
        154
      ],
      [
        392,
        155
      ]
    ]
  },
  {
    "transcription": "857",
    "points": [
      [
        473,
        118
      ],
      [
        532,
        119
      ],
      [
        529,
        157
      ],
      [
        472,
        157
      ]
    ]
  }
]