[
  {
    "transcription": "CUNG",
    "points": [
      [
        197,
        123
      ],
      [
        308,
        138
      ],
      [
        310,
        168
      ],
      [
        197,
        156
      ]
    ]
  },
  {
    "transcription": "XU\u00c2N",
    "points": [
      [
        79,
        105
      ],
      [
        192,
        117
      ],
      [
        192,
        153
      ],
      [
        75,
        142
      ]
    ]
  },
  {
    "transcription": "S\u1eecA",
    "points": [
      [
        99,
        152
      ],
      [
        246,
        161
      ],
      [
        245,
        230
      ],
      [
        97,
        223
      ]
    ]
  },
  {
    "transcription": "CH\u1eeeA",
    "points": [
      [
        254,
        174
      ],
      [
        432,
        185
      ],
      [
        436,
        251
      ],
      [
        256,
        239
      ]
    ]
  },
  {
    "transcription": "CH\u1eeeA -",
    "points": [
      [
        255,
        175
      ],
      [
        467,
        175
      ],
      [
        467,
        251
      ],
      [
        255,
        251
      ]
    ]
  },
  {
    "transcription": "B\u1ea2O",
    "points": [
      [
        477,
        195
      ],
      [
        611,
        195
      ],
      [
        611,
        263
      ],
      [
        477,
        263
      ]
    ]
  },
  {
    "transcription": "CUNG",
    "points": [
      [
        197,
        125
      ],
      [
        307,
        125
      ],
      [
        307,
        167
      ],
      [
        197,
        167
      ]
    ]
  },
  {
    "transcription": "S\u1eecA",
    "points": [
      [
        95,
        151
      ],
      [
        249,
        151
      ],
      [
        249,
        231
      ],
      [
        95,
        231
      ]
    ]
  },
  {
    "transcription": "XU\u00c2N",
    "points": [
      [
        70,
        103
      ],
      [
        192,
        103
      ],
      [
        192,
        153
      ],
      [
        70,
        153
      ]
    ]
  }
]