[
  {
    "transcription": "la",
    "points": [
      [
        65,
        168
      ],
      [
        245,
        140
      ],
      [
        256,
        230
      ],
      [
        57,
        239
      ]
    ]
  },
  {
    "transcription": "O",
    "points": [
      [
        135,
        184
      ],
      [
        263,
        187
      ],
      [
        264,
        245
      ],
      [
        136,
        243
      ]
    ]
  },
  {
    "transcription": "Ng\u1ecdc",
    "points": [
      [
        113,
        12
      ],
      [
        429,
        68
      ],
      [
        418,
        236
      ],
      [
        97,
        198
      ]
    ]
  },
  {
    "transcription": "IN",
    "points": [
      [
        33,
        10
      ],
      [
        156,
        8
      ],
      [
        156,
        182
      ],
      [
        25,
        190
      ]
    ]
  },
  {
    "transcription": "V",
    "points": [
      [
        90,
        10
      ],
      [
        233,
        12
      ],
      [
        240,
        183
      ],
      [
        92,
        177
      ]
    ]
  }
]