[
  {
    "transcription": "NG\u1eee",
    "points": [
      [
        658,
        316
      ],
      [
        783,
        312
      ],
      [
        784,
        371
      ],
      [
        659,
        373
      ]
    ]
  },
  {
    "transcription": "TRUNG",
    "points": [
      [
        255,
        336
      ],
      [
        417,
        332
      ],
      [
        418,
        380
      ],
      [
        256,
        384
      ]
    ]
  },
  {
    "transcription": "AMA",
    "points": [
      [
        186,
        170
      ],
      [
        701,
        144
      ],
      [
        706,
        289
      ],
      [
        182,
        298
      ]
    ]
  },
  {
    "transcription": "TH\u1ed0NG",
    "points": [
      [
        97,
        334
      ],
      [
        249,
        331
      ],
      [
        250,
        388
      ],
      [
        96,
        391
      ]
    ]
  },
  {
    "transcription": "ANH",
    "points": [
      [
        541,
        324
      ],
      [
        650,
        323
      ],
      [
        651,
        376
      ],
      [
        540,
        377
      ]
    ]
  },
  {
    "transcription": "H\u1ec6",
    "points": [
      [
        32,
        344
      ],
      [
        90,
        342
      ],
      [
        90,
        396
      ],
      [
        31,
        396
      ]
    ]
  },
  {
    "transcription": "T\u00c2M",
    "points": [
      [
        424,
        322
      ],
      [
        531,
        320
      ],
      [
        532,
        380
      ],
      [
        425,
        382
      ]
    ]
  },
  {
    "transcription": "AMA",
    "points": [
      [
        795,
        319
      ],
      [
        938,
        319
      ],
      [
        940,
        369
      ],
      [
        794,
        369
      ]
    ]
  }
]