[
  {
    "transcription": "S\u1ed0:",
    "points": [
      [
        78,
        29
      ],
      [
        112,
        27
      ],
      [
        113,
        70
      ],
      [
        78,
        71
      ]
    ]
  },
  {
    "transcription": "\u0110T:",
    "points": [
      [
        351,
        31
      ],
      [
        379,
        31
      ],
      [
        380,
        60
      ],
      [
        351,
        60
      ]
    ]
  },
  {
    "transcription": "778",
    "points": [
      [
        464,
        28
      ],
      [
        496,
        28
      ],
      [
        496,
        58
      ],
      [
        464,
        58
      ]
    ]
  },
  {
    "transcription": "0984",
    "points": [
      [
        382,
        28
      ],
      [
        425,
        28
      ],
      [
        426,
        60
      ],
      [
        381,
        61
      ]
    ]
  },
  {
    "transcription": "/CN\u0110\u0110KKDT",
    "points": [
      [
        153,
        33
      ],
      [
        260,
        32
      ],
      [
        260,
        65
      ],
      [
        152,
        68
      ]
    ]
  },
  {
    "transcription": "302",
    "points": [
      [
        428,
        28
      ],
      [
        461,
        28
      ],
      [
        461,
        58
      ],
      [
        428,
        59
      ]
    ]
  }
]