[
  {
    "transcription": "h\u1ecda",
    "points": [
      [
        145,
        1
      ],
      [
        241,
        1
      ],
      [
        242,
        42
      ],
      [
        145,
        43
      ]
    ]
  },
  {
    "transcription": "ph\u1ea1m",
    "points": [
      [
        13,
        196
      ],
      [
        165,
        196
      ],
      [
        165,
        249
      ],
      [
        13,
        252
      ]
    ]
  },
  {
    "transcription": "t\u1ed9i",
    "points": [
      [
        177,
        191
      ],
      [
        256,
        193
      ],
      [
        256,
        251
      ],
      [
        177,
        248
      ]
    ]
  },
  {
    "transcription": "ph\u00e1c",
    "points": [
      [
        20,
        3
      ],
      [
        136,
        0
      ],
      [
        137,
        40
      ],
      [
        20,
        49
      ]
    ]
  },
  {
    "transcription": "ch\u00e2n",
    "points": [
      [
        21,
        46
      ],
      [
        144,
        44
      ],
      [
        145,
        87
      ],
      [
        21,
        88
      ]
    ]
  },
  {
    "transcription": "dung",
    "points": [
      [
        19,
        93
      ],
      [
        146,
        97
      ],
      [
        147,
        146
      ],
      [
        18,
        140
      ]
    ]
  },
  {
    "transcription": "k\u1ebb",
    "points": [
      [
        17,
        138
      ],
      [
        83,
        140
      ],
      [
        83,
        185
      ],
      [
        16,
        185
      ]
    ]
  },
  {
    "transcription": "h\u1ecda",
    "points": [
      [
        144,
        2
      ],
      [
        242,
        2
      ],
      [
        242,
        42
      ],
      [
        144,
        42
      ]
    ]
  },
  {
    "transcription": "k\u1ebb",
    "points": [
      [
        18,
        140
      ],
      [
        82,
        140
      ],
      [
        82,
        186
      ],
      [
        18,
        186
      ]
    ]
  },
  {
    "transcription": "ph\u1ea1m",
    "points": [
      [
        17,
        195
      ],
      [
        163,
        195
      ],
      [
        163,
        249
      ],
      [
        17,
        249
      ]
    ]
  },
  {
    "transcription": "t\u1ed9i",
    "points": [
      [
        175,
        193
      ],
      [
        255,
        193
      ],
      [
        255,
        251
      ],
      [
        175,
        251
      ]
    ]
  },
  {
    "transcription": "ph\u00e1c",
    "points": [
      [
        23,
        1
      ],
      [
        137,
        1
      ],
      [
        137,
        43
      ],
      [
        23,
        43
      ]
    ]
  },
  {
    "transcription": "dung",
    "points": [
      [
        18,
        90
      ],
      [
        148,
        90
      ],
      [
        148,
        148
      ],
      [
        18,
        148
      ]
    ]
  },
  {
    "transcription": "ch\u00e2n",
    "points": [
      [
        22,
        45
      ],
      [
        142,
        45
      ],
      [
        142,
        85
      ],
      [
        22,
        85
      ]
    ]
  }
]