[
  {
    "transcription": "T\u1eeb:",
    "points": [
      [
        37,
        414
      ],
      [
        62,
        413
      ],
      [
        63,
        432
      ],
      [
        38,
        432
      ]
    ]
  },
  {
    "transcription": "Z",
    "points": [
      [
        0,
        397
      ],
      [
        15,
        398
      ],
      [
        15,
        434
      ],
      [
        0,
        433
      ]
    ]
  },
  {
    "transcription": "GI\u00c1",
    "points": [
      [
        92,
        298
      ],
      [
        135,
        298
      ],
      [
        136,
        325
      ],
      [
        93,
        325
      ]
    ]
  },
  {
    "transcription": "31/10",
    "points": [
      [
        120,
        413
      ],
      [
        165,
        413
      ],
      [
        165,
        431
      ],
      [
        120,
        432
      ]
    ]
  },
  {
    "transcription": "31",
    "points": [
      [
        119,
        413
      ],
      [
        138,
        413
      ],
      [
        138,
        432
      ],
      [
        119,
        432
      ]
    ]
  },
  {
    "transcription": "26",
    "points": [
      [
        64,
        413
      ],
      [
        84,
        414
      ],
      [
        84,
        433
      ],
      [
        64,
        433
      ]
    ]
  },
  {
    "transcription": "GI\u1ea2M",
    "points": [
      [
        25,
        301
      ],
      [
        86,
        298
      ],
      [
        89,
        325
      ],
      [
        27,
        327
      ]
    ]
  },
  {
    "transcription": "-",
    "points": [
      [
        110,
        419
      ],
      [
        117,
        419
      ],
      [
        117,
        427
      ],
      [
        110,
        427
      ]
    ]
  },
  {
    "transcription": "26/10",
    "points": [
      [
        63,
        415
      ],
      [
        109,
        415
      ],
      [
        113,
        431
      ],
      [
        65,
        432
      ]
    ]
  },
  {
    "transcription": "2C",
    "points": [
      [
        26,
        326
      ],
      [
        145,
        328
      ],
      [
        155,
        415
      ],
      [
        30,
        414
      ]
    ]
  },
  {
    "transcription": "/",
    "points": [
      [
        83,
        416
      ],
      [
        89,
        416
      ],
      [
        89,
        433
      ],
      [
        82,
        432
      ]
    ]
  },
  {
    "transcription": "10",
    "points": [
      [
        89,
        413
      ],
      [
        108,
        413
      ],
      [
        109,
        433
      ],
      [
        89,
        433
      ]
    ]
  }
]