[
  {
    "transcription": "HUY",
    "points": [
      [
        121,
        339
      ],
      [
        379,
        326
      ],
      [
        374,
        468
      ],
      [
        115,
        478
      ]
    ]
  },
  {
    "transcription": "TUY\u1ec2N",
    "points": [
      [
        514,
        1087
      ],
      [
        597,
        1072
      ],
      [
        604,
        1109
      ],
      [
        519,
        1121
      ]
    ]
  },
  {
    "transcription": "\u0110T:",
    "points": [
      [
        530,
        1206
      ],
      [
        550,
        1205
      ],
      [
        551,
        1220
      ],
      [
        530,
        1221
      ]
    ]
  },
  {
    "transcription": "CHU",
    "points": [
      [
        679,
        484
      ],
      [
        793,
        476
      ],
      [
        797,
        515
      ],
      [
        681,
        523
      ]
    ]
  },
  {
    "transcription": "096844999",
    "points": [
      [
        556,
        1202
      ],
      [
        613,
        1196
      ],
      [
        615,
        1212
      ],
      [
        556,
        1218
      ]
    ]
  },
  {
    "transcription": "Dading",
    "points": [
      [
        471,
        963
      ],
      [
        540,
        962
      ],
      [
        540,
        987
      ],
      [
        470,
        988
      ]
    ]
  },
  {
    "transcription": "\u0110\u00c1O-",
    "points": [
      [
        803,
        469
      ],
      [
        953,
        453
      ],
      [
        954,
        502
      ],
      [
        805,
        515
      ]
    ]
  },
  {
    "transcription": "NH\u00c2N",
    "points": [
      [
        524,
        1128
      ],
      [
        602,
        1115
      ],
      [
        607,
        1148
      ],
      [
        528,
        1161
      ]
    ]
  },
  {
    "transcription": "HO\u00c0NG",
    "points": [
      [
        421,
        296
      ],
      [
        924,
        251
      ],
      [
        944,
        412
      ],
      [
        425,
        460
      ]
    ]
  },
  {
    "transcription": "449",
    "points": [
      [
        578,
        1200
      ],
      [
        602,
        1195
      ],
      [
        604,
        1209
      ],
      [
        578,
        1215
      ]
    ]
  },
  {
    "transcription": "-",
    "points": [
      [
        651,
        500
      ],
      [
        670,
        500
      ],
      [
        670,
        514
      ],
      [
        651,
        514
      ]
    ]
  },
  {
    "transcription": "FAX:",
    "points": [
      [
        109,
        1135
      ],
      [
        126,
        1136
      ],
      [
        125,
        1149
      ],
      [
        108,
        1149
      ]
    ]
  },
  {
    "transcription": "VI\u00caN",
    "points": [
      [
        536,
        1167
      ],
      [
        603,
        1156
      ],
      [
        608,
        1191
      ],
      [
        543,
        1201
      ]
    ]
  },
  {
    "transcription": "L\u01af\u1ee2NG",
    "points": [
      [
        468,
        501
      ],
      [
        644,
        488
      ],
      [
        648,
        531
      ],
      [
        470,
        546
      ]
    ]
  },
  {
    "transcription": "0968",
    "points": [
      [
        553,
        1204
      ],
      [
        576,
        1200
      ],
      [
        577,
        1215
      ],
      [
        554,
        1219
      ]
    ]
  },
  {
    "transcription": "CH\u1ea4T",
    "points": [
      [
        331,
        502
      ],
      [
        458,
        491
      ],
      [
        457,
        540
      ],
      [
        330,
        549
      ]
    ]
  },
  {
    "transcription": "077",
    "points": [
      [
        320,
        968
      ],
      [
        351,
        967
      ],
      [
        350,
        989
      ],
      [
        319,
        989
      ]
    ]
  },
  {
    "transcription": "\u1ec2N",
    "points": [
      [
        566,
        1078
      ],
      [
        599,
        1075
      ],
      [
        602,
        1108
      ],
      [
        569,
        1112
      ]
    ]
  },
  {
    "transcription": "49996",
    "points": [
      [
        582,
        1196
      ],
      [
        623,
        1194
      ],
      [
        625,
        1210
      ],
      [
        583,
        1212
      ]
    ]
  }
]