[
  {
    "transcription": "M\u1eeaNG",
    "points": [
      [
        344,
        86
      ],
      [
        460,
        86
      ],
      [
        461,
        114
      ],
      [
        344,
        116
      ]
    ]
  },
  {
    "transcription": "M\u1edaI",
    "points": [
      [
        666,
        81
      ],
      [
        743,
        81
      ],
      [
        744,
        110
      ],
      [
        666,
        111
      ]
    ]
  },
  {
    "transcription": "H\u1eccC",
    "points": [
      [
        574,
        85
      ],
      [
        653,
        85
      ],
      [
        654,
        115
      ],
      [
        574,
        116
      ]
    ]
  },
  {
    "transcription": "N\u0102M",
    "points": [
      [
        473,
        83
      ],
      [
        563,
        83
      ],
      [
        563,
        114
      ],
      [
        473,
        115
      ]
    ]
  },
  {
    "transcription": "CH\u00c0O",
    "points": [
      [
        227,
        87
      ],
      [
        331,
        85
      ],
      [
        331,
        116
      ],
      [
        226,
        118
      ]
    ]
  },
  {
    "transcription": "2019",
    "points": [
      [
        595,
        119
      ],
      [
        692,
        117
      ],
      [
        693,
        143
      ],
      [
        595,
        145
      ]
    ]
  },
  {
    "transcription": "2018",
    "points": [
      [
        484,
        120
      ],
      [
        577,
        120
      ],
      [
        578,
        146
      ],
      [
        484,
        147
      ]
    ]
  },
  {
    "transcription": "U",
    "points": [
      [
        580,
        130
      ],
      [
        594,
        130
      ],
      [
        594,
        137
      ],
      [
        580,
        137
      ]
    ]
  },
  {
    "transcription": "H\u1eccC:",
    "points": [
      [
        383,
        121
      ],
      [
        473,
        121
      ],
      [
        474,
        152
      ],
      [
        383,
        152
      ]
    ]
  },
  {
    "transcription": "N\u0102M",
    "points": [
      [
        279,
        119
      ],
      [
        372,
        119
      ],
      [
        372,
        148
      ],
      [
        279,
        149
      ]
    ]
  }
]