[
  {
    "transcription": "g\u1eady",
    "points": [
      [
        241,
        153
      ],
      [
        293,
        154
      ],
      [
        290,
        187
      ],
      [
        240,
        186
      ]
    ]
  },
  {
    "transcription": "Plus",
    "points": [
      [
        251,
        80
      ],
      [
        310,
        82
      ],
      [
        310,
        111
      ],
      [
        251,
        108
      ]
    ]
  },
  {
    "transcription": "T\u1eb7ng",
    "points": [
      [
        170,
        146
      ],
      [
        237,
        151
      ],
      [
        237,
        184
      ],
      [
        170,
        179
      ]
    ]
  },
  {
    "transcription": "OPPOF1",
    "points": [
      [
        160,
        33
      ],
      [
        278,
        43
      ],
      [
        277,
        72
      ],
      [
        158,
        64
      ]
    ]
  },
  {
    "transcription": "OPPOF1",
    "points": [
      [
        128,
        67
      ],
      [
        248,
        79
      ],
      [
        248,
        107
      ],
      [
        127,
        98
      ]
    ]
  },
  {
    "transcription": "Tr\u1ea3",
    "points": [
      [
        146,
        107
      ],
      [
        193,
        110
      ],
      [
        193,
        141
      ],
      [
        147,
        138
      ]
    ]
  },
  {
    "transcription": "+",
    "points": [
      [
        148,
        150
      ],
      [
        170,
        151
      ],
      [
        169,
        173
      ],
      [
        148,
        172
      ]
    ]
  },
  {
    "transcription": "Selfie",
    "points": [
      [
        181,
        183
      ],
      [
        260,
        188
      ],
      [
        260,
        217
      ],
      [
        180,
        211
      ]
    ]
  },
  {
    "transcription": "+",
    "points": [
      [
        149,
        151
      ],
      [
        169,
        151
      ],
      [
        169,
        171
      ],
      [
        149,
        171
      ]
    ]
  },
  {
    "transcription": "0%",
    "points": [
      [
        249,
        118
      ],
      [
        291,
        118
      ],
      [
        291,
        146
      ],
      [
        249,
        146
      ]
    ]
  },
  {
    "transcription": "Plus",
    "points": [
      [
        251,
        80
      ],
      [
        311,
        80
      ],
      [
        311,
        110
      ],
      [
        251,
        110
      ]
    ]
  },
  {
    "transcription": "g\u00f3p",
    "points": [
      [
        197,
        116
      ],
      [
        247,
        116
      ],
      [
        247,
        146
      ],
      [
        197,
        146
      ]
    ]
  },
  {
    "transcription": "Tr\u1ea3",
    "points": [
      [
        149,
        109
      ],
      [
        191,
        109
      ],
      [
        191,
        137
      ],
      [
        149,
        137
      ]
    ]
  },
  {
    "transcription": "OPPOF1",
    "points": [
      [
        131,
        71
      ],
      [
        249,
        71
      ],
      [
        249,
        105
      ],
      [
        131,
        105
      ]
    ]
  },
  {
    "transcription": "T\u1eb7ng",
    "points": [
      [
        172,
        148
      ],
      [
        236,
        148
      ],
      [
        236,
        182
      ],
      [
        172,
        182
      ]
    ]
  },
  {
    "transcription": "g\u1eady",
    "points": [
      [
        240,
        155
      ],
      [
        294,
        155
      ],
      [
        294,
        185
      ],
      [
        240,
        185
      ]
    ]
  },
  {
    "transcription": "OPPOF1",
    "points": [
      [
        161,
        37
      ],
      [
        277,
        37
      ],
      [
        277,
        71
      ],
      [
        161,
        71
      ]
    ]
  },
  {
    "transcription": "Selfie",
    "points": [
      [
        183,
        185
      ],
      [
        259,
        185
      ],
      [
        259,
        213
      ],
      [
        183,
        213
      ]
    ]
  }
]