[
  {
    "transcription": "H\u1ebaM",
    "points": [
      [
        48,
        14
      ],
      [
        229,
        14
      ],
      [
        229,
        126
      ],
      [
        48,
        126
      ]
    ]
  },
  {
    "transcription": "WAX",
    "points": [
      [
        152,
        150
      ],
      [
        298,
        149
      ],
      [
        299,
        195
      ],
      [
        154,
        198
      ]
    ]
  },
  {
    "transcription": "BARBERSHOP",
    "points": [
      [
        247,
        29
      ],
      [
        843,
        25
      ],
      [
        839,
        115
      ],
      [
        247,
        122
      ]
    ]
  },
  {
    "transcription": "&",
    "points": [
      [
        325,
        154
      ],
      [
        359,
        154
      ],
      [
        363,
        193
      ],
      [
        326,
        194
      ]
    ]
  },
  {
    "transcription": "POMADE",
    "points": [
      [
        389,
        148
      ],
      [
        699,
        145
      ],
      [
        698,
        189
      ],
      [
        392,
        194
      ]
    ]
  },
  {
    "transcription": "POMADE",
    "points": [
      [
        409,
        144
      ],
      [
        697,
        144
      ],
      [
        697,
        192
      ],
      [
        409,
        192
      ]
    ]
  },
  {
    "transcription": "&",
    "points": [
      [
        325,
        155
      ],
      [
        363,
        155
      ],
      [
        363,
        195
      ],
      [
        325,
        195
      ]
    ]
  },
  {
    "transcription": "WAX",
    "points": [
      [
        152,
        152
      ],
      [
        298,
        152
      ],
      [
        298,
        198
      ],
      [
        152,
        198
      ]
    ]
  },
  {
    "transcription": "H\u1ebaM",
    "points": [
      [
        50,
        13
      ],
      [
        228,
        13
      ],
      [
        228,
        129
      ],
      [
        50,
        129
      ]
    ]
  }
]