[
  {
    "transcription": "HI\u1ec6U",
    "points": [
      [
        203,
        133
      ],
      [
        230,
        133
      ],
      [
        230,
        146
      ],
      [
        203,
        146
      ]
    ]
  },
  {
    "transcription": "B\u1ea2O",
    "points": [
      [
        197,
        101
      ],
      [
        222,
        101
      ],
      [
        222,
        114
      ],
      [
        197,
        114
      ]
    ]
  },
  {
    "transcription": "L\u00c0",
    "points": [
      [
        164,
        118
      ],
      [
        178,
        118
      ],
      [
        180,
        130
      ],
      [
        165,
        130
      ]
    ]
  },
  {
    "transcription": "PH\u00d2NG",
    "points": [
      [
        171,
        148
      ],
      [
        212,
        148
      ],
      [
        212,
        161
      ],
      [
        171,
        161
      ]
    ]
  },
  {
    "transcription": "\u0110\u1ec2",
    "points": [
      [
        153,
        146
      ],
      [
        169,
        147
      ],
      [
        169,
        160
      ],
      [
        153,
        160
      ]
    ]
  },
  {
    "transcription": "TR\u00c1NH",
    "points": [
      [
        213,
        149
      ],
      [
        255,
        149
      ],
      [
        255,
        161
      ],
      [
        213,
        161
      ]
    ]
  },
  {
    "transcription": "M\u0168",
    "points": [
      [
        176,
        102
      ],
      [
        195,
        102
      ],
      [
        195,
        114
      ],
      [
        176,
        114
      ]
    ]
  },
  {
    "transcription": "\u0110\u1ed8I",
    "points": [
      [
        156,
        103
      ],
      [
        176,
        103
      ],
      [
        176,
        115
      ],
      [
        156,
        116
      ]
    ]
  },
  {
    "transcription": "BI\u1ec6N",
    "points": [
      [
        181,
        118
      ],
      [
        209,
        118
      ],
      [
        210,
        131
      ],
      [
        181,
        131
      ]
    ]
  },
  {
    "transcription": "H\u1eeeU",
    "points": [
      [
        175,
        133
      ],
      [
        201,
        134
      ],
      [
        202,
        145
      ],
      [
        175,
        145
      ]
    ]
  },
  {
    "transcription": "TH\u01af\u01a0NG",
    "points": [
      [
        196,
        165
      ],
      [
        245,
        165
      ],
      [
        245,
        176
      ],
      [
        196,
        176
      ]
    ]
  },
  {
    "transcription": "PH\u00c1P",
    "points": [
      [
        211,
        118
      ],
      [
        242,
        118
      ],
      [
        242,
        130
      ],
      [
        211,
        130
      ]
    ]
  },
  {
    "transcription": "CH\u1ea4N",
    "points": [
      [
        161,
        164
      ],
      [
        195,
        163
      ],
      [
        195,
        176
      ],
      [
        161,
        176
      ]
    ]
  },
  {
    "transcription": "HI\u1ec2M",
    "points": [
      [
        224,
        101
      ],
      [
        252,
        101
      ],
      [
        252,
        114
      ],
      [
        223,
        114
      ]
    ]
  },
  {
    "transcription": "TECHCOMBANK",
    "points": [
      [
        152,
        236
      ],
      [
        251,
        236
      ],
      [
        252,
        250
      ],
      [
        152,
        250
      ]
    ]
  },
  {
    "transcription": "BANK",
    "points": [
      [
        215,
        237
      ],
      [
        251,
        237
      ],
      [
        251,
        249
      ],
      [
        215,
        249
      ]
    ]
  },
  {
    "transcription": "TECHCOM",
    "points": [
      [
        153,
        235
      ],
      [
        213,
        235
      ],
      [
        213,
        249
      ],
      [
        153,
        249
      ]
    ]
  },
  {
    "transcription": "S\u00d3",
    "points": [
      [
        182,
        181
      ],
      [
        198,
        181
      ],
      [
        198,
        191
      ],
      [
        182,
        191
      ]
    ]
  },
  {
    "transcription": "HI\u1ec2M",
    "points": [
      [
        224,
        101
      ],
      [
        252,
        101
      ],
      [
        252,
        113
      ],
      [
        224,
        113
      ]
    ]
  },
  {
    "transcription": "\u0110\u1ec2",
    "points": [
      [
        154,
        147
      ],
      [
        168,
        147
      ],
      [
        168,
        159
      ],
      [
        154,
        159
      ]
    ]
  },
  {
    "transcription": "B\u1ea2O",
    "points": [
      [
        198,
        102
      ],
      [
        222,
        102
      ],
      [
        222,
        114
      ],
      [
        198,
        114
      ]
    ]
  },
  {
    "transcription": "H\u1eeeU",
    "points": [
      [
        177,
        134
      ],
      [
        201,
        134
      ],
      [
        201,
        144
      ],
      [
        177,
        144
      ]
    ]
  },
  {
    "transcription": "L\u00c0",
    "points": [
      [
        165,
        119
      ],
      [
        179,
        119
      ],
      [
        179,
        129
      ],
      [
        165,
        129
      ]
    ]
  },
  {
    "transcription": "M\u0168",
    "points": [
      [
        178,
        103
      ],
      [
        194,
        103
      ],
      [
        194,
        113
      ],
      [
        178,
        113
      ]
    ]
  },
  {
    "transcription": "BI\u1ec6N",
    "points": [
      [
        182,
        118
      ],
      [
        208,
        118
      ],
      [
        208,
        130
      ],
      [
        182,
        130
      ]
    ]
  },
  {
    "transcription": "PH\u00c1P",
    "points": [
      [
        211,
        119
      ],
      [
        241,
        119
      ],
      [
        241,
        129
      ],
      [
        211,
        129
      ]
    ]
  },
  {
    "transcription": "HI\u1ec6U",
    "points": [
      [
        204,
        134
      ],
      [
        230,
        134
      ],
      [
        230,
        146
      ],
      [
        204,
        146
      ]
    ]
  },
  {
    "transcription": "PH\u00d2NG",
    "points": [
      [
        172,
        150
      ],
      [
        212,
        150
      ],
      [
        212,
        160
      ],
      [
        172,
        160
      ]
    ]
  },
  {
    "transcription": "TH\u01af\u01a0NG",
    "points": [
      [
        197,
        165
      ],
      [
        245,
        165
      ],
      [
        245,
        175
      ],
      [
        197,
        175
      ]
    ]
  },
  {
    "transcription": "CH\u1ea4N",
    "points": [
      [
        162,
        163
      ],
      [
        194,
        163
      ],
      [
        194,
        175
      ],
      [
        162,
        175
      ]
    ]
  },
  {
    "transcription": "TRANH",
    "points": [
      [
        213,
        150
      ],
      [
        253,
        150
      ],
      [
        253,
        160
      ],
      [
        213,
        160
      ]
    ]
  }
]