[
  {
    "transcription": "KI\u1ec6N",
    "points": [
      [
        264,
        104
      ],
      [
        313,
        104
      ],
      [
        313,
        132
      ],
      [
        264,
        132
      ]
    ]
  },
  {
    "transcription": "\u0110I\u1ec6N",
    "points": [
      [
        89,
        96
      ],
      [
        140,
        97
      ],
      [
        139,
        126
      ],
      [
        89,
        124
      ]
    ]
  },
  {
    "transcription": "S\u1eecA",
    "points": [
      [
        325,
        103
      ],
      [
        368,
        103
      ],
      [
        369,
        132
      ],
      [
        325,
        132
      ]
    ]
  },
  {
    "transcription": "PH\u1ee4",
    "points": [
      [
        218,
        104
      ],
      [
        261,
        104
      ],
      [
        261,
        130
      ],
      [
        218,
        130
      ]
    ]
  },
  {
    "transcription": "CH\u1eeeA",
    "points": [
      [
        370,
        107
      ],
      [
        426,
        107
      ],
      [
        426,
        133
      ],
      [
        370,
        133
      ]
    ]
  },
  {
    "transcription": "THO\u1ea0I",
    "points": [
      [
        143,
        101
      ],
      [
        204,
        102
      ],
      [
        204,
        129
      ],
      [
        143,
        128
      ]
    ]
  },
  {
    "transcription": "STORE",
    "points": [
      [
        233,
        26
      ],
      [
        482,
        30
      ],
      [
        483,
        89
      ],
      [
        233,
        87
      ]
    ]
  },
  {
    "transcription": "-",
    "points": [
      [
        206,
        111
      ],
      [
        215,
        111
      ],
      [
        215,
        121
      ],
      [
        206,
        121
      ]
    ]
  },
  {
    "transcription": "-",
    "points": [
      [
        314,
        115
      ],
      [
        323,
        115
      ],
      [
        323,
        126
      ],
      [
        314,
        126
      ]
    ]
  },
  {
    "transcription": "STORE",
    "points": [
      [
        234,
        32
      ],
      [
        480,
        32
      ],
      [
        480,
        90
      ],
      [
        234,
        90
      ]
    ]
  },
  {
    "transcription": "DU\u1ef4",
    "points": [
      [
        36,
        21
      ],
      [
        192,
        21
      ],
      [
        192,
        77
      ],
      [
        36,
        77
      ]
    ]
  },
  {
    "transcription": "CH\u1eeeA",
    "points": [
      [
        371,
        109
      ],
      [
        425,
        109
      ],
      [
        425,
        133
      ],
      [
        371,
        133
      ]
    ]
  },
  {
    "transcription": "PHU",
    "points": [
      [
        220,
        106
      ],
      [
        260,
        106
      ],
      [
        260,
        128
      ],
      [
        220,
        128
      ]
    ]
  },
  {
    "transcription": "S\u1eecA",
    "points": [
      [
        327,
        105
      ],
      [
        365,
        105
      ],
      [
        365,
        131
      ],
      [
        327,
        131
      ]
    ]
  },
  {
    "transcription": "THO\u1ea0I",
    "points": [
      [
        143,
        102
      ],
      [
        203,
        102
      ],
      [
        203,
        128
      ],
      [
        143,
        128
      ]
    ]
  },
  {
    "transcription": "\u0110I\u1ec6N",
    "points": [
      [
        89,
        99
      ],
      [
        139,
        99
      ],
      [
        139,
        125
      ],
      [
        89,
        125
      ]
    ]
  },
  {
    "transcription": "KI\u1ec6N",
    "points": [
      [
        265,
        105
      ],
      [
        311,
        105
      ],
      [
        311,
        131
      ],
      [
        265,
        131
      ]
    ]
  }
]