[
  {
    "transcription": "-",
    "points": [
      [
        197,
        35
      ],
      [
        212,
        35
      ],
      [
        212,
        49
      ],
      [
        197,
        49
      ]
    ]
  },
  {
    "transcription": "-",
    "points": [
      [
        194,
        32
      ],
      [
        213,
        32
      ],
      [
        213,
        60
      ],
      [
        195,
        60
      ]
    ]
  },
  {
    "transcription": "R\u1eecA",
    "points": [
      [
        38,
        0
      ],
      [
        123,
        4
      ],
      [
        124,
        56
      ],
      [
        37,
        52
      ]
    ]
  },
  {
    "transcription": "-",
    "points": [
      [
        270,
        99
      ],
      [
        300,
        99
      ],
      [
        302,
        119
      ],
      [
        271,
        119
      ]
    ]
  },
  {
    "transcription": "T\u00d4T\u00d4",
    "points": [
      [
        49,
        54
      ],
      [
        233,
        70
      ],
      [
        238,
        127
      ],
      [
        45,
        110
      ]
    ]
  },
  {
    "transcription": "B\u01a0M",
    "points": [
      [
        219,
        19
      ],
      [
        307,
        26
      ],
      [
        312,
        68
      ],
      [
        222,
        62
      ]
    ]
  },
  {
    "transcription": "\u00d4T\u00d4",
    "points": [
      [
        134,
        66
      ],
      [
        259,
        73
      ],
      [
        266,
        128
      ],
      [
        135,
        121
      ]
    ]
  },
  {
    "transcription": "XE",
    "points": [
      [
        131,
        12
      ],
      [
        184,
        14
      ],
      [
        186,
        59
      ],
      [
        132,
        59
      ]
    ]
  }
]