[
  {
    "transcription": "B\u1ea2N",
    "points": [
      [
        181,
        149
      ],
      [
        227,
        150
      ],
      [
        227,
        175
      ],
      [
        180,
        175
      ]
    ]
  },
  {
    "transcription": "CHUNG",
    "points": [
      [
        1,
        143
      ],
      [
        84,
        148
      ],
      [
        84,
        169
      ],
      [
        1,
        166
      ]
    ]
  },
  {
    "transcription": "\u0110\u00d4N",
    "points": [
      [
        230,
        151
      ],
      [
        280,
        151
      ],
      [
        280,
        178
      ],
      [
        230,
        178
      ]
    ]
  },
  {
    "transcription": "MINI",
    "points": [
      [
        124,
        148
      ],
      [
        177,
        149
      ],
      [
        177,
        174
      ],
      [
        124,
        173
      ]
    ]
  },
  {
    "transcription": "N\u1ed8I",
    "points": [
      [
        18,
        107
      ],
      [
        75,
        108
      ],
      [
        75,
        142
      ],
      [
        18,
        141
      ]
    ]
  },
  {
    "transcription": "QUY",
    "points": [
      [
        81,
        114
      ],
      [
        148,
        114
      ],
      [
        148,
        142
      ],
      [
        82,
        143
      ]
    ]
  },
  {
    "transcription": "C\u01af",
    "points": [
      [
        86,
        148
      ],
      [
        122,
        148
      ],
      [
        122,
        172
      ],
      [
        86,
        172
      ]
    ]
  },
  {
    "transcription": "C\u01af",
    "points": [
      [
        86,
        149
      ],
      [
        122,
        149
      ],
      [
        122,
        169
      ],
      [
        86,
        169
      ]
    ]
  },
  {
    "transcription": "CHUNG",
    "points": [
      [
        4,
        144
      ],
      [
        82,
        144
      ],
      [
        82,
        168
      ],
      [
        4,
        168
      ]
    ]
  },
  {
    "transcription": "MINI",
    "points": [
      [
        124,
        151
      ],
      [
        176,
        151
      ],
      [
        176,
        173
      ],
      [
        124,
        173
      ]
    ]
  },
  {
    "transcription": "N\u1ed8I",
    "points": [
      [
        19,
        108
      ],
      [
        75,
        108
      ],
      [
        75,
        140
      ],
      [
        19,
        140
      ]
    ]
  },
  {
    "transcription": "B\u1ea2N",
    "points": [
      [
        180,
        149
      ],
      [
        226,
        149
      ],
      [
        226,
        175
      ],
      [
        180,
        175
      ]
    ]
  },
  {
    "transcription": "\u0110\u00d4N",
    "points": [
      [
        230,
        152
      ],
      [
        278,
        152
      ],
      [
        278,
        176
      ],
      [
        230,
        176
      ]
    ]
  },
  {
    "transcription": "QUY",
    "points": [
      [
        82,
        114
      ],
      [
        146,
        114
      ],
      [
        146,
        142
      ],
      [
        82,
        142
      ]
    ]
  }
]