[
  {
    "transcription": "98",
    "points": [
      [
        136,
        26
      ],
      [
        231,
        25
      ],
      [
        232,
        123
      ],
      [
        137,
        123
      ]
    ]
  },
  {
    "transcription": "K1",
    "points": [
      [
        284,
        23
      ],
      [
        375,
        23
      ],
      [
        377,
        123
      ],
      [
        283,
        123
      ]
    ]
  },
  {
    "transcription": "028.97",
    "points": [
      [
        111,
        133
      ],
      [
        407,
        124
      ],
      [
        404,
        231
      ],
      [
        106,
        234
      ]
    ]
  }
]