[
  {
    "transcription": "B\u00c1N",
    "points": [
      [
        399,
        3
      ],
      [
        521,
        3
      ],
      [
        516,
        70
      ],
      [
        392,
        70
      ]
    ]
  },
  {
    "transcription": "B\u00c1N",
    "points": [
      [
        737,
        3
      ],
      [
        859,
        4
      ],
      [
        855,
        71
      ],
      [
        731,
        70
      ]
    ]
  },
  {
    "transcription": "\u0110\u1ec0U",
    "points": [
      [
        841,
        116
      ],
      [
        950,
        118
      ],
      [
        941,
        206
      ],
      [
        831,
        205
      ]
    ]
  },
  {
    "transcription": "CH\u00daNG",
    "points": [
      [
        525,
        121
      ],
      [
        710,
        121
      ],
      [
        708,
        203
      ],
      [
        522,
        203
      ]
    ]
  },
  {
    "transcription": "B\u01a0I",
    "points": [
      [
        418,
        131
      ],
      [
        511,
        132
      ],
      [
        502,
        202
      ],
      [
        410,
        202
      ]
    ]
  },
  {
    "transcription": "T\u00d4I",
    "points": [
      [
        728,
        130
      ],
      [
        819,
        130
      ],
      [
        817,
        203
      ],
      [
        728,
        203
      ]
    ]
  },
  {
    "transcription": "\u0110ANG",
    "points": [
      [
        252,
        134
      ],
      [
        399,
        134
      ],
      [
        396,
        202
      ],
      [
        245,
        202
      ]
    ]
  },
  {
    "transcription": "CON",
    "points": [
      [
        51,
        140
      ],
      [
        167,
        140
      ],
      [
        164,
        204
      ],
      [
        50,
        203
      ]
    ]
  },
  {
    "transcription": "BU\u00d4N",
    "points": [
      [
        531,
        0
      ],
      [
        692,
        0
      ],
      [
        689,
        72
      ],
      [
        529,
        71
      ]
    ]
  },
  {
    "transcription": "C\u00d3",
    "points": [
      [
        963,
        128
      ],
      [
        1040,
        128
      ],
      [
        1040,
        207
      ],
      [
        962,
        207
      ]
    ]
  },
  {
    "transcription": "CHUY\u00caN",
    "points": [
      [
        158,
        6
      ],
      [
        386,
        4
      ],
      [
        386,
        70
      ],
      [
        156,
        74
      ]
    ]
  },
  {
    "transcription": "-",
    "points": [
      [
        699,
        30
      ],
      [
        724,
        30
      ],
      [
        723,
        52
      ],
      [
        699,
        53
      ]
    ]
  },
  {
    "transcription": "G\u00cc",
    "points": [
      [
        175,
        128
      ],
      [
        239,
        128
      ],
      [
        235,
        204
      ],
      [
        172,
        204
      ]
    ]
  },
  {
    "transcription": "L\u1eba",
    "points": [
      [
        868,
        3
      ],
      [
        940,
        3
      ],
      [
        939,
        74
      ],
      [
        867,
        75
      ]
    ]
  },
  {
    "transcription": "\"CON",
    "points": [
      [
        33,
        137
      ],
      [
        169,
        137
      ],
      [
        169,
        199
      ],
      [
        33,
        199
      ]
    ]
  },
  {
    "transcription": "C\u00d3",
    "points": [
      [
        964,
        124
      ],
      [
        1054,
        124
      ],
      [
        1054,
        204
      ],
      [
        964,
        204
      ]
    ]
  },
  {
    "transcription": "L\u1eba",
    "points": [
      [
        866,
        2
      ],
      [
        938,
        2
      ],
      [
        938,
        72
      ],
      [
        866,
        72
      ]
    ]
  },
  {
    "transcription": "G\u00cc",
    "points": [
      [
        174,
        127
      ],
      [
        240,
        127
      ],
      [
        240,
        201
      ],
      [
        174,
        201
      ]
    ]
  },
  {
    "transcription": "B\u00c1N",
    "points": [
      [
        733,
        2
      ],
      [
        859,
        2
      ],
      [
        859,
        72
      ],
      [
        733,
        72
      ]
    ]
  },
  {
    "transcription": "BU\u00d4N",
    "points": [
      [
        530,
        0
      ],
      [
        696,
        0
      ],
      [
        696,
        70
      ],
      [
        530,
        70
      ]
    ]
  },
  {
    "transcription": "CHUY\u00caN",
    "points": [
      [
        156,
        2
      ],
      [
        388,
        2
      ],
      [
        388,
        70
      ],
      [
        156,
        70
      ]
    ]
  },
  {
    "transcription": "B\u00c1N",
    "points": [
      [
        392,
        2
      ],
      [
        520,
        2
      ],
      [
        520,
        68
      ],
      [
        392,
        68
      ]
    ]
  },
  {
    "transcription": "\u0110ANG",
    "points": [
      [
        245,
        136
      ],
      [
        399,
        136
      ],
      [
        399,
        200
      ],
      [
        245,
        200
      ]
    ]
  },
  {
    "transcription": "B\u01a0I",
    "points": [
      [
        409,
        129
      ],
      [
        509,
        129
      ],
      [
        509,
        201
      ],
      [
        409,
        201
      ]
    ]
  },
  {
    "transcription": "T\u00d4I",
    "points": [
      [
        728,
        126
      ],
      [
        818,
        126
      ],
      [
        818,
        204
      ],
      [
        728,
        204
      ]
    ]
  },
  {
    "transcription": "CH\u00daNG",
    "points": [
      [
        523,
        119
      ],
      [
        709,
        119
      ],
      [
        709,
        203
      ],
      [
        523,
        203
      ]
    ]
  },
  {
    "transcription": "\u0110\u1ec0U",
    "points": [
      [
        831,
        113
      ],
      [
        949,
        113
      ],
      [
        949,
        205
      ],
      [
        831,
        205
      ]
    ]
  }
]