[
  {
    "transcription": "SPA",
    "points": [
      [
        236,
        116
      ],
      [
        287,
        117
      ],
      [
        288,
        149
      ],
      [
        236,
        149
      ]
    ]
  },
  {
    "transcription": "TRANG",
    "points": [
      [
        58,
        117
      ],
      [
        140,
        117
      ],
      [
        140,
        149
      ],
      [
        58,
        149
      ]
    ]
  },
  {
    "transcription": "HO\u00c0NG",
    "points": [
      [
        146,
        115
      ],
      [
        233,
        116
      ],
      [
        233,
        149
      ],
      [
        145,
        148
      ]
    ]
  },
  {
    "transcription": "ming",
    "points": [
      [
        20,
        4
      ],
      [
        194,
        13
      ],
      [
        189,
        118
      ],
      [
        3,
        119
      ]
    ]
  }
]