[
  {
    "transcription": "TI\u1ec2U",
    "points": [
      [
        97,
        0
      ],
      [
        146,
        0
      ],
      [
        147,
        34
      ],
      [
        97,
        34
      ]
    ]
  },
  {
    "transcription": "\u0110\u00d4",
    "points": [
      [
        273,
        4
      ],
      [
        306,
        4
      ],
      [
        306,
        33
      ],
      [
        273,
        33
      ]
    ]
  },
  {
    "transcription": "TR\u01af\u1edcNG",
    "points": [
      [
        0,
        2
      ],
      [
        93,
        2
      ],
      [
        94,
        34
      ],
      [
        0,
        34
      ]
    ]
  },
  {
    "transcription": "NGH\u0128A",
    "points": [
      [
        200,
        3
      ],
      [
        269,
        3
      ],
      [
        269,
        34
      ],
      [
        201,
        34
      ]
    ]
  },
  {
    "transcription": "H\u1eccC",
    "points": [
      [
        152,
        5
      ],
      [
        196,
        6
      ],
      [
        196,
        35
      ],
      [
        151,
        35
      ]
    ]
  }
]