[
  {
    "transcription": "TH\u1ea6Y",
    "points": [
      [
        352,
        281
      ],
      [
        442,
        281
      ],
      [
        439,
        355
      ],
      [
        353,
        355
      ]
    ]
  },
  {
    "transcription": "K\u00cdNH",
    "points": [
      [
        259,
        290
      ],
      [
        345,
        289
      ],
      [
        346,
        353
      ],
      [
        259,
        354
      ]
    ]
  },
  {
    "transcription": "M\u1ebeN",
    "points": [
      [
        471,
        281
      ],
      [
        553,
        279
      ],
      [
        553,
        351
      ],
      [
        472,
        352
      ]
    ]
  },
  {
    "transcription": "B\u1ea0N",
    "points": [
      [
        560,
        298
      ],
      [
        634,
        294
      ],
      [
        635,
        361
      ],
      [
        560,
        364
      ]
    ]
  },
  {
    "transcription": "LIKE",
    "points": [
      [
        513,
        386
      ],
      [
        573,
        385
      ],
      [
        574,
        424
      ],
      [
        513,
        425
      ]
    ]
  },
  {
    "transcription": "TEACHER",
    "points": [
      [
        261,
        388
      ],
      [
        384,
        387
      ],
      [
        385,
        427
      ],
      [
        261,
        429
      ]
    ]
  },
  {
    "transcription": "GLASSES",
    "points": [
      [
        386,
        388
      ],
      [
        508,
        386
      ],
      [
        509,
        425
      ],
      [
        387,
        427
      ]
    ]
  },
  {
    "transcription": "YOU",
    "points": [
      [
        577,
        384
      ],
      [
        634,
        384
      ],
      [
        633,
        424
      ],
      [
        579,
        423
      ]
    ]
  },
  {
    "transcription": "YOU",
    "points": [
      [
        576,
        382
      ],
      [
        636,
        382
      ],
      [
        636,
        430
      ],
      [
        576,
        430
      ]
    ]
  },
  {
    "transcription": "LIKE",
    "points": [
      [
        512,
        382
      ],
      [
        574,
        382
      ],
      [
        574,
        430
      ],
      [
        512,
        430
      ]
    ]
  },
  {
    "transcription": "GLASSES",
    "points": [
      [
        386,
        383
      ],
      [
        510,
        383
      ],
      [
        510,
        435
      ],
      [
        386,
        435
      ]
    ]
  },
  {
    "transcription": "TEACHER",
    "points": [
      [
        259,
        386
      ],
      [
        385,
        386
      ],
      [
        385,
        436
      ],
      [
        259,
        436
      ]
    ]
  },
  {
    "transcription": "K\u00cdNH",
    "points": [
      [
        255,
        284
      ],
      [
        347,
        284
      ],
      [
        347,
        360
      ],
      [
        255,
        360
      ]
    ]
  },
  {
    "transcription": "B\u1ea0N",
    "points": [
      [
        559,
        291
      ],
      [
        639,
        291
      ],
      [
        639,
        363
      ],
      [
        559,
        363
      ]
    ]
  },
  {
    "transcription": "TH\u1ea6Y",
    "points": [
      [
        351,
        277
      ],
      [
        447,
        277
      ],
      [
        447,
        359
      ],
      [
        351,
        359
      ]
    ]
  },
  {
    "transcription": "M\u1ebeN",
    "points": [
      [
        467,
        277
      ],
      [
        555,
        277
      ],
      [
        555,
        357
      ],
      [
        467,
        357
      ]
    ]
  }
]