[
  {
    "transcription": "BARBER",
    "points": [
      [
        135,
        2
      ],
      [
        397,
        8
      ],
      [
        398,
        133
      ],
      [
        133,
        126
      ]
    ]
  },
  {
    "transcription": "VI\u00caN",
    "points": [
      [
        451,
        213
      ],
      [
        545,
        215
      ],
      [
        546,
        283
      ],
      [
        452,
        282
      ]
    ]
  },
  {
    "transcription": "\u0110\u00c0O",
    "points": [
      [
        195,
        208
      ],
      [
        272,
        210
      ],
      [
        272,
        278
      ],
      [
        195,
        278
      ]
    ]
  },
  {
    "transcription": "H\u1eccC",
    "points": [
      [
        363,
        216
      ],
      [
        445,
        217
      ],
      [
        445,
        286
      ],
      [
        363,
        286
      ]
    ]
  },
  {
    "transcription": "NH\u1eacN",
    "points": [
      [
        76,
        202
      ],
      [
        185,
        204
      ],
      [
        185,
        281
      ],
      [
        76,
        281
      ]
    ]
  },
  {
    "transcription": "T\u1ea0O",
    "points": [
      [
        281,
        215
      ],
      [
        356,
        217
      ],
      [
        356,
        284
      ],
      [
        281,
        284
      ]
    ]
  },
  {
    "transcription": "SHOP",
    "points": [
      [
        412,
        5
      ],
      [
        593,
        11
      ],
      [
        592,
        139
      ],
      [
        413,
        132
      ]
    ]
  },
  {
    "transcription": "FK",
    "points": [
      [
        30,
        0
      ],
      [
        121,
        0
      ],
      [
        121,
        119
      ],
      [
        29,
        119
      ]
    ]
  }
]