[
  {
    "transcription": "NSX:",
    "points": [
      [
        182,
        381
      ],
      [
        283,
        393
      ],
      [
        281,
        440
      ],
      [
        180,
        426
      ]
    ]
  },
  {
    "transcription": "01429",
    "points": [
      [
        649,
        378
      ],
      [
        833,
        393
      ],
      [
        827,
        455
      ],
      [
        647,
        441
      ]
    ]
  },
  {
    "transcription": "HSD",
    "points": [
      [
        187,
        332
      ],
      [
        276,
        340
      ],
      [
        273,
        391
      ],
      [
        184,
        380
      ]
    ]
  },
  {
    "transcription": "A10",
    "points": [
      [
        514,
        362
      ],
      [
        613,
        373
      ],
      [
        606,
        427
      ],
      [
        501,
        414
      ]
    ]
  },
  {
    "transcription": "03:42",
    "points": [
      [
        504,
        421
      ],
      [
        653,
        434
      ],
      [
        650,
        489
      ],
      [
        500,
        474
      ]
    ]
  },
  {
    "transcription": "140422",
    "points": [
      [
        305,
        342
      ],
      [
        493,
        364
      ],
      [
        491,
        417
      ],
      [
        301,
        395
      ]
    ]
  },
  {
    "transcription": "1410.21",
    "points": [
      [
        299,
        390
      ],
      [
        475,
        416
      ],
      [
        472,
        462
      ],
      [
        295,
        436
      ]
    ]
  },
  {
    "transcription": "1410.21",
    "points": [
      [
        289,
        394
      ],
      [
        471,
        394
      ],
      [
        471,
        460
      ],
      [
        289,
        460
      ]
    ]
  },
  {
    "transcription": "HSD",
    "points": [
      [
        187,
        334
      ],
      [
        273,
        334
      ],
      [
        273,
        386
      ],
      [
        187,
        386
      ]
    ]
  },
  {
    "transcription": "14.0422",
    "points": [
      [
        298,
        348
      ],
      [
        496,
        348
      ],
      [
        496,
        414
      ],
      [
        298,
        414
      ]
    ]
  },
  {
    "transcription": "01429",
    "points": [
      [
        645,
        382
      ],
      [
        833,
        382
      ],
      [
        833,
        454
      ],
      [
        645,
        454
      ]
    ]
  },
  {
    "transcription": "A10",
    "points": [
      [
        501,
        369
      ],
      [
        611,
        369
      ],
      [
        611,
        421
      ],
      [
        501,
        421
      ]
    ]
  },
  {
    "transcription": "NSX",
    "points": [
      [
        181,
        382
      ],
      [
        269,
        382
      ],
      [
        269,
        438
      ],
      [
        181,
        438
      ]
    ]
  },
  {
    "transcription": "03:42",
    "points": [
      [
        503,
        422
      ],
      [
        651,
        422
      ],
      [
        651,
        488
      ],
      [
        503,
        488
      ]
    ]
  }
]