[
  {
    "transcription": "Hair",
    "points": [
      [
        12,
        78
      ],
      [
        180,
        102
      ],
      [
        177,
        151
      ],
      [
        8,
        131
      ]
    ]
  },
  {
    "transcription": "Salon",
    "points": [
      [
        197,
        105
      ],
      [
        393,
        135
      ],
      [
        393,
        181
      ],
      [
        195,
        160
      ]
    ]
  },
  {
    "transcription": "Salon",
    "points": [
      [
        199,
        109
      ],
      [
        393,
        109
      ],
      [
        393,
        179
      ],
      [
        199,
        179
      ]
    ]
  },
  {
    "transcription": "Hair",
    "points": [
      [
        8,
        76
      ],
      [
        182,
        76
      ],
      [
        182,
        150
      ],
      [
        8,
        150
      ]
    ]
  }
]