[
  {
    "transcription": "009",
    "points": [
      [
        291,
        20
      ],
      [
        370,
        20
      ],
      [
        370,
        40
      ],
      [
        290,
        40
      ]
    ]
  },
  {
    "transcription": "PH\u1ea6N",
    "points": [
      [
        114,
        3
      ],
      [
        173,
        1
      ],
      [
        173,
        23
      ],
      [
        114,
        25
      ]
    ]
  },
  {
    "transcription": "S\u1ed0",
    "points": [
      [
        74,
        28
      ],
      [
        107,
        27
      ],
      [
        107,
        48
      ],
      [
        74,
        49
      ]
    ]
  },
  {
    "transcription": "TH\u1eca",
    "points": [
      [
        75,
        8
      ],
      [
        110,
        7
      ],
      [
        110,
        27
      ],
      [
        75,
        27
      ]
    ]
  },
  {
    "transcription": "NAM",
    "points": [
      [
        179,
        24
      ],
      [
        232,
        24
      ],
      [
        232,
        44
      ],
      [
        179,
        45
      ]
    ]
  },
  {
    "transcription": "VI\u1ec6T",
    "points": [
      [
        127,
        26
      ],
      [
        175,
        25
      ],
      [
        175,
        49
      ],
      [
        127,
        49
      ]
    ]
  },
  {
    "transcription": "1",
    "points": [
      [
        110,
        30
      ],
      [
        121,
        30
      ],
      [
        121,
        48
      ],
      [
        110,
        48
      ]
    ]
  }
]