[
  {
    "transcription": "PLATIC",
    "points": [
      [
        211,
        13
      ],
      [
        299,
        11
      ],
      [
        299,
        45
      ],
      [
        211,
        49
      ]
    ]
  },
  {
    "transcription": "-",
    "points": [
      [
        302,
        22
      ],
      [
        316,
        22
      ],
      [
        316,
        35
      ],
      [
        302,
        35
      ]
    ]
  },
  {
    "transcription": "\u00c9P:",
    "points": [
      [
        158,
        11
      ],
      [
        206,
        10
      ],
      [
        206,
        53
      ],
      [
        158,
        53
      ]
    ]
  },
  {
    "transcription": "Gmail:",
    "points": [
      [
        140,
        139
      ],
      [
        191,
        135
      ],
      [
        192,
        159
      ],
      [
        140,
        164
      ]
    ]
  },
  {
    "transcription": "MAI",
    "points": [
      [
        279,
        105
      ],
      [
        310,
        103
      ],
      [
        311,
        124
      ],
      [
        279,
        126
      ]
    ]
  },
  {
    "transcription": "4",
    "points": [
      [
        228,
        110
      ],
      [
        240,
        111
      ],
      [
        240,
        130
      ],
      [
        227,
        130
      ]
    ]
  },
  {
    "transcription": "com",
    "points": [
      [
        347,
        122
      ],
      [
        377,
        120
      ],
      [
        377,
        140
      ],
      [
        347,
        141
      ]
    ]
  },
  {
    "transcription": "XO\u1eaeN",
    "points": [
      [
        297,
        48
      ],
      [
        367,
        44
      ],
      [
        366,
        87
      ],
      [
        296,
        90
      ]
    ]
  },
  {
    "transcription": "mail",
    "points": [
      [
        315,
        125
      ],
      [
        345,
        121
      ],
      [
        345,
        142
      ],
      [
        315,
        146
      ]
    ]
  },
  {
    "transcription": "D\u1ebaO",
    "points": [
      [
        320,
        1
      ],
      [
        370,
        1
      ],
      [
        370,
        42
      ],
      [
        319,
        44
      ]
    ]
  },
  {
    "transcription": "S\u1ed0",
    "points": [
      [
        202,
        108
      ],
      [
        227,
        107
      ],
      [
        227,
        132
      ],
      [
        201,
        133
      ]
    ]
  },
  {
    "transcription": "sonlanghandoeumallcom",
    "points": [
      [
        190,
        135
      ],
      [
        376,
        121
      ],
      [
        378,
        149
      ],
      [
        192,
        159
      ]
    ]
  },
  {
    "transcription": "\u0110\u1ed8NG",
    "points": [
      [
        312,
        101
      ],
      [
        355,
        98
      ],
      [
        356,
        121
      ],
      [
        312,
        124
      ]
    ]
  },
  {
    "transcription": "G\u00c1Y",
    "points": [
      [
        240,
        55
      ],
      [
        293,
        52
      ],
      [
        292,
        93
      ],
      [
        240,
        95
      ]
    ]
  },
  {
    "transcription": "PH\u1ed0",
    "points": [
      [
        243,
        105
      ],
      [
        277,
        102
      ],
      [
        276,
        127
      ],
      [
        243,
        129
      ]
    ]
  },
  {
    "transcription": "\u0110\u00d3NG",
    "points": [
      [
        157,
        61
      ],
      [
        235,
        57
      ],
      [
        235,
        97
      ],
      [
        157,
        102
      ]
    ]
  },
  {
    "transcription": "\u0110C:",
    "points": [
      [
        168,
        115
      ],
      [
        199,
        113
      ],
      [
        199,
        135
      ],
      [
        168,
        137
      ]
    ]
  }
]