[
  {
    "transcription": "CHI\u1ebeN",
    "points": [
      [
        156,
        129
      ],
      [
        237,
        127
      ],
      [
        237,
        170
      ],
      [
        157,
        171
      ]
    ]
  },
  {
    "transcription": "07",
    "points": [
      [
        177,
        223
      ],
      [
        214,
        223
      ],
      [
        214,
        260
      ],
      [
        177,
        260
      ]
    ]
  },
  {
    "transcription": "PH\u1ee6",
    "points": [
      [
        282,
        173
      ],
      [
        334,
        173
      ],
      [
        335,
        214
      ],
      [
        282,
        214
      ]
    ]
  },
  {
    "transcription": "1975",
    "points": [
      [
        250,
        221
      ],
      [
        310,
        221
      ],
      [
        310,
        256
      ],
      [
        250,
        257
      ]
    ]
  },
  {
    "transcription": "07/5",
    "points": [
      [
        181,
        224
      ],
      [
        245,
        222
      ],
      [
        246,
        258
      ],
      [
        181,
        260
      ]
    ]
  },
  {
    "transcription": "/",
    "points": [
      [
        242,
        224
      ],
      [
        253,
        224
      ],
      [
        251,
        258
      ],
      [
        240,
        257
      ]
    ]
  },
  {
    "transcription": "07/5",
    "points": [
      [
        181,
        268
      ],
      [
        244,
        266
      ],
      [
        245,
        304
      ],
      [
        181,
        306
      ]
    ]
  },
  {
    "transcription": "N\u0102M",
    "points": [
      [
        232,
        45
      ],
      [
        289,
        44
      ],
      [
        290,
        85
      ],
      [
        232,
        85
      ]
    ]
  },
  {
    "transcription": "42",
    "points": [
      [
        191,
        46
      ],
      [
        226,
        47
      ],
      [
        227,
        84
      ],
      [
        190,
        84
      ]
    ]
  },
  {
    "transcription": "2017",
    "points": [
      [
        254,
        265
      ],
      [
        314,
        263
      ],
      [
        314,
        300
      ],
      [
        254,
        302
      ]
    ]
  },
  {
    "transcription": "NI\u1ec6M",
    "points": [
      [
        228,
        1
      ],
      [
        290,
        1
      ],
      [
        291,
        45
      ],
      [
        228,
        45
      ]
    ]
  },
  {
    "transcription": "07/5/2017",
    "points": [
      [
        177,
        269
      ],
      [
        313,
        265
      ],
      [
        314,
        301
      ],
      [
        178,
        304
      ]
    ]
  },
  {
    "transcription": "TH\u1eaeNG",
    "points": [
      [
        242,
        128
      ],
      [
        324,
        127
      ],
      [
        325,
        170
      ],
      [
        242,
        170
      ]
    ]
  },
  {
    "transcription": "K\u1ef6",
    "points": [
      [
        185,
        0
      ],
      [
        223,
        0
      ],
      [
        223,
        41
      ],
      [
        185,
        41
      ]
    ]
  },
  {
    "transcription": "NG\u00c0Y",
    "points": [
      [
        205,
        89
      ],
      [
        277,
        89
      ],
      [
        277,
        126
      ],
      [
        205,
        126
      ]
    ]
  },
  {
    "transcription": "07",
    "points": [
      [
        177,
        267
      ],
      [
        215,
        267
      ],
      [
        215,
        305
      ],
      [
        177,
        307
      ]
    ]
  },
  {
    "transcription": "BI\u00caN",
    "points": [
      [
        219,
        175
      ],
      [
        276,
        174
      ],
      [
        277,
        214
      ],
      [
        219,
        215
      ]
    ]
  },
  {
    "transcription": "\u0110I\u1ec6N",
    "points": [
      [
        152,
        176
      ],
      [
        213,
        175
      ],
      [
        214,
        219
      ],
      [
        152,
        219
      ]
    ]
  }
]