[
  {
    "transcription": "M\u00d4",
    "points": [
      [
        306,
        27
      ],
      [
        341,
        27
      ],
      [
        343,
        71
      ],
      [
        308,
        71
      ]
    ]
  },
  {
    "transcription": "HI\u1ec2M",
    "points": [
      [
        177,
        8
      ],
      [
        236,
        9
      ],
      [
        238,
        62
      ],
      [
        178,
        60
      ]
    ]
  },
  {
    "transcription": "T\u00d4",
    "points": [
      [
        343,
        30
      ],
      [
        367,
        29
      ],
      [
        369,
        72
      ],
      [
        345,
        73
      ]
    ]
  },
  {
    "transcription": "KHI",
    "points": [
      [
        240,
        23
      ],
      [
        279,
        25
      ],
      [
        280,
        66
      ],
      [
        240,
        66
      ]
    ]
  },
  {
    "transcription": "M\u0168",
    "points": [
      [
        79,
        4
      ],
      [
        121,
        5
      ],
      [
        121,
        54
      ],
      [
        78,
        53
      ]
    ]
  },
  {
    "transcription": "\u0110I",
    "points": [
      [
        281,
        27
      ],
      [
        306,
        27
      ],
      [
        306,
        67
      ],
      [
        282,
        67
      ]
    ]
  },
  {
    "transcription": "\u0110\u1ed8I",
    "points": [
      [
        26,
        0
      ],
      [
        73,
        1
      ],
      [
        74,
        55
      ],
      [
        26,
        54
      ]
    ]
  },
  {
    "transcription": "B\u1ea2O",
    "points": [
      [
        125,
        4
      ],
      [
        173,
        5
      ],
      [
        175,
        56
      ],
      [
        125,
        55
      ]
    ]
  }
]