[
  {
    "transcription": "N\u0103m",
    "points": [
      [
        38,
        30
      ],
      [
        165,
        31
      ],
      [
        166,
        86
      ],
      [
        38,
        86
      ]
    ]
  },
  {
    "transcription": "2021",
    "points": [
      [
        176,
        21
      ],
      [
        341,
        21
      ],
      [
        341,
        87
      ],
      [
        177,
        87
      ]
    ]
  },
  {
    "transcription": "N\u0103m",
    "points": [
      [
        37,
        33
      ],
      [
        165,
        33
      ],
      [
        165,
        83
      ],
      [
        37,
        83
      ]
    ]
  },
  {
    "transcription": "2021",
    "points": [
      [
        179,
        25
      ],
      [
        339,
        25
      ],
      [
        339,
        85
      ],
      [
        179,
        85
      ]
    ]
  }
]