[
  {
    "transcription": "l\u00fd",
    "points": [
      [
        128,
        455
      ],
      [
        177,
        457
      ],
      [
        173,
        509
      ],
      [
        125,
        505
      ]
    ]
  },
  {
    "transcription": "T\u00e2m",
    "points": [
      [
        74,
        416
      ],
      [
        177,
        417
      ],
      [
        177,
        454
      ],
      [
        74,
        456
      ]
    ]
  },
  {
    "transcription": "ph\u1ea1m",
    "points": [
      [
        30,
        600
      ],
      [
        168,
        600
      ],
      [
        168,
        647
      ],
      [
        27,
        650
      ]
    ]
  },
  {
    "transcription": "t\u1ed9i",
    "points": [
      [
        102,
        546
      ],
      [
        170,
        546
      ],
      [
        170,
        598
      ],
      [
        101,
        598
      ]
    ]
  },
  {
    "transcription": "h\u1ecdc",
    "points": [
      [
        79,
        501
      ],
      [
        171,
        504
      ],
      [
        170,
        548
      ],
      [
        79,
        549
      ]
    ]
  }
]