[
  {
    "transcription": "333.33",
    "points": [
      [
        169,
        327
      ],
      [
        508,
        345
      ],
      [
        509,
        467
      ],
      [
        164,
        446
      ]
    ]
  },
  {
    "transcription": "99A",
    "points": [
      [
        78,
        73
      ],
      [
        248,
        76
      ],
      [
        251,
        181
      ],
      [
        77,
        180
      ]
    ]
  },
  {
    "transcription": "-",
    "points": [
      [
        252,
        92
      ],
      [
        280,
        91
      ],
      [
        282,
        181
      ],
      [
        254,
        182
      ]
    ]
  },
  {
    "transcription": "333.33",
    "points": [
      [
        281,
        75
      ],
      [
        606,
        71
      ],
      [
        609,
        170
      ],
      [
        279,
        172
      ]
    ]
  },
  {
    "transcription": "99A",
    "points": [
      [
        237,
        216
      ],
      [
        425,
        222
      ],
      [
        431,
        337
      ],
      [
        238,
        331
      ]
    ]
  }
]