[
  {
    "transcription": "NHI\u1ec4U",
    "points": [
      [
        39,
        18
      ],
      [
        158,
        18
      ],
      [
        159,
        74
      ],
      [
        39,
        73
      ]
    ]
  },
  {
    "transcription": "PH\u1ee6",
    "points": [
      [
        75,
        83
      ],
      [
        162,
        84
      ],
      [
        162,
        136
      ],
      [
        75,
        136
      ]
    ]
  },
  {
    "transcription": "\u0110I\u1ec0U",
    "points": [
      [
        167,
        19
      ],
      [
        260,
        19
      ],
      [
        261,
        74
      ],
      [
        167,
        74
      ]
    ]
  },
  {
    "transcription": "G\u01af\u01a0NG,",
    "points": [
      [
        125,
        151
      ],
      [
        274,
        151
      ],
      [
        276,
        201
      ],
      [
        126,
        201
      ]
    ]
  },
  {
    "transcription": "L\u1ea4Y",
    "points": [
      [
        170,
        81
      ],
      [
        243,
        83
      ],
      [
        243,
        136
      ],
      [
        170,
        136
      ]
    ]
  },
  {
    "transcription": "GI\u00c1",
    "points": [
      [
        47,
        150
      ],
      [
        117,
        151
      ],
      [
        120,
        200
      ],
      [
        47,
        199
      ]
    ]
  },
  {
    "transcription": "GI\u00c1",
    "points": [
      [
        51,
        154
      ],
      [
        119,
        154
      ],
      [
        119,
        198
      ],
      [
        51,
        198
      ]
    ]
  },
  {
    "transcription": "\u0110I\u1ec0U",
    "points": [
      [
        167,
        21
      ],
      [
        259,
        21
      ],
      [
        259,
        73
      ],
      [
        167,
        73
      ]
    ]
  },
  {
    "transcription": "G\u01af\u01a0NG,",
    "points": [
      [
        130,
        153
      ],
      [
        274,
        153
      ],
      [
        274,
        201
      ],
      [
        130,
        201
      ]
    ]
  },
  {
    "transcription": "L\u1ea4Y",
    "points": [
      [
        168,
        84
      ],
      [
        244,
        84
      ],
      [
        244,
        136
      ],
      [
        168,
        136
      ]
    ]
  },
  {
    "transcription": "NHI\u1ec4U",
    "points": [
      [
        36,
        19
      ],
      [
        158,
        19
      ],
      [
        158,
        71
      ],
      [
        36,
        71
      ]
    ]
  },
  {
    "transcription": "PH\u1ee6",
    "points": [
      [
        76,
        86
      ],
      [
        162,
        86
      ],
      [
        162,
        136
      ],
      [
        76,
        136
      ]
    ]
  }
]