[
  {
    "transcription": "TH\u1ecc",
    "points": [
      [
        375,
        309
      ],
      [
        416,
        308
      ],
      [
        417,
        345
      ],
      [
        375,
        345
      ]
    ]
  },
  {
    "transcription": "NHI",
    "points": [
      [
        516,
        173
      ],
      [
        642,
        178
      ],
      [
        645,
        293
      ],
      [
        518,
        292
      ]
    ]
  },
  {
    "transcription": "MOTHI",
    "points": [
      [
        296,
        16
      ],
      [
        584,
        85
      ],
      [
        587,
        166
      ],
      [
        297,
        110
      ]
    ]
  },
  {
    "transcription": "\u0110T:",
    "points": [
      [
        578,
        305
      ],
      [
        600,
        306
      ],
      [
        600,
        328
      ],
      [
        579,
        329
      ]
    ]
  },
  {
    "transcription": "\u0110\u00c0",
    "points": [
      [
        443,
        303
      ],
      [
        465,
        303
      ],
      [
        467,
        336
      ],
      [
        443,
        337
      ]
    ]
  },
  {
    "transcription": "N\u1eb4NG",
    "points": [
      [
        466,
        302
      ],
      [
        512,
        302
      ],
      [
        512,
        334
      ],
      [
        467,
        335
      ]
    ]
  },
  {
    "transcription": "\u0110C:",
    "points": [
      [
        114,
        317
      ],
      [
        170,
        316
      ],
      [
        170,
        355
      ],
      [
        114,
        356
      ]
    ]
  },
  {
    "transcription": "-",
    "points": [
      [
        415,
        318
      ],
      [
        421,
        318
      ],
      [
        421,
        330
      ],
      [
        415,
        329
      ]
    ]
  },
  {
    "transcription": "MINH",
    "points": [
      [
        169,
        116
      ],
      [
        508,
        144
      ],
      [
        514,
        299
      ],
      [
        166,
        294
      ]
    ]
  },
  {
    "transcription": "TP.",
    "points": [
      [
        420,
        309
      ],
      [
        444,
        309
      ],
      [
        445,
        337
      ],
      [
        421,
        338
      ]
    ]
  },
  {
    "transcription": "600",
    "points": [
      [
        172,
        315
      ],
      [
        219,
        315
      ],
      [
        219,
        352
      ],
      [
        172,
        353
      ]
    ]
  },
  {
    "transcription": "0935.511281",
    "points": [
      [
        598,
        305
      ],
      [
        660,
        304
      ],
      [
        661,
        325
      ],
      [
        598,
        326
      ]
    ]
  },
  {
    "transcription": "H\u1eeeU",
    "points": [
      [
        325,
        306
      ],
      [
        372,
        304
      ],
      [
        372,
        343
      ],
      [
        325,
        343
      ]
    ]
  },
  {
    "transcription": "NGUY\u1ec4N",
    "points": [
      [
        222,
        311
      ],
      [
        322,
        305
      ],
      [
        323,
        345
      ],
      [
        222,
        349
      ]
    ]
  }
]