[
  {
    "transcription": "/",
    "points": [
      [
        895,
        2380
      ],
      [
        957,
        2346
      ],
      [
        942,
        2422
      ],
      [
        893,
        2456
      ]
    ]
  },
  {
    "transcription": "WONDER",
    "points": [
      [
        575,
        2088
      ],
      [
        1551,
        2103
      ],
      [
        1542,
        2333
      ],
      [
        555,
        2309
      ]
    ]
  },
  {
    "transcription": "9",
    "points": [
      [
        666,
        2367
      ],
      [
        716,
        2370
      ],
      [
        715,
        2437
      ],
      [
        663,
        2432
      ]
    ]
  },
  {
    "transcription": "CH\u1ec8:",
    "points": [
      [
        2627,
        2310
      ],
      [
        2646,
        2314
      ],
      [
        2647,
        2358
      ],
      [
        2628,
        2357
      ]
    ]
  },
  {
    "transcription": "PHUONG",
    "points": [
      [
        1395,
        2388
      ],
      [
        1961,
        2402
      ],
      [
        1962,
        2545
      ],
      [
        1396,
        2533
      ]
    ]
  },
  {
    "transcription": "ria",
    "points": [
      [
        2625,
        2504
      ],
      [
        2654,
        2510
      ],
      [
        2655,
        2544
      ],
      [
        2625,
        2538
      ]
    ]
  },
  {
    "transcription": "ISLAND",
    "points": [
      [
        1637,
        2109
      ],
      [
        2426,
        2132
      ],
      [
        2429,
        2374
      ],
      [
        1641,
        2340
      ]
    ]
  },
  {
    "transcription": "DONG",
    "points": [
      [
        2007,
        2412
      ],
      [
        2444,
        2419
      ],
      [
        2446,
        2567
      ],
      [
        2007,
        2561
      ]
    ]
  },
  {
    "transcription": "f",
    "points": [
      [
        2628,
        2448
      ],
      [
        2649,
        2446
      ],
      [
        2654,
        2530
      ],
      [
        2632,
        2530
      ]
    ]
  }
]