[
  {
    "transcription": "BOOK",
    "points": [
      [
        215,
        22
      ],
      [
        300,
        23
      ],
      [
        300,
        58
      ],
      [
        215,
        57
      ]
    ]
  },
  {
    "transcription": "NGH\u1ec8",
    "points": [
      [
        134,
        16
      ],
      [
        209,
        15
      ],
      [
        209,
        57
      ],
      [
        135,
        56
      ]
    ]
  },
  {
    "transcription": "NH\u00c0",
    "points": [
      [
        60,
        18
      ],
      [
        125,
        18
      ],
      [
        126,
        56
      ],
      [
        60,
        56
      ]
    ]
  },
  {
    "transcription": "Book",
    "points": [
      [
        65,
        135
      ],
      [
        112,
        135
      ],
      [
        111,
        156
      ],
      [
        62,
        156
      ]
    ]
  },
  {
    "transcription": "Hotel",
    "points": [
      [
        57,
        160
      ],
      [
        116,
        160
      ],
      [
        115,
        179
      ],
      [
        56,
        179
      ]
    ]
  },
  {
    "transcription": "Hotel",
    "points": [
      [
        54,
        161
      ],
      [
        114,
        161
      ],
      [
        114,
        179
      ],
      [
        54,
        179
      ]
    ]
  },
  {
    "transcription": "BOOK",
    "points": [
      [
        216,
        22
      ],
      [
        300,
        22
      ],
      [
        300,
        56
      ],
      [
        216,
        56
      ]
    ]
  },
  {
    "transcription": "NH\u00c0",
    "points": [
      [
        59,
        17
      ],
      [
        127,
        17
      ],
      [
        127,
        55
      ],
      [
        59,
        55
      ]
    ]
  },
  {
    "transcription": "Book",
    "points": [
      [
        63,
        137
      ],
      [
        111,
        137
      ],
      [
        111,
        155
      ],
      [
        63,
        155
      ]
    ]
  },
  {
    "transcription": "NGH\u1ec8",
    "points": [
      [
        132,
        16
      ],
      [
        208,
        16
      ],
      [
        208,
        54
      ],
      [
        132,
        54
      ]
    ]
  }
]