[
  {
    "transcription": "G\u1eaeN",
    "points": [
      [
        38,
        43
      ],
      [
        67,
        43
      ],
      [
        67,
        67
      ],
      [
        38,
        67
      ]
    ]
  },
  {
    "transcription": "1000",
    "points": [
      [
        181,
        49
      ],
      [
        212,
        49
      ],
      [
        212,
        70
      ],
      [
        181,
        70
      ]
    ]
  },
  {
    "transcription": "M\u01afNG",
    "points": [
      [
        161,
        25
      ],
      [
        199,
        25
      ],
      [
        199,
        45
      ],
      [
        160,
        45
      ]
    ]
  },
  {
    "transcription": "NHI\u1ec6T",
    "points": [
      [
        52,
        23
      ],
      [
        92,
        23
      ],
      [
        92,
        43
      ],
      [
        52,
        43
      ]
    ]
  },
  {
    "transcription": "L\u1ec4",
    "points": [
      [
        19,
        44
      ],
      [
        37,
        44
      ],
      [
        37,
        64
      ],
      [
        18,
        64
      ]
    ]
  },
  {
    "transcription": "\u0110\u1ea0I",
    "points": [
      [
        245,
        27
      ],
      [
        268,
        27
      ],
      [
        268,
        47
      ],
      [
        245,
        46
      ]
    ]
  },
  {
    "transcription": "D\u1ef0",
    "points": [
      [
        320,
        27
      ],
      [
        340,
        27
      ],
      [
        340,
        46
      ],
      [
        320,
        46
      ]
    ]
  },
  {
    "transcription": "N\u0102M",
    "points": [
      [
        214,
        49
      ],
      [
        245,
        49
      ],
      [
        245,
        70
      ],
      [
        214,
        71
      ]
    ]
  },
  {
    "transcription": "CH\u00c0O",
    "points": [
      [
        123,
        25
      ],
      [
        158,
        25
      ],
      [
        158,
        45
      ],
      [
        123,
        45
      ]
    ]
  },
  {
    "transcription": "LONG",
    "points": [
      [
        290,
        50
      ],
      [
        326,
        50
      ],
      [
        326,
        70
      ],
      [
        290,
        70
      ]
    ]
  },
  {
    "transcription": "TR\u00ccNH",
    "points": [
      [
        141,
        49
      ],
      [
        180,
        49
      ],
      [
        180,
        69
      ],
      [
        141,
        69
      ]
    ]
  },
  {
    "transcription": "V\u1eca",
    "points": [
      [
        229,
        27
      ],
      [
        243,
        27
      ],
      [
        244,
        46
      ],
      [
        229,
        47
      ]
    ]
  },
  {
    "transcription": "N\u1ed8I",
    "points": [
      [
        346,
        48
      ],
      [
        372,
        48
      ],
      [
        372,
        71
      ],
      [
        346,
        71
      ]
    ]
  },
  {
    "transcription": "H\u00c0",
    "points": [
      [
        326,
        50
      ],
      [
        345,
        50
      ],
      [
        345,
        69
      ],
      [
        326,
        69
      ]
    ]
  },
  {
    "transcription": "BI\u1ec2N",
    "points": [
      [
        69,
        44
      ],
      [
        101,
        44
      ],
      [
        101,
        68
      ],
      [
        68,
        68
      ]
    ]
  },
  {
    "transcription": "C\u00d4NG",
    "points": [
      [
        102,
        48
      ],
      [
        139,
        48
      ],
      [
        139,
        69
      ],
      [
        102,
        69
      ]
    ]
  },
  {
    "transcription": "LI\u1ec6T",
    "points": [
      [
        94,
        24
      ],
      [
        121,
        24
      ],
      [
        121,
        44
      ],
      [
        94,
        44
      ]
    ]
  },
  {
    "transcription": "BI\u1ec2U",
    "points": [
      [
        270,
        26
      ],
      [
        299,
        26
      ],
      [
        299,
        46
      ],
      [
        270,
        46
      ]
    ]
  },
  {
    "transcription": "TH\u0102NG",
    "points": [
      [
        246,
        50
      ],
      [
        289,
        49
      ],
      [
        289,
        70
      ],
      [
        246,
        70
      ]
    ]
  },
  {
    "transcription": "V\u1ec0",
    "points": [
      [
        301,
        26
      ],
      [
        319,
        26
      ],
      [
        319,
        45
      ],
      [
        301,
        45
      ]
    ]
  },
  {
    "transcription": "C\u00c1C",
    "points": [
      [
        201,
        25
      ],
      [
        227,
        25
      ],
      [
        227,
        45
      ],
      [
        201,
        46
      ]
    ]
  }
]