[
  {
    "transcription": "C\u00d4NG",
    "points": [
      [
        1,
        42
      ],
      [
        72,
        54
      ],
      [
        74,
        118
      ],
      [
        1,
        106
      ]
    ]
  },
  {
    "transcription": "TR\u01af\u1edcNG",
    "points": [
      [
        0,
        12
      ],
      [
        172,
        22
      ],
      [
        172,
        50
      ],
      [
        0,
        40
      ]
    ]
  },
  {
    "transcription": "TY",
    "points": [
      [
        74,
        59
      ],
      [
        116,
        59
      ],
      [
        116,
        123
      ],
      [
        76,
        123
      ]
    ]
  },
  {
    "transcription": "TYCP",
    "points": [
      [
        73,
        56
      ],
      [
        166,
        62
      ],
      [
        167,
        132
      ],
      [
        73,
        122
      ]
    ]
  },
  {
    "transcription": "CP",
    "points": [
      [
        119,
        63
      ],
      [
        166,
        66
      ],
      [
        165,
        131
      ],
      [
        118,
        127
      ]
    ]
  }
]