[
  {
    "transcription": "s\u1ed1",
    "points": [
      [
        939,
        15
      ],
      [
        1074,
        11
      ],
      [
        1074,
        116
      ],
      [
        938,
        117
      ]
    ]
  },
  {
    "transcription": "06",
    "points": [
      [
        1090,
        35
      ],
      [
        1217,
        35
      ],
      [
        1218,
        114
      ],
      [
        1090,
        114
      ]
    ]
  },
  {
    "transcription": "\u0110I\u1ec2M",
    "points": [
      [
        110,
        15
      ],
      [
        379,
        13
      ],
      [
        380,
        134
      ],
      [
        108,
        134
      ]
    ]
  },
  {
    "transcription": "GIAO",
    "points": [
      [
        396,
        47
      ],
      [
        646,
        48
      ],
      [
        647,
        126
      ],
      [
        396,
        127
      ]
    ]
  },
  {
    "transcription": "S\u1ed0",
    "points": [
      [
        325,
        170
      ],
      [
        386,
        170
      ],
      [
        385,
        221
      ],
      [
        324,
        222
      ]
    ]
  },
  {
    "transcription": "D\u1ecaCH",
    "points": [
      [
        667,
        45
      ],
      [
        918,
        42
      ],
      [
        919,
        133
      ],
      [
        668,
        139
      ]
    ]
  },
  {
    "transcription": "\u0110\u1ecaA",
    "points": [
      [
        157,
        182
      ],
      [
        226,
        182
      ],
      [
        228,
        230
      ],
      [
        157,
        229
      ]
    ]
  },
  {
    "transcription": "CH\u1ec8:",
    "points": [
      [
        235,
        175
      ],
      [
        317,
        172
      ],
      [
        317,
        223
      ],
      [
        235,
        224
      ]
    ]
  },
  {
    "transcription": "L\u1ed6",
    "points": [
      [
        564,
        163
      ],
      [
        620,
        162
      ],
      [
        620,
        217
      ],
      [
        564,
        218
      ]
    ]
  },
  {
    "transcription": "70A",
    "points": [
      [
        391,
        177
      ],
      [
        464,
        178
      ],
      [
        465,
        221
      ],
      [
        391,
        221
      ]
    ]
  },
  {
    "transcription": "PH\u1ee6",
    "points": [
      [
        471,
        171
      ],
      [
        558,
        170
      ],
      [
        558,
        220
      ],
      [
        471,
        220
      ]
    ]
  },
  {
    "transcription": "8848275",
    "points": [
      [
        1012,
        165
      ],
      [
        1172,
        164
      ],
      [
        1173,
        208
      ],
      [
        1012,
        210
      ]
    ]
  },
  {
    "transcription": "04.",
    "points": [
      [
        948,
        168
      ],
      [
        1007,
        168
      ],
      [
        1007,
        211
      ],
      [
        948,
        211
      ]
    ]
  },
  {
    "transcription": "TELIFAX:",
    "points": [
      [
        762,
        171
      ],
      [
        939,
        170
      ],
      [
        940,
        213
      ],
      [
        762,
        214
      ]
    ]
  },
  {
    "transcription": "TEL/P",
    "points": [
      [
        765,
        172
      ],
      [
        863,
        172
      ],
      [
        863,
        212
      ],
      [
        765,
        212
      ]
    ]
  },
  {
    "transcription": "FAX:",
    "points": [
      [
        862,
        172
      ],
      [
        942,
        172
      ],
      [
        942,
        210
      ],
      [
        862,
        210
      ]
    ]
  },
  {
    "transcription": "04. 8848275",
    "points": [
      [
        951,
        163
      ],
      [
        1175,
        163
      ],
      [
        1175,
        209
      ],
      [
        951,
        209
      ]
    ]
  },
  {
    "transcription": "\u0110\u1ecaA",
    "points": [
      [
        155,
        178
      ],
      [
        227,
        178
      ],
      [
        227,
        226
      ],
      [
        155,
        226
      ]
    ]
  },
  {
    "transcription": "70A",
    "points": [
      [
        390,
        177
      ],
      [
        464,
        177
      ],
      [
        464,
        219
      ],
      [
        390,
        219
      ]
    ]
  },
  {
    "transcription": "CH\u1ec8:",
    "points": [
      [
        234,
        171
      ],
      [
        316,
        171
      ],
      [
        316,
        221
      ],
      [
        234,
        221
      ]
    ]
  },
  {
    "transcription": "L\u1ed6",
    "points": [
      [
        565,
        165
      ],
      [
        621,
        165
      ],
      [
        621,
        215
      ],
      [
        565,
        215
      ]
    ]
  },
  {
    "transcription": "PH\u1ee6",
    "points": [
      [
        472,
        172
      ],
      [
        556,
        172
      ],
      [
        556,
        216
      ],
      [
        472,
        216
      ]
    ]
  },
  {
    "transcription": "06",
    "points": [
      [
        1093,
        26
      ],
      [
        1217,
        26
      ],
      [
        1217,
        116
      ],
      [
        1093,
        116
      ]
    ]
  },
  {
    "transcription": "S\u1ed0",
    "points": [
      [
        323,
        170
      ],
      [
        385,
        170
      ],
      [
        385,
        218
      ],
      [
        323,
        218
      ]
    ]
  },
  {
    "transcription": "GIAO",
    "points": [
      [
        393,
        49
      ],
      [
        647,
        49
      ],
      [
        647,
        127
      ],
      [
        393,
        127
      ]
    ]
  },
  {
    "transcription": "S\u1ed0",
    "points": [
      [
        938,
        10
      ],
      [
        1074,
        10
      ],
      [
        1074,
        118
      ],
      [
        938,
        118
      ]
    ]
  },
  {
    "transcription": "D\u1ecaCH",
    "points": [
      [
        670,
        42
      ],
      [
        920,
        42
      ],
      [
        920,
        136
      ],
      [
        670,
        136
      ]
    ]
  },
  {
    "transcription": "\u0110I\u1ec2M",
    "points": [
      [
        109,
        12
      ],
      [
        377,
        12
      ],
      [
        377,
        132
      ],
      [
        109,
        132
      ]
    ]
  }
]