[
  {
    "transcription": "B\u1ea4T",
    "points": [
      [
        53,
        81
      ],
      [
        209,
        74
      ],
      [
        209,
        230
      ],
      [
        53,
        236
      ]
    ]
  },
  {
    "transcription": "S\u1ea2N",
    "points": [
      [
        472,
        22
      ],
      [
        659,
        9
      ],
      [
        662,
        178
      ],
      [
        474,
        188
      ]
    ]
  },
  {
    "transcription": "GIAO",
    "points": [
      [
        395,
        235
      ],
      [
        568,
        227
      ],
      [
        566,
        305
      ],
      [
        389,
        313
      ]
    ]
  },
  {
    "transcription": "HLT",
    "points": [
      [
        679,
        31
      ],
      [
        846,
        22
      ],
      [
        847,
        156
      ],
      [
        680,
        163
      ]
    ]
  },
  {
    "transcription": "D\u1ecaCH",
    "points": [
      [
        586,
        211
      ],
      [
        772,
        204
      ],
      [
        764,
        302
      ],
      [
        578,
        307
      ]
    ]
  },
  {
    "transcription": "\u0110\u1ed8NG",
    "points": [
      [
        222,
        73
      ],
      [
        457,
        58
      ],
      [
        457,
        218
      ],
      [
        224,
        229
      ]
    ]
  },
  {
    "transcription": "PH\u00d2NG",
    "points": [
      [
        129,
        245
      ],
      [
        383,
        236
      ],
      [
        382,
        323
      ],
      [
        128,
        333
      ]
    ]
  },
  {
    "transcription": "HLT",
    "points": [
      [
        674,
        12
      ],
      [
        858,
        12
      ],
      [
        858,
        172
      ],
      [
        674,
        172
      ]
    ]
  },
  {
    "transcription": "B\u1ea4T",
    "points": [
      [
        49,
        66
      ],
      [
        213,
        66
      ],
      [
        213,
        242
      ],
      [
        49,
        242
      ]
    ]
  },
  {
    "transcription": "D\u1ecaCH",
    "points": [
      [
        574,
        200
      ],
      [
        780,
        200
      ],
      [
        780,
        314
      ],
      [
        574,
        314
      ]
    ]
  },
  {
    "transcription": "GIAO",
    "points": [
      [
        385,
        223
      ],
      [
        571,
        223
      ],
      [
        571,
        317
      ],
      [
        385,
        317
      ]
    ]
  },
  {
    "transcription": "PH\u00d2NG",
    "points": [
      [
        128,
        238
      ],
      [
        384,
        238
      ],
      [
        384,
        328
      ],
      [
        128,
        328
      ]
    ]
  },
  {
    "transcription": "\u0110\u1ed8NG",
    "points": [
      [
        219,
        46
      ],
      [
        459,
        46
      ],
      [
        459,
        230
      ],
      [
        219,
        230
      ]
    ]
  },
  {
    "transcription": "S\u1ea2N",
    "points": [
      [
        472,
        0
      ],
      [
        666,
        0
      ],
      [
        666,
        192
      ],
      [
        472,
        192
      ]
    ]
  }
]