[
  {
    "transcription": "\u0110\u1ea0I",
    "points": [
      [
        1003,
        15
      ],
      [
        1103,
        13
      ],
      [
        1103,
        102
      ],
      [
        1003,
        103
      ]
    ]
  },
  {
    "transcription": "L\u1ea8U",
    "points": [
      [
        176,
        1
      ],
      [
        286,
        0
      ],
      [
        285,
        100
      ],
      [
        175,
        101
      ]
    ]
  },
  {
    "transcription": "MINH",
    "points": [
      [
        565,
        16
      ],
      [
        718,
        17
      ],
      [
        718,
        99
      ],
      [
        565,
        99
      ]
    ]
  },
  {
    "transcription": ".",
    "points": [
      [
        726,
        46
      ],
      [
        755,
        47
      ],
      [
        755,
        77
      ],
      [
        726,
        77
      ]
    ]
  },
  {
    "transcription": "H\u1ea2I",
    "points": [
      [
        765,
        5
      ],
      [
        863,
        3
      ],
      [
        863,
        97
      ],
      [
        764,
        99
      ]
    ]
  },
  {
    "transcription": "C\u00d4N",
    "points": [
      [
        437,
        8
      ],
      [
        555,
        9
      ],
      [
        555,
        100
      ],
      [
        437,
        100
      ]
    ]
  },
  {
    "transcription": "D\u01af\u01a0NG",
    "points": [
      [
        1112,
        12
      ],
      [
        1307,
        12
      ],
      [
        1309,
        90
      ],
      [
        1112,
        90
      ]
    ]
  },
  {
    "transcription": "N\u1ea4M",
    "points": [
      [
        295,
        3
      ],
      [
        428,
        0
      ],
      [
        428,
        101
      ],
      [
        295,
        102
      ]
    ]
  },
  {
    "transcription": "S\u1ea2N",
    "points": [
      [
        874,
        2
      ],
      [
        994,
        1
      ],
      [
        995,
        97
      ],
      [
        873,
        98
      ]
    ]
  }
]