[
  {
    "transcription": "TRANG",
    "points": [
      [
        300,
        288
      ],
      [
        483,
        277
      ],
      [
        484,
        320
      ],
      [
        303,
        330
      ]
    ]
  },
  {
    "transcription": "E",
    "points": [
      [
        708,
        259
      ],
      [
        735,
        259
      ],
      [
        735,
        293
      ],
      [
        708,
        293
      ]
    ]
  },
  {
    "transcription": "\u1eba",
    "points": [
      [
        612,
        257
      ],
      [
        638,
        256
      ],
      [
        638,
        300
      ],
      [
        612,
        301
      ]
    ]
  },
  {
    "transcription": "M",
    "points": [
      [
        751,
        254
      ],
      [
        786,
        254
      ],
      [
        786,
        288
      ],
      [
        751,
        289
      ]
    ]
  },
  {
    "transcription": "R",
    "points": [
      [
        575,
        270
      ],
      [
        600,
        270
      ],
      [
        600,
        303
      ],
      [
        575,
        303
      ]
    ]
  },
  {
    "transcription": "TH\u1edcI",
    "points": [
      [
        140,
        299
      ],
      [
        257,
        292
      ],
      [
        257,
        336
      ],
      [
        140,
        341
      ]
    ]
  },
  {
    "transcription": "R",
    "points": [
      [
        336,
        289
      ],
      [
        366,
        289
      ],
      [
        366,
        327
      ],
      [
        336,
        327
      ]
    ]
  },
  {
    "transcription": "G",
    "points": [
      [
        456,
        281
      ],
      [
        482,
        281
      ],
      [
        482,
        315
      ],
      [
        456,
        315
      ]
    ]
  },
  {
    "transcription": "N",
    "points": [
      [
        412,
        282
      ],
      [
        442,
        282
      ],
      [
        442,
        318
      ],
      [
        412,
        318
      ]
    ]
  },
  {
    "transcription": "T",
    "points": [
      [
        537,
        271
      ],
      [
        561,
        271
      ],
      [
        561,
        309
      ],
      [
        537,
        309
      ]
    ]
  },
  {
    "transcription": "T",
    "points": [
      [
        302,
        290
      ],
      [
        332,
        290
      ],
      [
        332,
        328
      ],
      [
        302,
        328
      ]
    ]
  },
  {
    "transcription": "A",
    "points": [
      [
        375,
        286
      ],
      [
        403,
        286
      ],
      [
        403,
        320
      ],
      [
        375,
        320
      ]
    ]
  },
  {
    "transcription": "\u1eddi",
    "points": [
      [
        200,
        290
      ],
      [
        254,
        290
      ],
      [
        254,
        336
      ],
      [
        200,
        336
      ]
    ]
  },
  {
    "transcription": "R",
    "points": [
      [
        577,
        269
      ],
      [
        601,
        269
      ],
      [
        601,
        303
      ],
      [
        577,
        303
      ]
    ]
  },
  {
    "transcription": "H",
    "points": [
      [
        170,
        299
      ],
      [
        198,
        299
      ],
      [
        198,
        337
      ],
      [
        170,
        337
      ]
    ]
  },
  {
    "transcription": "T",
    "points": [
      [
        134,
        300
      ],
      [
        168,
        300
      ],
      [
        168,
        340
      ],
      [
        134,
        340
      ]
    ]
  },
  {
    "transcription": "\u1eba",
    "points": [
      [
        612,
        256
      ],
      [
        638,
        256
      ],
      [
        638,
        300
      ],
      [
        612,
        300
      ]
    ]
  },
  {
    "transcription": "E",
    "points": [
      [
        711,
        259
      ],
      [
        733,
        259
      ],
      [
        733,
        291
      ],
      [
        711,
        291
      ]
    ]
  },
  {
    "transcription": "M",
    "points": [
      [
        751,
        254
      ],
      [
        785,
        254
      ],
      [
        785,
        290
      ],
      [
        751,
        290
      ]
    ]
  },
  {
    "transcription": "Charrue",
    "points": [
      [
        91,
        67
      ],
      [
        807,
        67
      ],
      [
        807,
        269
      ],
      [
        91,
        269
      ]
    ]
  }
]