[
  {
    "transcription": "Beauty",
    "points": [
      [
        240,
        238
      ],
      [
        389,
        242
      ],
      [
        388,
        294
      ],
      [
        240,
        291
      ]
    ]
  },
  {
    "transcription": "Spa",
    "points": [
      [
        96,
        241
      ],
      [
        182,
        242
      ],
      [
        182,
        292
      ],
      [
        96,
        290
      ]
    ]
  },
  {
    "transcription": "&",
    "points": [
      [
        194,
        241
      ],
      [
        228,
        241
      ],
      [
        228,
        284
      ],
      [
        194,
        284
      ]
    ]
  },
  {
    "transcription": "Clinic",
    "points": [
      [
        400,
        239
      ],
      [
        519,
        239
      ],
      [
        519,
        285
      ],
      [
        401,
        286
      ]
    ]
  },
  {
    "transcription": "Julyon",
    "points": [
      [
        107,
        69
      ],
      [
        563,
        69
      ],
      [
        561,
        230
      ],
      [
        103,
        232
      ]
    ]
  },
  {
    "transcription": "uly\u1ecdc",
    "points": [
      [
        174,
        68
      ],
      [
        564,
        68
      ],
      [
        564,
        248
      ],
      [
        174,
        248
      ]
    ]
  },
  {
    "transcription": "&",
    "points": [
      [
        193,
        244
      ],
      [
        227,
        244
      ],
      [
        227,
        286
      ],
      [
        193,
        286
      ]
    ]
  },
  {
    "transcription": "Clinic",
    "points": [
      [
        397,
        238
      ],
      [
        521,
        238
      ],
      [
        521,
        286
      ],
      [
        397,
        286
      ]
    ]
  },
  {
    "transcription": "Spa",
    "points": [
      [
        94,
        241
      ],
      [
        182,
        241
      ],
      [
        182,
        293
      ],
      [
        94,
        293
      ]
    ]
  },
  {
    "transcription": "Beauty",
    "points": [
      [
        242,
        241
      ],
      [
        392,
        241
      ],
      [
        392,
        295
      ],
      [
        242,
        295
      ]
    ]
  }
]