[
  {
    "transcription": "M\u1ef8",
    "points": [
      [
        154,
        8
      ],
      [
        213,
        8
      ],
      [
        212,
        54
      ],
      [
        152,
        53
      ]
    ]
  },
  {
    "transcription": "B\u00c3I",
    "points": [
      [
        244,
        13
      ],
      [
        304,
        13
      ],
      [
        304,
        55
      ],
      [
        244,
        55
      ]
    ]
  },
  {
    "transcription": "S\u1eacY",
    "points": [
      [
        312,
        15
      ],
      [
        381,
        17
      ],
      [
        381,
        63
      ],
      [
        313,
        63
      ]
    ]
  },
  {
    "transcription": "-",
    "points": [
      [
        218,
        14
      ],
      [
        237,
        14
      ],
      [
        237,
        71
      ],
      [
        218,
        72
      ]
    ]
  },
  {
    "transcription": "\u0110\u1ed6",
    "points": [
      [
        91,
        3
      ],
      [
        146,
        2
      ],
      [
        146,
        51
      ],
      [
        89,
        50
      ]
    ]
  },
  {
    "transcription": "\u0110C:",
    "points": [
      [
        13,
        9
      ],
      [
        83,
        10
      ],
      [
        83,
        49
      ],
      [
        10,
        48
      ]
    ]
  }
]