[
  {
    "transcription": "TI\u00caN",
    "points": [
      [
        243,
        50
      ],
      [
        315,
        50
      ],
      [
        317,
        90
      ],
      [
        245,
        89
      ]
    ]
  },
  {
    "transcription": "B\u00ccNH",
    "points": [
      [
        168,
        50
      ],
      [
        242,
        50
      ],
      [
        244,
        90
      ],
      [
        169,
        89
      ]
    ]
  },
  {
    "transcription": "TI\u00caU",
    "points": [
      [
        3,
        48
      ],
      [
        76,
        49
      ],
      [
        77,
        88
      ],
      [
        5,
        87
      ]
    ]
  },
  {
    "transcription": "D\u00d9NG",
    "points": [
      [
        78,
        49
      ],
      [
        165,
        50
      ],
      [
        167,
        88
      ],
      [
        79,
        88
      ]
    ]
  },
  {
    "transcription": "TI\u00caN",
    "points": [
      [
        245,
        52
      ],
      [
        317,
        52
      ],
      [
        317,
        90
      ],
      [
        245,
        90
      ]
    ]
  },
  {
    "transcription": "TI\u00caU",
    "points": [
      [
        8,
        49
      ],
      [
        76,
        49
      ],
      [
        76,
        87
      ],
      [
        8,
        87
      ]
    ]
  },
  {
    "transcription": "D\u00d9NG",
    "points": [
      [
        80,
        51
      ],
      [
        166,
        51
      ],
      [
        166,
        87
      ],
      [
        80,
        87
      ]
    ]
  },
  {
    "transcription": "B\u00ccNH",
    "points": [
      [
        171,
        51
      ],
      [
        245,
        51
      ],
      [
        245,
        89
      ],
      [
        171,
        89
      ]
    ]
  }
]