[
  {
    "transcription": "TR\u01af\u1edcNG",
    "points": [
      [
        467,
        10
      ],
      [
        518,
        9
      ],
      [
        519,
        25
      ],
      [
        467,
        25
      ]
    ]
  },
  {
    "transcription": "TR\u1eba",
    "points": [
      [
        409,
        8
      ],
      [
        435,
        8
      ],
      [
        435,
        25
      ],
      [
        409,
        25
      ]
    ]
  },
  {
    "transcription": "\u0110\u1ebeN",
    "points": [
      [
        437,
        8
      ],
      [
        464,
        8
      ],
      [
        464,
        25
      ],
      [
        437,
        25
      ]
    ]
  },
  {
    "transcription": "N\u0102M",
    "points": [
      [
        250,
        26
      ],
      [
        284,
        26
      ],
      [
        285,
        39
      ],
      [
        250,
        39
      ]
    ]
  },
  {
    "transcription": "\u0110\u01afA",
    "points": [
      [
        380,
        10
      ],
      [
        406,
        10
      ],
      [
        407,
        25
      ],
      [
        380,
        25
      ]
    ]
  },
  {
    "transcription": "TO\u00c0N",
    "points": [
      [
        312,
        9
      ],
      [
        348,
        9
      ],
      [
        348,
        25
      ],
      [
        313,
        25
      ]
    ]
  },
  {
    "transcription": "H\u1eccC",
    "points": [
      [
        287,
        27
      ],
      [
        320,
        27
      ],
      [
        320,
        40
      ],
      [
        287,
        40
      ]
    ]
  },
  {
    "transcription": "2020.2021",
    "points": [
      [
        323,
        26
      ],
      [
        401,
        27
      ],
      [
        401,
        37
      ],
      [
        323,
        37
      ]
    ]
  },
  {
    "transcription": "2020",
    "points": [
      [
        324,
        27
      ],
      [
        360,
        27
      ],
      [
        360,
        37
      ],
      [
        324,
        38
      ]
    ]
  },
  {
    "transcription": "2021",
    "points": [
      [
        369,
        27
      ],
      [
        402,
        26
      ],
      [
        402,
        37
      ],
      [
        369,
        38
      ]
    ]
  },
  {
    "transcription": "H\u01af\u1edeNG",
    "points": [
      [
        192,
        9
      ],
      [
        238,
        9
      ],
      [
        239,
        27
      ],
      [
        192,
        27
      ]
    ]
  },
  {
    "transcription": "C\u1ef0C",
    "points": [
      [
        162,
        11
      ],
      [
        189,
        11
      ],
      [
        189,
        30
      ],
      [
        162,
        29
      ]
    ]
  },
  {
    "transcription": "\u1ee8NG",
    "points": [
      [
        241,
        9
      ],
      [
        270,
        10
      ],
      [
        270,
        26
      ],
      [
        241,
        26
      ]
    ]
  },
  {
    "transcription": "NG\u00c0Y",
    "points": [
      [
        272,
        10
      ],
      [
        310,
        9
      ],
      [
        310,
        25
      ],
      [
        272,
        25
      ]
    ]
  },
  {
    "transcription": "T\u00cdCH",
    "points": [
      [
        128,
        11
      ],
      [
        160,
        11
      ],
      [
        160,
        27
      ],
      [
        129,
        27
      ]
    ]
  },
  {
    "transcription": "D\u00c2N",
    "points": [
      [
        350,
        10
      ],
      [
        378,
        10
      ],
      [
        378,
        25
      ],
      [
        351,
        25
      ]
    ]
  }
]