[
  {
    "transcription": "CH\u00cdNH",
    "points": [
      [
        24,
        211
      ],
      [
        158,
        208
      ],
      [
        159,
        261
      ],
      [
        25,
        264
      ]
    ]
  },
  {
    "transcription": "XE",
    "points": [
      [
        180,
        16
      ],
      [
        233,
        16
      ],
      [
        234,
        60
      ],
      [
        181,
        61
      ]
    ]
  },
  {
    "transcription": "L\u00c0",
    "points": [
      [
        42,
        143
      ],
      [
        93,
        143
      ],
      [
        98,
        195
      ],
      [
        43,
        196
      ]
    ]
  },
  {
    "transcription": "M\u00ccNH!",
    "points": [
      [
        168,
        207
      ],
      [
        288,
        205
      ],
      [
        289,
        255
      ],
      [
        169,
        258
      ]
    ]
  },
  {
    "transcription": "CH\u1ea0Y",
    "points": [
      [
        64,
        16
      ],
      [
        174,
        16
      ],
      [
        174,
        68
      ],
      [
        64,
        66
      ]
    ]
  },
  {
    "transcription": "NH\u1ecaN",
    "points": [
      [
        191,
        78
      ],
      [
        288,
        79
      ],
      [
        289,
        130
      ],
      [
        192,
        130
      ]
    ]
  },
  {
    "transcription": "NH\u01af\u1edcNG",
    "points": [
      [
        10,
        74
      ],
      [
        184,
        73
      ],
      [
        185,
        126
      ],
      [
        11,
        130
      ]
    ]
  },
  {
    "transcription": "TH\u01af\u01a0NG",
    "points": [
      [
        100,
        142
      ],
      [
        264,
        139
      ],
      [
        266,
        191
      ],
      [
        101,
        193
      ]
    ]
  },
  {
    "transcription": "XE",
    "points": [
      [
        182,
        20
      ],
      [
        232,
        20
      ],
      [
        232,
        58
      ],
      [
        182,
        58
      ]
    ]
  },
  {
    "transcription": "L\u00c0",
    "points": [
      [
        44,
        146
      ],
      [
        96,
        146
      ],
      [
        96,
        192
      ],
      [
        44,
        192
      ]
    ]
  },
  {
    "transcription": "CH\u1ea0Y",
    "points": [
      [
        66,
        16
      ],
      [
        176,
        16
      ],
      [
        176,
        66
      ],
      [
        66,
        66
      ]
    ]
  },
  {
    "transcription": "NH\u01af\u1edcNG",
    "points": [
      [
        12,
        78
      ],
      [
        182,
        78
      ],
      [
        182,
        128
      ],
      [
        12,
        128
      ]
    ]
  },
  {
    "transcription": "TH\u01af\u01a0NG",
    "points": [
      [
        102,
        143
      ],
      [
        262,
        143
      ],
      [
        262,
        191
      ],
      [
        102,
        191
      ]
    ]
  },
  {
    "transcription": "NH\u1ecaN",
    "points": [
      [
        192,
        82
      ],
      [
        286,
        82
      ],
      [
        286,
        130
      ],
      [
        192,
        130
      ]
    ]
  },
  {
    "transcription": "CH\u00cdNH",
    "points": [
      [
        28,
        212
      ],
      [
        158,
        212
      ],
      [
        158,
        260
      ],
      [
        28,
        260
      ]
    ]
  },
  {
    "transcription": "M\u00ccNH!",
    "points": [
      [
        169,
        207
      ],
      [
        287,
        207
      ],
      [
        287,
        255
      ],
      [
        169,
        255
      ]
    ]
  }
]