[
  {
    "transcription": "b\u00e0y",
    "points": [
      [
        251,
        119
      ],
      [
        307,
        119
      ],
      [
        313,
        164
      ],
      [
        253,
        165
      ]
    ]
  },
  {
    "transcription": "l\u01b0\u1ee1i",
    "points": [
      [
        278,
        87
      ],
      [
        322,
        88
      ],
      [
        323,
        118
      ],
      [
        278,
        118
      ]
    ]
  },
  {
    "transcription": "C\u01af\u1edcI",
    "points": [
      [
        266,
        62
      ],
      [
        315,
        62
      ],
      [
        316,
        88
      ],
      [
        266,
        88
      ]
    ]
  },
  {
    "transcription": "kh\u00f4ng",
    "points": [
      [
        229,
        82
      ],
      [
        271,
        83
      ],
      [
        271,
        107
      ],
      [
        229,
        105
      ]
    ]
  },
  {
    "transcription": "Chocopie",
    "points": [
      [
        210,
        16
      ],
      [
        320,
        17
      ],
      [
        319,
        51
      ],
      [
        210,
        51
      ]
    ]
  },
  {
    "transcription": "t\u1ecf",
    "points": [
      [
        310,
        116
      ],
      [
        342,
        113
      ],
      [
        345,
        147
      ],
      [
        315,
        150
      ]
    ]
  },
  {
    "transcription": "t\u1ecf",
    "points": [
      [
        311,
        113
      ],
      [
        345,
        113
      ],
      [
        345,
        147
      ],
      [
        311,
        147
      ]
    ]
  },
  {
    "transcription": "Chocopie",
    "points": [
      [
        211,
        15
      ],
      [
        319,
        15
      ],
      [
        319,
        55
      ],
      [
        211,
        55
      ]
    ]
  },
  {
    "transcription": "l\u01b0\u1ee1i",
    "points": [
      [
        279,
        87
      ],
      [
        325,
        87
      ],
      [
        325,
        117
      ],
      [
        279,
        117
      ]
    ]
  },
  {
    "transcription": "b\u00e0y",
    "points": [
      [
        251,
        118
      ],
      [
        313,
        118
      ],
      [
        313,
        168
      ],
      [
        251,
        168
      ]
    ]
  },
  {
    "transcription": "kh\u00f4ng",
    "points": [
      [
        228,
        81
      ],
      [
        270,
        81
      ],
      [
        270,
        107
      ],
      [
        228,
        107
      ]
    ]
  },
  {
    "transcription": "C\u01af\u1ee0\u00cc",
    "points": [
      [
        268,
        61
      ],
      [
        316,
        61
      ],
      [
        316,
        87
      ],
      [
        268,
        87
      ]
    ]
  }
]