[
  {
    "transcription": "V\u1ee4",
    "points": [
      [
        1059,
        42
      ],
      [
        1183,
        40
      ],
      [
        1188,
        188
      ],
      [
        1067,
        188
      ]
    ]
  },
  {
    "transcription": "NH\u01af",
    "points": [
      [
        205,
        241
      ],
      [
        666,
        240
      ],
      [
        662,
        443
      ],
      [
        203,
        445
      ]
    ]
  },
  {
    "transcription": "TY",
    "points": [
      [
        430,
        24
      ],
      [
        545,
        24
      ],
      [
        545,
        152
      ],
      [
        431,
        153
      ]
    ]
  },
  {
    "transcription": "ANH",
    "points": [
      [
        706,
        251
      ],
      [
        1136,
        253
      ],
      [
        1139,
        445
      ],
      [
        707,
        447
      ]
    ]
  },
  {
    "transcription": "TNHH",
    "points": [
      [
        562,
        28
      ],
      [
        806,
        31
      ],
      [
        808,
        159
      ],
      [
        564,
        158
      ]
    ]
  },
  {
    "transcription": "C\u00d4NG",
    "points": [
      [
        147,
        1
      ],
      [
        413,
        1
      ],
      [
        414,
        152
      ],
      [
        146,
        152
      ]
    ]
  },
  {
    "transcription": "D\u1ecaCH",
    "points": [
      [
        827,
        34
      ],
      [
        1040,
        35
      ],
      [
        1042,
        183
      ],
      [
        828,
        182
      ]
    ]
  }
]