[
  {
    "transcription": "KHI",
    "points": [
      [
        192,
        51
      ],
      [
        211,
        51
      ],
      [
        211,
        68
      ],
      [
        192,
        68
      ]
    ]
  },
  {
    "transcription": "T\u1ebe",
    "points": [
      [
        70,
        22
      ],
      [
        77,
        22
      ],
      [
        77,
        33
      ],
      [
        70,
        33
      ]
    ]
  },
  {
    "transcription": "LU\u1eacT",
    "points": [
      [
        152,
        49
      ],
      [
        178,
        49
      ],
      [
        178,
        70
      ],
      [
        152,
        70
      ]
    ]
  },
  {
    "transcription": "GIAO",
    "points": [
      [
        259,
        52
      ],
      [
        282,
        52
      ],
      [
        282,
        68
      ],
      [
        259,
        68
      ]
    ]
  },
  {
    "transcription": "00G",
    "points": [
      [
        89,
        0
      ],
      [
        314,
        5
      ],
      [
        313,
        49
      ],
      [
        89,
        45
      ]
    ]
  },
  {
    "transcription": "THAM",
    "points": [
      [
        212,
        52
      ],
      [
        240,
        52
      ],
      [
        240,
        67
      ],
      [
        212,
        67
      ]
    ]
  },
  {
    "transcription": "GIA",
    "points": [
      [
        241,
        52
      ],
      [
        258,
        52
      ],
      [
        259,
        68
      ],
      [
        241,
        68
      ]
    ]
  },
  {
    "transcription": "NGHI\u00caM",
    "points": [
      [
        7,
        48
      ],
      [
        53,
        48
      ],
      [
        53,
        67
      ],
      [
        7,
        68
      ]
    ]
  },
  {
    "transcription": "H\u00c0NH",
    "points": [
      [
        121,
        49
      ],
      [
        151,
        49
      ],
      [
        151,
        68
      ],
      [
        121,
        68
      ]
    ]
  },
  {
    "transcription": "CH\u1ec8NH",
    "points": [
      [
        55,
        47
      ],
      [
        89,
        48
      ],
      [
        89,
        68
      ],
      [
        55,
        67
      ]
    ]
  },
  {
    "transcription": "L\u1ec6",
    "points": [
      [
        178,
        49
      ],
      [
        192,
        49
      ],
      [
        192,
        70
      ],
      [
        178,
        69
      ]
    ]
  },
  {
    "transcription": "CH\u1ea4P",
    "points": [
      [
        91,
        47
      ],
      [
        120,
        48
      ],
      [
        120,
        67
      ],
      [
        90,
        67
      ]
    ]
  },
  {
    "transcription": "TH\u00d4NG",
    "points": [
      [
        283,
        52
      ],
      [
        314,
        52
      ],
      [
        314,
        68
      ],
      [
        283,
        68
      ]
    ]
  }
]