[
  {
    "transcription": "V\u00c0",
    "points": [
      [
        680,
        41
      ],
      [
        745,
        37
      ],
      [
        749,
        165
      ],
      [
        682,
        169
      ]
    ]
  },
  {
    "transcription": "N\u1ed8I",
    "points": [
      [
        1010,
        35
      ],
      [
        1102,
        32
      ],
      [
        1104,
        186
      ],
      [
        1010,
        187
      ]
    ]
  },
  {
    "transcription": "CP",
    "points": [
      [
        311,
        61
      ],
      [
        375,
        57
      ],
      [
        374,
        167
      ],
      [
        309,
        169
      ]
    ]
  },
  {
    "transcription": "TY",
    "points": [
      [
        244,
        59
      ],
      [
        306,
        56
      ],
      [
        304,
        168
      ],
      [
        243,
        170
      ]
    ]
  },
  {
    "transcription": "XU\u1ea4T",
    "points": [
      [
        872,
        20
      ],
      [
        1001,
        16
      ],
      [
        1000,
        165
      ],
      [
        871,
        166
      ]
    ]
  },
  {
    "transcription": "TH\u01af\u01a0NG",
    "points": [
      [
        383,
        52
      ],
      [
        571,
        51
      ],
      [
        572,
        167
      ],
      [
        383,
        168
      ]
    ]
  },
  {
    "transcription": "C\u00d4NG",
    "points": [
      [
        111,
        45
      ],
      [
        237,
        43
      ],
      [
        236,
        168
      ],
      [
        109,
        168
      ]
    ]
  },
  {
    "transcription": "M\u1ea0I",
    "points": [
      [
        580,
        58
      ],
      [
        676,
        56
      ],
      [
        676,
        187
      ],
      [
        579,
        187
      ]
    ]
  },
  {
    "transcription": "TH\u1ea4T",
    "points": [
      [
        1112,
        17
      ],
      [
        1242,
        12
      ],
      [
        1241,
        161
      ],
      [
        1112,
        163
      ]
    ]
  },
  {
    "transcription": "S\u1ea2N",
    "points": [
      [
        759,
        14
      ],
      [
        863,
        13
      ],
      [
        862,
        166
      ],
      [
        759,
        166
      ]
    ]
  }
]