[
  {
    "transcription": "\u0110T:",
    "points": [
      [
        42,
        20
      ],
      [
        86,
        16
      ],
      [
        87,
        39
      ],
      [
        42,
        44
      ]
    ]
  },
  {
    "transcription": "0977624.929",
    "points": [
      [
        89,
        13
      ],
      [
        244,
        7
      ],
      [
        244,
        29
      ],
      [
        88,
        38
      ]
    ]
  },
  {
    "transcription": "0977624.929",
    "points": [
      [
        90,
        7
      ],
      [
        240,
        7
      ],
      [
        240,
        35
      ],
      [
        90,
        35
      ]
    ]
  },
  {
    "transcription": "\u0110T:",
    "points": [
      [
        43,
        18
      ],
      [
        85,
        18
      ],
      [
        85,
        42
      ],
      [
        43,
        42
      ]
    ]
  }
]