[
  {
    "transcription": "X\u00e1,",
    "points": [
      [
        761,
        113
      ],
      [
        806,
        113
      ],
      [
        807,
        159
      ],
      [
        761,
        159
      ]
    ]
  },
  {
    "transcription": "K\u0110T",
    "points": [
      [
        628,
        112
      ],
      [
        683,
        112
      ],
      [
        682,
        155
      ],
      [
        628,
        155
      ]
    ]
  },
  {
    "transcription": "3,",
    "points": [
      [
        349,
        113
      ],
      [
        375,
        113
      ],
      [
        376,
        156
      ],
      [
        348,
        154
      ]
    ]
  },
  {
    "transcription": "010781",
    "points": [
      [
        564,
        23
      ],
      [
        747,
        24
      ],
      [
        749,
        76
      ],
      [
        564,
        76
      ]
    ]
  },
  {
    "transcription": "1",
    "points": [
      [
        728,
        24
      ],
      [
        749,
        24
      ],
      [
        750,
        76
      ],
      [
        728,
        77
      ]
    ]
  },
  {
    "transcription": "\u0110\u1eb7ng",
    "points": [
      [
        687,
        112
      ],
      [
        757,
        113
      ],
      [
        757,
        161
      ],
      [
        688,
        161
      ]
    ]
  },
  {
    "transcription": "MST:",
    "points": [
      [
        426,
        19
      ],
      [
        552,
        20
      ],
      [
        553,
        78
      ],
      [
        426,
        78
      ]
    ]
  },
  {
    "transcription": "Vi\u00ean,",
    "points": [
      [
        557,
        113
      ],
      [
        622,
        113
      ],
      [
        623,
        157
      ],
      [
        558,
        156
      ]
    ]
  },
  {
    "transcription": "Gia",
    "points": [
      [
        900,
        113
      ],
      [
        944,
        114
      ],
      [
        945,
        156
      ],
      [
        900,
        156
      ]
    ]
  },
  {
    "transcription": "L\u00e2m",
    "points": [
      [
        496,
        112
      ],
      [
        553,
        112
      ],
      [
        553,
        155
      ],
      [
        495,
        155
      ]
    ]
  },
  {
    "transcription": "S\u1ed1",
    "points": [
      [
        307,
        109
      ],
      [
        344,
        108
      ],
      [
        344,
        154
      ],
      [
        307,
        154
      ]
    ]
  },
  {
    "transcription": "HN",
    "points": [
      [
        1020,
        113
      ],
      [
        1062,
        113
      ],
      [
        1063,
        156
      ],
      [
        1021,
        156
      ]
    ]
  },
  {
    "transcription": "Huy\u1ec7n",
    "points": [
      [
        812,
        113
      ],
      [
        894,
        113
      ],
      [
        894,
        158
      ],
      [
        812,
        159
      ]
    ]
  },
  {
    "transcription": "1603",
    "points": [
      [
        761,
        21
      ],
      [
        885,
        22
      ],
      [
        886,
        77
      ],
      [
        762,
        77
      ]
    ]
  },
  {
    "transcription": "Bi\u1ec7t",
    "points": [
      [
        382,
        113
      ],
      [
        436,
        113
      ],
      [
        437,
        158
      ],
      [
        382,
        157
      ]
    ]
  },
  {
    "transcription": "Th\u1ef1",
    "points": [
      [
        440,
        112
      ],
      [
        491,
        112
      ],
      [
        491,
        159
      ],
      [
        440,
        160
      ]
    ]
  },
  {
    "transcription": "L\u00e2m,",
    "points": [
      [
        950,
        113
      ],
      [
        1015,
        113
      ],
      [
        1015,
        161
      ],
      [
        950,
        160
      ]
    ]
  },
  {
    "transcription": "\u0110C:",
    "points": [
      [
        256,
        113
      ],
      [
        303,
        112
      ],
      [
        304,
        153
      ],
      [
        256,
        153
      ]
    ]
  }
]