[
  {
    "transcription": "NGH\u1ec6",
    "points": [
      [
        92,
        42
      ],
      [
        172,
        42
      ],
      [
        173,
        102
      ],
      [
        92,
        100
      ]
    ]
  },
  {
    "transcription": "C\u00d4NG",
    "points": [
      [
        3,
        43
      ],
      [
        84,
        42
      ],
      [
        85,
        96
      ],
      [
        3,
        96
      ]
    ]
  },
  {
    "transcription": "-",
    "points": [
      [
        289,
        58
      ],
      [
        305,
        58
      ],
      [
        305,
        100
      ],
      [
        289,
        101
      ]
    ]
  },
  {
    "transcription": "TRUNG",
    "points": [
      [
        179,
        48
      ],
      [
        282,
        50
      ],
      [
        282,
        97
      ],
      [
        179,
        96
      ]
    ]
  },
  {
    "transcription": "SING",
    "points": [
      [
        312,
        50
      ],
      [
        384,
        50
      ],
      [
        384,
        98
      ],
      [
        312,
        98
      ]
    ]
  }
]