[
  {
    "transcription": "TY",
    "points": [
      [
        271,
        99
      ],
      [
        319,
        99
      ],
      [
        318,
        154
      ],
      [
        271,
        155
      ]
    ]
  },
  {
    "transcription": "KI\u1ebeN",
    "points": [
      [
        730,
        86
      ],
      [
        829,
        84
      ],
      [
        830,
        155
      ],
      [
        730,
        156
      ]
    ]
  },
  {
    "transcription": "C\u00d4NG",
    "points": [
      [
        148,
        94
      ],
      [
        262,
        94
      ],
      [
        262,
        156
      ],
      [
        148,
        157
      ]
    ]
  },
  {
    "transcription": "C\u1ed4",
    "points": [
      [
        330,
        96
      ],
      [
        385,
        96
      ],
      [
        385,
        153
      ],
      [
        329,
        153
      ]
    ]
  },
  {
    "transcription": "T\u1ebe",
    "points": [
      [
        1075,
        86
      ],
      [
        1125,
        85
      ],
      [
        1125,
        149
      ],
      [
        1075,
        149
      ]
    ]
  },
  {
    "transcription": "D\u1ef0NG",
    "points": [
      [
        608,
        95
      ],
      [
        721,
        94
      ],
      [
        722,
        157
      ],
      [
        607,
        157
      ]
    ]
  },
  {
    "transcription": "PH\u1ea6N",
    "points": [
      [
        395,
        93
      ],
      [
        508,
        92
      ],
      [
        508,
        155
      ],
      [
        395,
        155
      ]
    ]
  },
  {
    "transcription": "BHA",
    "points": [
      [
        477,
        259
      ],
      [
        783,
        263
      ],
      [
        786,
        402
      ],
      [
        478,
        399
      ]
    ]
  },
  {
    "transcription": "BAUHAUS",
    "points": [
      [
        537,
        169
      ],
      [
        732,
        169
      ],
      [
        733,
        218
      ],
      [
        536,
        219
      ]
    ]
  },
  {
    "transcription": "TR\u00daC",
    "points": [
      [
        838,
        89
      ],
      [
        942,
        88
      ],
      [
        943,
        152
      ],
      [
        839,
        153
      ]
    ]
  },
  {
    "transcription": "QU\u1ed0C",
    "points": [
      [
        953,
        87
      ],
      [
        1065,
        84
      ],
      [
        1066,
        153
      ],
      [
        953,
        155
      ]
    ]
  },
  {
    "transcription": "X\u00c2Y",
    "points": [
      [
        517,
        91
      ],
      [
        599,
        91
      ],
      [
        599,
        153
      ],
      [
        517,
        154
      ]
    ]
  }
]