[
  {
    "transcription": "D\u00d9NG",
    "points": [
      [
        285,
        327
      ],
      [
        410,
        331
      ],
      [
        411,
        400
      ],
      [
        285,
        399
      ]
    ]
  },
  {
    "transcription": "L\u1eba",
    "points": [
      [
        618,
        267
      ],
      [
        658,
        267
      ],
      [
        659,
        313
      ],
      [
        618,
        313
      ]
    ]
  },
  {
    "transcription": "B\u00c1N",
    "points": [
      [
        537,
        269
      ],
      [
        610,
        269
      ],
      [
        611,
        313
      ],
      [
        538,
        313
      ]
    ]
  },
  {
    "transcription": "BU\u00d4N",
    "points": [
      [
        410,
        266
      ],
      [
        506,
        266
      ],
      [
        506,
        310
      ],
      [
        410,
        309
      ]
    ]
  },
  {
    "transcription": "MART",
    "points": [
      [
        510,
        149
      ],
      [
        780,
        158
      ],
      [
        780,
        257
      ],
      [
        513,
        249
      ]
    ]
  },
  {
    "transcription": "TI\u00caU",
    "points": [
      [
        174,
        326
      ],
      [
        275,
        327
      ],
      [
        274,
        394
      ],
      [
        174,
        393
      ]
    ]
  },
  {
    "transcription": "-",
    "points": [
      [
        513,
        285
      ],
      [
        529,
        286
      ],
      [
        529,
        300
      ],
      [
        513,
        300
      ]
    ]
  },
  {
    "transcription": "NH\u1eacP",
    "points": [
      [
        551,
        337
      ],
      [
        677,
        341
      ],
      [
        677,
        417
      ],
      [
        552,
        413
      ]
    ]
  },
  {
    "transcription": "H\u00c0NG",
    "points": [
      [
        36,
        318
      ],
      [
        164,
        322
      ],
      [
        164,
        392
      ],
      [
        32,
        388
      ]
    ]
  },
  {
    "transcription": "XU\u1ea4T",
    "points": [
      [
        421,
        326
      ],
      [
        540,
        328
      ],
      [
        541,
        405
      ],
      [
        421,
        403
      ]
    ]
  },
  {
    "transcription": "B\u1ea2O",
    "points": [
      [
        272,
        106
      ],
      [
        486,
        112
      ],
      [
        491,
        248
      ],
      [
        274,
        242
      ]
    ]
  },
  {
    "transcription": "KH\u1ea8U",
    "points": [
      [
        685,
        332
      ],
      [
        808,
        332
      ],
      [
        811,
        415
      ],
      [
        685,
        414
      ]
    ]
  },
  {
    "transcription": "GIA",
    "points": [
      [
        93,
        132
      ],
      [
        252,
        134
      ],
      [
        265,
        237
      ],
      [
        94,
        235
      ]
    ]
  },
  {
    "transcription": "B\u00c1N",
    "points": [
      [
        330,
        261
      ],
      [
        402,
        261
      ],
      [
        402,
        306
      ],
      [
        329,
        305
      ]
    ]
  },
  {
    "transcription": "CHUY\u00caN",
    "points": [
      [
        182,
        260
      ],
      [
        321,
        262
      ],
      [
        321,
        303
      ],
      [
        182,
        300
      ]
    ]
  }
]