[
  {
    "transcription": "N\u00cdNH",
    "points": [
      [
        26,
        226
      ],
      [
        278,
        240
      ],
      [
        278,
        322
      ],
      [
        23,
        309
      ]
    ]
  },
  {
    "transcription": "TI\u1ec0N",
    "points": [
      [
        15,
        143
      ],
      [
        235,
        155
      ],
      [
        239,
        235
      ],
      [
        15,
        229
      ]
    ]
  },
  {
    "transcription": "N\u00cdNH",
    "points": [
      [
        26,
        225
      ],
      [
        274,
        225
      ],
      [
        274,
        319
      ],
      [
        26,
        319
      ]
    ]
  },
  {
    "transcription": "L\u1ee2I",
    "points": [
      [
        242,
        178
      ],
      [
        394,
        178
      ],
      [
        394,
        260
      ],
      [
        242,
        260
      ]
    ]
  },
  {
    "transcription": "TI\u1ec0N",
    "points": [
      [
        17,
        141
      ],
      [
        233,
        141
      ],
      [
        233,
        237
      ],
      [
        17,
        237
      ]
    ]
  }
]