[
  {
    "transcription": "C\u1ea4P",
    "points": [
      [
        169,
        186
      ],
      [
        216,
        187
      ],
      [
        216,
        221
      ],
      [
        168,
        221
      ]
    ]
  },
  {
    "transcription": "ANH",
    "points": [
      [
        198,
        154
      ],
      [
        245,
        155
      ],
      [
        244,
        187
      ],
      [
        196,
        185
      ]
    ]
  },
  {
    "transcription": "TI\u1ebeNG",
    "points": [
      [
        124,
        142
      ],
      [
        192,
        145
      ],
      [
        192,
        184
      ],
      [
        124,
        180
      ]
    ]
  },
  {
    "transcription": "QU\u1ed0C",
    "points": [
      [
        221,
        190
      ],
      [
        280,
        191
      ],
      [
        280,
        225
      ],
      [
        221,
        224
      ]
    ]
  },
  {
    "transcription": "TR\u1ea0I",
    "points": [
      [
        26,
        141
      ],
      [
        85,
        143
      ],
      [
        86,
        179
      ],
      [
        26,
        177
      ]
    ]
  },
  {
    "transcription": "\u0110\u1eb2NG",
    "points": [
      [
        98,
        177
      ],
      [
        165,
        181
      ],
      [
        165,
        221
      ],
      [
        97,
        217
      ]
    ]
  },
  {
    "transcription": "H\u00c8",
    "points": [
      [
        88,
        142
      ],
      [
        121,
        143
      ],
      [
        120,
        177
      ],
      [
        88,
        177
      ]
    ]
  },
  {
    "transcription": "T\u1ebe",
    "points": [
      [
        284,
        192
      ],
      [
        316,
        192
      ],
      [
        316,
        224
      ],
      [
        284,
        224
      ]
    ]
  },
  {
    "transcription": "H\u00c8",
    "points": [
      [
        88,
        143
      ],
      [
        120,
        143
      ],
      [
        120,
        177
      ],
      [
        88,
        177
      ]
    ]
  },
  {
    "transcription": "T\u1ebe",
    "points": [
      [
        284,
        193
      ],
      [
        316,
        193
      ],
      [
        316,
        225
      ],
      [
        284,
        225
      ]
    ]
  },
  {
    "transcription": "TR\u1ea0I",
    "points": [
      [
        27,
        141
      ],
      [
        85,
        141
      ],
      [
        85,
        179
      ],
      [
        27,
        179
      ]
    ]
  },
  {
    "transcription": "ANH",
    "points": [
      [
        196,
        156
      ],
      [
        244,
        156
      ],
      [
        244,
        186
      ],
      [
        196,
        186
      ]
    ]
  },
  {
    "transcription": "C\u1ea4P",
    "points": [
      [
        170,
        187
      ],
      [
        216,
        187
      ],
      [
        216,
        221
      ],
      [
        170,
        221
      ]
    ]
  },
  {
    "transcription": "TI\u1ebeNG",
    "points": [
      [
        124,
        144
      ],
      [
        192,
        144
      ],
      [
        192,
        182
      ],
      [
        124,
        182
      ]
    ]
  },
  {
    "transcription": "QU\u1ed0C",
    "points": [
      [
        221,
        191
      ],
      [
        279,
        191
      ],
      [
        279,
        225
      ],
      [
        221,
        225
      ]
    ]
  },
  {
    "transcription": "\u0110\u1eb2NG",
    "points": [
      [
        97,
        177
      ],
      [
        165,
        177
      ],
      [
        165,
        219
      ],
      [
        97,
        219
      ]
    ]
  }
]