[
  {
    "transcription": "PH\u1ee4",
    "points": [
      [
        342,
        433
      ],
      [
        460,
        430
      ],
      [
        459,
        593
      ],
      [
        339,
        591
      ]
    ]
  },
  {
    "transcription": "KH\u00c1T",
    "points": [
      [
        235,
        237
      ],
      [
        471,
        231
      ],
      [
        471,
        370
      ],
      [
        235,
        370
      ]
    ]
  },
  {
    "transcription": "Caf\u00e9",
    "points": [
      [
        80,
        28
      ],
      [
        422,
        32
      ],
      [
        414,
        210
      ],
      [
        79,
        212
      ]
    ]
  },
  {
    "transcription": "N\u01af\u1edaC",
    "points": [
      [
        96,
        588
      ],
      [
        278,
        587
      ],
      [
        279,
        672
      ],
      [
        95,
        673
      ]
    ]
  },
  {
    "transcription": "X\u00d4I",
    "points": [
      [
        294,
        592
      ],
      [
        411,
        594
      ],
      [
        412,
        675
      ],
      [
        294,
        675
      ]
    ]
  },
  {
    "transcription": "S\u1ea2N",
    "points": [
      [
        208,
        386
      ],
      [
        329,
        384
      ],
      [
        331,
        566
      ],
      [
        208,
        567
      ]
    ]
  },
  {
    "transcription": "CH\u00c1O",
    "points": [
      [
        45,
        407
      ],
      [
        197,
        406
      ],
      [
        197,
        565
      ],
      [
        44,
        564
      ]
    ]
  },
  {
    "transcription": "GI\u1ea2I",
    "points": [
      [
        35,
        224
      ],
      [
        214,
        214
      ],
      [
        218,
        369
      ],
      [
        33,
        372
      ]
    ]
  }
]