[
  {
    "transcription": "TA",
    "points": [
      [
        1,
        145
      ],
      [
        8,
        144
      ],
      [
        8,
        161
      ],
      [
        0,
        162
      ]
    ]
  },
  {
    "transcription": "\u0110I\u1ec0U",
    "points": [
      [
        167,
        18
      ],
      [
        261,
        18
      ],
      [
        262,
        76
      ],
      [
        167,
        76
      ]
    ]
  },
  {
    "transcription": "G\u01af\u01a0NG,",
    "points": [
      [
        125,
        151
      ],
      [
        274,
        151
      ],
      [
        275,
        202
      ],
      [
        126,
        202
      ]
    ]
  },
  {
    "transcription": "GI\u00c1",
    "points": [
      [
        46,
        151
      ],
      [
        117,
        151
      ],
      [
        122,
        201
      ],
      [
        46,
        201
      ]
    ]
  },
  {
    "transcription": "NHI\u1ec4U",
    "points": [
      [
        38,
        17
      ],
      [
        158,
        17
      ],
      [
        159,
        75
      ],
      [
        38,
        75
      ]
    ]
  },
  {
    "transcription": "A -",
    "points": [
      [
        0,
        176
      ],
      [
        7,
        175
      ],
      [
        7,
        193
      ],
      [
        0,
        194
      ]
    ]
  },
  {
    "transcription": "PH\u1ee6",
    "points": [
      [
        75,
        83
      ],
      [
        162,
        83
      ],
      [
        163,
        137
      ],
      [
        75,
        138
      ]
    ]
  },
  {
    "transcription": "L\u1ea4Y",
    "points": [
      [
        169,
        81
      ],
      [
        243,
        81
      ],
      [
        244,
        138
      ],
      [
        170,
        138
      ]
    ]
  }
]