[
  {
    "transcription": "-",
    "points": [
      [
        148,
        30
      ],
      [
        164,
        30
      ],
      [
        165,
        53
      ],
      [
        148,
        54
      ]
    ]
  },
  {
    "transcription": "S\u1eec",
    "points": [
      [
        193,
        68
      ],
      [
        267,
        66
      ],
      [
        266,
        123
      ],
      [
        193,
        124
      ]
    ]
  },
  {
    "transcription": "INOX",
    "points": [
      [
        169,
        12
      ],
      [
        269,
        12
      ],
      [
        269,
        63
      ],
      [
        169,
        63
      ]
    ]
  },
  {
    "transcription": "NH\u1ef0A",
    "points": [
      [
        17,
        7
      ],
      [
        143,
        7
      ],
      [
        142,
        76
      ],
      [
        18,
        74
      ]
    ]
  },
  {
    "transcription": "S\u00c0NH",
    "points": [
      [
        20,
        75
      ],
      [
        177,
        76
      ],
      [
        178,
        130
      ],
      [
        20,
        129
      ]
    ]
  }
]