[
  {
    "transcription": "TH\u01af\u01a0NG",
    "points": [
      [
        734,
        35
      ],
      [
        914,
        32
      ],
      [
        915,
        82
      ],
      [
        735,
        86
      ]
    ]
  },
  {
    "transcription": "C\u00d4NG",
    "points": [
      [
        602,
        30
      ],
      [
        726,
        28
      ],
      [
        727,
        88
      ],
      [
        602,
        88
      ]
    ]
  },
  {
    "transcription": "VI\u1ec6T",
    "points": [
      [
        925,
        23
      ],
      [
        1020,
        21
      ],
      [
        1020,
        89
      ],
      [
        927,
        90
      ]
    ]
  },
  {
    "transcription": "NAM",
    "points": [
      [
        1029,
        27
      ],
      [
        1133,
        27
      ],
      [
        1134,
        78
      ],
      [
        1029,
        80
      ]
    ]
  },
  {
    "transcription": "NH\u00c1NH",
    "points": [
      [
        232,
        273
      ],
      [
        515,
        269
      ],
      [
        515,
        435
      ],
      [
        230,
        437
      ]
    ]
  },
  {
    "transcription": "NHCT",
    "points": [
      [
        534,
        289
      ],
      [
        741,
        288
      ],
      [
        741,
        431
      ],
      [
        533,
        431
      ]
    ]
  },
  {
    "transcription": "CHI",
    "points": [
      [
        76,
        299
      ],
      [
        218,
        297
      ],
      [
        217,
        434
      ],
      [
        75,
        438
      ]
    ]
  },
  {
    "transcription": "NG\u00c2N",
    "points": [
      [
        335,
        36
      ],
      [
        464,
        36
      ],
      [
        464,
        93
      ],
      [
        335,
        94
      ]
    ]
  },
  {
    "transcription": "Bank",
    "points": [
      [
        793,
        105
      ],
      [
        1139,
        102
      ],
      [
        1140,
        197
      ],
      [
        792,
        198
      ]
    ]
  },
  {
    "transcription": "INCOM",
    "points": [
      [
        327,
        113
      ],
      [
        790,
        113
      ],
      [
        794,
        201
      ],
      [
        326,
        205
      ]
    ]
  },
  {
    "transcription": "\u0110\u00d4NG",
    "points": [
      [
        761,
        263
      ],
      [
        984,
        260
      ],
      [
        988,
        425
      ],
      [
        761,
        428
      ]
    ]
  },
  {
    "transcription": "H\u00c0NG",
    "points": [
      [
        471,
        33
      ],
      [
        592,
        32
      ],
      [
        593,
        90
      ],
      [
        471,
        92
      ]
    ]
  },
  {
    "transcription": "ANH",
    "points": [
      [
        1005,
        278
      ],
      [
        1176,
        278
      ],
      [
        1178,
        420
      ],
      [
        1005,
        422
      ]
    ]
  }
]