[
  {
    "transcription": "TY",
    "points": [
      [
        236,
        15
      ],
      [
        281,
        16
      ],
      [
        280,
        64
      ],
      [
        236,
        64
      ]
    ]
  },
  {
    "transcription": "CN.",
    "points": [
      [
        71,
        16
      ],
      [
        128,
        16
      ],
      [
        128,
        61
      ],
      [
        71,
        61
      ]
    ]
  },
  {
    "transcription": "\u0110\u1ed8NG",
    "points": [
      [
        590,
        14
      ],
      [
        689,
        14
      ],
      [
        689,
        71
      ],
      [
        590,
        71
      ]
    ]
  },
  {
    "transcription": "\u0110\u1ea6U",
    "points": [
      [
        386,
        7
      ],
      [
        458,
        7
      ],
      [
        457,
        65
      ],
      [
        385,
        65
      ]
    ]
  },
  {
    "transcription": "THU\u1eacN",
    "points": [
      [
        0,
        62
      ],
      [
        582,
        70
      ],
      [
        582,
        214
      ],
      [
        0,
        199
      ]
    ]
  },
  {
    "transcription": "T\u01af",
    "points": [
      [
        463,
        16
      ],
      [
        512,
        15
      ],
      [
        512,
        66
      ],
      [
        463,
        66
      ]
    ]
  },
  {
    "transcription": "KHO\u00c1NG",
    "points": [
      [
        804,
        17
      ],
      [
        955,
        16
      ],
      [
        956,
        65
      ],
      [
        804,
        65
      ]
    ]
  },
  {
    "transcription": "TNHH",
    "points": [
      [
        288,
        17
      ],
      [
        379,
        17
      ],
      [
        380,
        64
      ],
      [
        288,
        64
      ]
    ]
  },
  {
    "transcription": "S\u1ea2N",
    "points": [
      [
        697,
        9
      ],
      [
        771,
        9
      ],
      [
        771,
        65
      ],
      [
        696,
        66
      ]
    ]
  },
  {
    "transcription": "C\u00d4NG",
    "points": [
      [
        134,
        11
      ],
      [
        229,
        12
      ],
      [
        229,
        62
      ],
      [
        133,
        62
      ]
    ]
  },
  {
    "transcription": "VI\u1ec6T",
    "points": [
      [
        615,
        66
      ],
      [
        992,
        63
      ],
      [
        990,
        203
      ],
      [
        615,
        203
      ]
    ]
  },
  {
    "transcription": "-",
    "points": [
      [
        778,
        33
      ],
      [
        796,
        32
      ],
      [
        796,
        54
      ],
      [
        778,
        54
      ]
    ]
  },
  {
    "transcription": "S\u1ea2N",
    "points": [
      [
        962,
        9
      ],
      [
        1040,
        8
      ],
      [
        1041,
        65
      ],
      [
        961,
        66
      ]
    ]
  },
  {
    "transcription": "B\u1ea4T",
    "points": [
      [
        514,
        8
      ],
      [
        582,
        8
      ],
      [
        582,
        67
      ],
      [
        514,
        67
      ]
    ]
  }
]