[
  {
    "transcription": "LONG",
    "points": [
      [
        992,
        115
      ],
      [
        1131,
        116
      ],
      [
        1133,
        197
      ],
      [
        993,
        197
      ]
    ]
  },
  {
    "transcription": "C\u00d4NG",
    "points": [
      [
        130,
        115
      ],
      [
        297,
        116
      ],
      [
        299,
        204
      ],
      [
        130,
        204
      ]
    ]
  },
  {
    "transcription": "T\u01af",
    "points": [
      [
        651,
        11
      ],
      [
        699,
        11
      ],
      [
        699,
        62
      ],
      [
        651,
        62
      ]
    ]
  },
  {
    "transcription": "TNHH",
    "points": [
      [
        394,
        122
      ],
      [
        549,
        124
      ],
      [
        550,
        199
      ],
      [
        394,
        199
      ]
    ]
  },
  {
    "transcription": "K\u1ebe",
    "points": [
      [
        254,
        6
      ],
      [
        309,
        5
      ],
      [
        309,
        63
      ],
      [
        254,
        63
      ]
    ]
  },
  {
    "transcription": "HO\u1ea0CH",
    "points": [
      [
        316,
        10
      ],
      [
        470,
        11
      ],
      [
        471,
        70
      ],
      [
        317,
        70
      ]
    ]
  },
  {
    "transcription": "a",
    "points": [
      [
        607,
        565
      ],
      [
        640,
        563
      ],
      [
        641,
        597
      ],
      [
        607,
        598
      ]
    ]
  },
  {
    "transcription": "D\u1ef0NG",
    "points": [
      [
        687,
        120
      ],
      [
        840,
        118
      ],
      [
        841,
        204
      ],
      [
        688,
        207
      ]
    ]
  },
  {
    "transcription": "NAM",
    "points": [
      [
        853,
        113
      ],
      [
        982,
        114
      ],
      [
        984,
        200
      ],
      [
        854,
        200
      ]
    ]
  },
  {
    "transcription": "S\u1ede",
    "points": [
      [
        183,
        6
      ],
      [
        245,
        5
      ],
      [
        245,
        62
      ],
      [
        183,
        62
      ]
    ]
  },
  {
    "transcription": "NAM",
    "points": [
      [
        451,
        454
      ],
      [
        630,
        453
      ],
      [
        632,
        520
      ],
      [
        452,
        522
      ]
    ]
  },
  {
    "transcription": "N\u1ed8I",
    "points": [
      [
        1004,
        8
      ],
      [
        1079,
        9
      ],
      [
        1082,
        70
      ],
      [
        1006,
        69
      ]
    ]
  },
  {
    "transcription": "\u0110\u1ea6U",
    "points": [
      [
        556,
        3
      ],
      [
        643,
        4
      ],
      [
        644,
        61
      ],
      [
        556,
        61
      ]
    ]
  },
  {
    "transcription": "G",
    "points": [
      [
        669,
        557
      ],
      [
        705,
        557
      ],
      [
        704,
        597
      ],
      [
        667,
        597
      ]
    ]
  },
  {
    "transcription": "X\u00c2Y",
    "points": [
      [
        563,
        109
      ],
      [
        675,
        108
      ],
      [
        675,
        203
      ],
      [
        562,
        204
      ]
    ]
  },
  {
    "transcription": "H\u00c0",
    "points": [
      [
        940,
        7
      ],
      [
        997,
        7
      ],
      [
        999,
        62
      ],
      [
        941,
        62
      ]
    ]
  },
  {
    "transcription": "TH\u00c0NH",
    "points": [
      [
        706,
        5
      ],
      [
        839,
        5
      ],
      [
        840,
        62
      ],
      [
        706,
        62
      ]
    ]
  },
  {
    "transcription": "PH\u1ed0",
    "points": [
      [
        848,
        5
      ],
      [
        931,
        4
      ],
      [
        932,
        64
      ],
      [
        848,
        64
      ]
    ]
  },
  {
    "transcription": "LONG",
    "points": [
      [
        641,
        448
      ],
      [
        858,
        447
      ],
      [
        860,
        512
      ],
      [
        641,
        514
      ]
    ]
  },
  {
    "transcription": "TY",
    "points": [
      [
        309,
        117
      ],
      [
        383,
        116
      ],
      [
        384,
        206
      ],
      [
        309,
        207
      ]
    ]
  },
  {
    "transcription": "V\u00c0",
    "points": [
      [
        482,
        5
      ],
      [
        544,
        4
      ],
      [
        548,
        61
      ],
      [
        485,
        60
      ]
    ]
  },
  {
    "transcription": "4.",
    "points": [
      [
        603,
        61
      ],
      [
        683,
        60
      ],
      [
        683,
        90
      ],
      [
        603,
        90
      ]
    ]
  }
]