[
  {
    "transcription": "TH\u00c0NH",
    "points": [
      [
        518,
        26
      ],
      [
        1018,
        28
      ],
      [
        1023,
        186
      ],
      [
        518,
        188
      ]
    ]
  },
  {
    "transcription": "LAM",
    "points": [
      [
        89,
        51
      ],
      [
        481,
        50
      ],
      [
        483,
        187
      ],
      [
        90,
        188
      ]
    ]
  },
  {
    "transcription": "TH\u00c0NH",
    "points": [
      [
        520,
        23
      ],
      [
        1024,
        23
      ],
      [
        1024,
        187
      ],
      [
        520,
        187
      ]
    ]
  },
  {
    "transcription": "LAM",
    "points": [
      [
        92,
        60
      ],
      [
        482,
        60
      ],
      [
        482,
        184
      ],
      [
        92,
        184
      ]
    ]
  }
]