[
  {
    "transcription": "NH\u1eacT",
    "points": [
      [
        585,
        176
      ],
      [
        1169,
        181
      ],
      [
        1183,
        386
      ],
      [
        588,
        369
      ]
    ]
  },
  {
    "transcription": "D\u1ef0NG",
    "points": [
      [
        936,
        72
      ],
      [
        1137,
        91
      ],
      [
        1142,
        155
      ],
      [
        936,
        140
      ]
    ]
  },
  {
    "transcription": "C\u00d4NG",
    "points": [
      [
        123,
        87
      ],
      [
        314,
        65
      ],
      [
        313,
        131
      ],
      [
        114,
        154
      ]
    ]
  },
  {
    "transcription": "TY",
    "points": [
      [
        329,
        70
      ],
      [
        425,
        64
      ],
      [
        422,
        120
      ],
      [
        331,
        127
      ]
    ]
  },
  {
    "transcription": "PH\u1ea6N",
    "points": [
      [
        560,
        42
      ],
      [
        764,
        42
      ],
      [
        766,
        117
      ],
      [
        558,
        117
      ]
    ]
  },
  {
    "transcription": "X\u00c2Y",
    "points": [
      [
        778,
        54
      ],
      [
        923,
        56
      ],
      [
        923,
        127
      ],
      [
        777,
        125
      ]
    ]
  },
  {
    "transcription": "VI\u1ec6T",
    "points": [
      [
        81,
        187
      ],
      [
        539,
        154
      ],
      [
        520,
        406
      ],
      [
        75,
        412
      ]
    ]
  },
  {
    "transcription": "C\u1ed4",
    "points": [
      [
        440,
        44
      ],
      [
        545,
        38
      ],
      [
        545,
        117
      ],
      [
        440,
        120
      ]
    ]
  }
]