[
  {
    "transcription": "T\u00f3c",
    "points": [
      [
        44,
        96
      ],
      [
        250,
        101
      ],
      [
        252,
        172
      ],
      [
        45,
        171
      ]
    ]
  },
  {
    "transcription": "B\u1ea1c",
    "points": [
      [
        31,
        181
      ],
      [
        259,
        187
      ],
      [
        261,
        267
      ],
      [
        31,
        264
      ]
    ]
  },
  {
    "transcription": "T\u00f3c",
    "points": [
      [
        50,
        99
      ],
      [
        250,
        99
      ],
      [
        250,
        171
      ],
      [
        50,
        171
      ]
    ]
  }
]