[
  {
    "transcription": "M\u00c8O",
    "points": [
      [
        271,
        297
      ],
      [
        316,
        294
      ],
      [
        317,
        319
      ],
      [
        272,
        321
      ]
    ]
  },
  {
    "transcription": "c\u00f3",
    "points": [
      [
        372,
        251
      ],
      [
        403,
        252
      ],
      [
        403,
        279
      ],
      [
        372,
        279
      ]
    ]
  },
  {
    "transcription": "C\u1ee6A",
    "points": [
      [
        319,
        292
      ],
      [
        358,
        291
      ],
      [
        366,
        316
      ],
      [
        321,
        318
      ]
    ]
  },
  {
    "transcription": "TH\u1ea4Y",
    "points": [
      [
        405,
        251
      ],
      [
        458,
        251
      ],
      [
        457,
        276
      ],
      [
        405,
        277
      ]
    ]
  },
  {
    "transcription": "CON",
    "points": [
      [
        229,
        303
      ],
      [
        268,
        301
      ],
      [
        268,
        321
      ],
      [
        230,
        324
      ]
    ]
  },
  {
    "transcription": "M\u1eccI",
    "points": [
      [
        253,
        266
      ],
      [
        294,
        263
      ],
      [
        294,
        285
      ],
      [
        255,
        288
      ]
    ]
  },
  {
    "transcription": "TUI",
    "points": [
      [
        366,
        294
      ],
      [
        402,
        294
      ],
      [
        402,
        315
      ],
      [
        368,
        316
      ]
    ]
  },
  {
    "transcription": "NG\u01af\u1edcI",
    "points": [
      [
        297,
        257
      ],
      [
        368,
        252
      ],
      [
        368,
        280
      ],
      [
        298,
        284
      ]
    ]
  },
  {
    "transcription": "KH\u00d4NG",
    "points": [
      [
        405,
        289
      ],
      [
        486,
        287
      ],
      [
        486,
        313
      ],
      [
        405,
        315
      ]
    ]
  },
  {
    "transcription": "CON",
    "points": [
      [
        231,
        302
      ],
      [
        267,
        302
      ],
      [
        267,
        324
      ],
      [
        231,
        324
      ]
    ]
  },
  {
    "transcription": "c\u00f3",
    "points": [
      [
        373,
        252
      ],
      [
        403,
        252
      ],
      [
        403,
        278
      ],
      [
        373,
        278
      ]
    ]
  },
  {
    "transcription": "TH\u1ea4Y",
    "points": [
      [
        406,
        249
      ],
      [
        458,
        249
      ],
      [
        458,
        277
      ],
      [
        406,
        277
      ]
    ]
  },
  {
    "transcription": "M\u1eccI",
    "points": [
      [
        253,
        263
      ],
      [
        293,
        263
      ],
      [
        293,
        289
      ],
      [
        253,
        289
      ]
    ]
  },
  {
    "transcription": "TUI",
    "points": [
      [
        367,
        294
      ],
      [
        401,
        294
      ],
      [
        401,
        314
      ],
      [
        367,
        314
      ]
    ]
  },
  {
    "transcription": "M\u00c8O",
    "points": [
      [
        271,
        294
      ],
      [
        317,
        294
      ],
      [
        317,
        320
      ],
      [
        271,
        320
      ]
    ]
  },
  {
    "transcription": "KH\u00d4NG",
    "points": [
      [
        406,
        288
      ],
      [
        486,
        288
      ],
      [
        486,
        314
      ],
      [
        406,
        314
      ]
    ]
  },
  {
    "transcription": "NG\u01af\u1edcI",
    "points": [
      [
        297,
        253
      ],
      [
        367,
        253
      ],
      [
        367,
        283
      ],
      [
        297,
        283
      ]
    ]
  },
  {
    "transcription": "C\u1ee6A",
    "points": [
      [
        322,
        291
      ],
      [
        364,
        291
      ],
      [
        364,
        317
      ],
      [
        322,
        317
      ]
    ]
  }
]