[
  {
    "transcription": "SOAN",
    "points": [
      [
        191,
        230
      ],
      [
        239,
        230
      ],
      [
        239,
        265
      ],
      [
        190,
        266
      ]
    ]
  },
  {
    "transcription": "\u0110\u00c1NH",
    "points": [
      [
        13,
        228
      ],
      [
        69,
        227
      ],
      [
        69,
        269
      ],
      [
        13,
        269
      ]
    ]
  },
  {
    "transcription": "M\u00c1Y",
    "points": [
      [
        71,
        228
      ],
      [
        113,
        227
      ],
      [
        113,
        268
      ],
      [
        71,
        269
      ]
    ]
  },
  {
    "transcription": "IN",
    "points": [
      [
        40,
        280
      ],
      [
        73,
        280
      ],
      [
        73,
        312
      ],
      [
        39,
        312
      ]
    ]
  },
  {
    "transcription": "-",
    "points": [
      [
        137,
        289
      ],
      [
        150,
        289
      ],
      [
        150,
        302
      ],
      [
        137,
        302
      ]
    ]
  },
  {
    "transcription": "M\u00c0U",
    "points": [
      [
        155,
        271
      ],
      [
        215,
        271
      ],
      [
        215,
        309
      ],
      [
        154,
        310
      ]
    ]
  },
  {
    "transcription": "PHOTO",
    "points": [
      [
        16,
        73
      ],
      [
        246,
        78
      ],
      [
        248,
        142
      ],
      [
        16,
        141
      ]
    ]
  },
  {
    "transcription": "\u0110EN",
    "points": [
      [
        77,
        278
      ],
      [
        134,
        278
      ],
      [
        134,
        312
      ],
      [
        77,
        313
      ]
    ]
  },
  {
    "transcription": "-",
    "points": [
      [
        179,
        244
      ],
      [
        189,
        244
      ],
      [
        189,
        257
      ],
      [
        179,
        257
      ]
    ]
  },
  {
    "transcription": "COPY",
    "points": [
      [
        34,
        155
      ],
      [
        229,
        157
      ],
      [
        228,
        220
      ],
      [
        36,
        222
      ]
    ]
  },
  {
    "transcription": "T\u1ec8NH",
    "points": [
      [
        136,
        226
      ],
      [
        177,
        226
      ],
      [
        177,
        267
      ],
      [
        136,
        267
      ]
    ]
  },
  {
    "transcription": "VI",
    "points": [
      [
        115,
        234
      ],
      [
        134,
        233
      ],
      [
        134,
        266
      ],
      [
        116,
        266
      ]
    ]
  }
]