[
  {
    "transcription": "N\u00c1M,",
    "points": [
      [
        107,
        6
      ],
      [
        174,
        5
      ],
      [
        174,
        53
      ],
      [
        107,
        53
      ]
    ]
  },
  {
    "transcription": "T\u00c2N",
    "points": [
      [
        179,
        5
      ],
      [
        231,
        6
      ],
      [
        231,
        50
      ],
      [
        179,
        50
      ]
    ]
  },
  {
    "transcription": "NHANG",
    "points": [
      [
        235,
        9
      ],
      [
        327,
        10
      ],
      [
        327,
        50
      ],
      [
        236,
        49
      ]
    ]
  },
  {
    "transcription": "TR\u1eca",
    "points": [
      [
        59,
        8
      ],
      [
        103,
        10
      ],
      [
        104,
        56
      ],
      [
        59,
        55
      ]
    ]
  },
  {
    "transcription": "NHANG",
    "points": [
      [
        236,
        9
      ],
      [
        324,
        9
      ],
      [
        324,
        51
      ],
      [
        236,
        51
      ]
    ]
  },
  {
    "transcription": "TR\u1eca",
    "points": [
      [
        62,
        13
      ],
      [
        102,
        13
      ],
      [
        102,
        53
      ],
      [
        62,
        53
      ]
    ]
  },
  {
    "transcription": "T\u00c0N",
    "points": [
      [
        182,
        7
      ],
      [
        230,
        7
      ],
      [
        230,
        51
      ],
      [
        182,
        51
      ]
    ]
  },
  {
    "transcription": "N\u00c1M,",
    "points": [
      [
        110,
        7
      ],
      [
        174,
        7
      ],
      [
        174,
        51
      ],
      [
        110,
        51
      ]
    ]
  }
]