[
  {
    "transcription": "HI\u1ec6U",
    "points": [
      [
        203,
        132
      ],
      [
        230,
        132
      ],
      [
        230,
        147
      ],
      [
        203,
        147
      ]
    ]
  },
  {
    "transcription": "\u0110\u1ec2",
    "points": [
      [
        153,
        146
      ],
      [
        170,
        146
      ],
      [
        170,
        161
      ],
      [
        152,
        161
      ]
    ]
  },
  {
    "transcription": "N\u00c3O",
    "points": [
      [
        200,
        179
      ],
      [
        225,
        179
      ],
      [
        225,
        192
      ],
      [
        200,
        192
      ]
    ]
  },
  {
    "transcription": "M\u0168",
    "points": [
      [
        176,
        101
      ],
      [
        195,
        101
      ],
      [
        195,
        115
      ],
      [
        176,
        115
      ]
    ]
  },
  {
    "transcription": "TH\u01af\u01a0NG",
    "points": [
      [
        196,
        164
      ],
      [
        244,
        164
      ],
      [
        245,
        176
      ],
      [
        196,
        176
      ]
    ]
  },
  {
    "transcription": "TECHCOMBANK",
    "points": [
      [
        152,
        235
      ],
      [
        251,
        236
      ],
      [
        251,
        250
      ],
      [
        152,
        249
      ]
    ]
  },
  {
    "transcription": "B\u1ea2O",
    "points": [
      [
        197,
        101
      ],
      [
        222,
        101
      ],
      [
        222,
        115
      ],
      [
        197,
        115
      ]
    ]
  },
  {
    "transcription": "PH\u00d2NG",
    "points": [
      [
        171,
        148
      ],
      [
        212,
        148
      ],
      [
        212,
        161
      ],
      [
        171,
        161
      ]
    ]
  },
  {
    "transcription": "TR\u00c1NH",
    "points": [
      [
        213,
        148
      ],
      [
        254,
        149
      ],
      [
        255,
        161
      ],
      [
        214,
        161
      ]
    ]
  },
  {
    "transcription": "BI\u1ec6N",
    "points": [
      [
        181,
        117
      ],
      [
        209,
        117
      ],
      [
        209,
        131
      ],
      [
        181,
        131
      ]
    ]
  },
  {
    "transcription": "tho\u00e1m",
    "points": [
      [
        110,
        160
      ],
      [
        133,
        161
      ],
      [
        134,
        169
      ],
      [
        110,
        169
      ]
    ]
  },
  {
    "transcription": "PH\u00c1P",
    "points": [
      [
        211,
        118
      ],
      [
        242,
        118
      ],
      [
        242,
        130
      ],
      [
        211,
        130
      ]
    ]
  },
  {
    "transcription": "t\u00ednh",
    "points": [
      [
        111,
        158
      ],
      [
        133,
        158
      ],
      [
        133,
        164
      ],
      [
        111,
        164
      ]
    ]
  },
  {
    "transcription": "L\u00c0",
    "points": [
      [
        164,
        117
      ],
      [
        179,
        117
      ],
      [
        180,
        130
      ],
      [
        164,
        130
      ]
    ]
  },
  {
    "transcription": "\u0110\u1ed8I",
    "points": [
      [
        156,
        102
      ],
      [
        175,
        102
      ],
      [
        175,
        116
      ],
      [
        156,
        116
      ]
    ]
  },
  {
    "transcription": "H\u1eeeU",
    "points": [
      [
        175,
        133
      ],
      [
        202,
        133
      ],
      [
        202,
        145
      ],
      [
        175,
        145
      ]
    ]
  },
  {
    "transcription": "SO",
    "points": [
      [
        180,
        179
      ],
      [
        199,
        179
      ],
      [
        199,
        193
      ],
      [
        180,
        192
      ]
    ]
  },
  {
    "transcription": "CH\u1ea4N",
    "points": [
      [
        161,
        163
      ],
      [
        195,
        163
      ],
      [
        195,
        176
      ],
      [
        161,
        176
      ]
    ]
  },
  {
    "transcription": "M",
    "points": [
      [
        243,
        103
      ],
      [
        253,
        104
      ],
      [
        253,
        114
      ],
      [
        243,
        114
      ]
    ]
  },
  {
    "transcription": "HI\u1ec2M",
    "points": [
      [
        224,
        101
      ],
      [
        251,
        101
      ],
      [
        251,
        115
      ],
      [
        224,
        115
      ]
    ]
  }
]