[
  {
    "transcription": "\u0110I\u1ec0U",
    "points": [
      [
        194,
        10
      ],
      [
        253,
        10
      ],
      [
        253,
        58
      ],
      [
        194,
        58
      ]
    ]
  },
  {
    "transcription": "S\u00d3C",
    "points": [
      [
        80,
        14
      ],
      [
        131,
        14
      ],
      [
        132,
        58
      ],
      [
        80,
        58
      ]
    ]
  },
  {
    "transcription": "DA",
    "points": [
      [
        137,
        18
      ],
      [
        173,
        18
      ],
      [
        174,
        59
      ],
      [
        137,
        59
      ]
    ]
  },
  {
    "transcription": "CH\u0102M",
    "points": [
      [
        0,
        14
      ],
      [
        74,
        13
      ],
      [
        74,
        58
      ],
      [
        0,
        58
      ]
    ]
  },
  {
    "transcription": "-",
    "points": [
      [
        177,
        22
      ],
      [
        191,
        23
      ],
      [
        191,
        62
      ],
      [
        177,
        63
      ]
    ]
  },
  {
    "transcription": "M\u1ee4N",
    "points": [
      [
        303,
        16
      ],
      [
        367,
        16
      ],
      [
        367,
        63
      ],
      [
        303,
        63
      ]
    ]
  },
  {
    "transcription": "TR\u1eca",
    "points": [
      [
        258,
        18
      ],
      [
        300,
        18
      ],
      [
        301,
        63
      ],
      [
        259,
        63
      ]
    ]
  }
]