[
  {
    "transcription": "PH\u00daC",
    "points": [
      [
        266,
        3
      ],
      [
        344,
        2
      ],
      [
        344,
        49
      ],
      [
        265,
        49
      ]
    ]
  },
  {
    "transcription": "H\u1ea0NH",
    "points": [
      [
        180,
        6
      ],
      [
        260,
        7
      ],
      [
        260,
        56
      ],
      [
        181,
        55
      ]
    ]
  },
  {
    "transcription": "CH\u00d2NG",
    "points": [
      [
        72,
        4
      ],
      [
        175,
        4
      ],
      [
        175,
        48
      ],
      [
        72,
        49
      ]
    ]
  }
]