[
  {
    "transcription": "S\u1ea2N",
    "points": [
      [
        498,
        105
      ],
      [
        707,
        96
      ],
      [
        709,
        286
      ],
      [
        496,
        288
      ]
    ]
  },
  {
    "transcription": "BI\u1ec2N",
    "points": [
      [
        157,
        317
      ],
      [
        371,
        312
      ],
      [
        374,
        496
      ],
      [
        157,
        495
      ]
    ]
  },
  {
    "transcription": "\u0110\u00d4NG",
    "points": [
      [
        396,
        338
      ],
      [
        665,
        343
      ],
      [
        667,
        501
      ],
      [
        396,
        498
      ]
    ]
  },
  {
    "transcription": "H\u1ea2I",
    "points": [
      [
        311,
        110
      ],
      [
        476,
        104
      ],
      [
        478,
        288
      ],
      [
        310,
        289
      ]
    ]
  },
  {
    "transcription": "CH\u1ee2",
    "points": [
      [
        113,
        148
      ],
      [
        299,
        144
      ],
      [
        300,
        317
      ],
      [
        113,
        314
      ]
    ]
  }
]