[
  {
    "transcription": "NAM",
    "points": [
      [
        393,
        29
      ],
      [
        533,
        30
      ],
      [
        534,
        102
      ],
      [
        393,
        102
      ]
    ]
  },
  {
    "transcription": "219A",
    "points": [
      [
        515,
        114
      ],
      [
        598,
        115
      ],
      [
        598,
        159
      ],
      [
        515,
        159
      ]
    ]
  },
  {
    "transcription": "219A",
    "points": [
      [
        6,
        108
      ],
      [
        94,
        109
      ],
      [
        95,
        153
      ],
      [
        6,
        153
      ]
    ]
  },
  {
    "transcription": "T\u00d3C",
    "points": [
      [
        255,
        15
      ],
      [
        378,
        15
      ],
      [
        379,
        102
      ],
      [
        256,
        102
      ]
    ]
  },
  {
    "transcription": "TI\u1ec6M",
    "points": [
      [
        83,
        14
      ],
      [
        240,
        15
      ],
      [
        240,
        107
      ],
      [
        83,
        107
      ]
    ]
  }
]