[
  {
    "transcription": "\u0110I\u1ec6N",
    "points": [
      [
        100,
        200
      ],
      [
        137,
        200
      ],
      [
        134,
        240
      ],
      [
        96,
        240
      ]
    ]
  },
  {
    "transcription": "CH\u1eeeA",
    "points": [
      [
        105,
        151
      ],
      [
        144,
        153
      ],
      [
        142,
        188
      ],
      [
        102,
        186
      ]
    ]
  },
  {
    "transcription": "S\u1eecA",
    "points": [
      [
        116,
        101
      ],
      [
        145,
        101
      ],
      [
        143,
        140
      ],
      [
        113,
        138
      ]
    ]
  },
  {
    "transcription": "35",
    "points": [
      [
        122,
        34
      ],
      [
        162,
        34
      ],
      [
        161,
        62
      ],
      [
        122,
        62
      ]
    ]
  },
  {
    "transcription": "THO\u1ea0I",
    "points": [
      [
        88,
        254
      ],
      [
        132,
        255
      ],
      [
        129,
        293
      ],
      [
        86,
        292
      ]
    ]
  },
  {
    "transcription": "35",
    "points": [
      [
        122,
        36
      ],
      [
        160,
        36
      ],
      [
        160,
        62
      ],
      [
        122,
        62
      ]
    ]
  },
  {
    "transcription": "S\u1eecA",
    "points": [
      [
        115,
        100
      ],
      [
        143,
        100
      ],
      [
        143,
        138
      ],
      [
        115,
        138
      ]
    ]
  },
  {
    "transcription": "THO\u1ea0I",
    "points": [
      [
        85,
        255
      ],
      [
        131,
        255
      ],
      [
        131,
        293
      ],
      [
        85,
        293
      ]
    ]
  },
  {
    "transcription": "CH\u1eeeA",
    "points": [
      [
        102,
        152
      ],
      [
        144,
        152
      ],
      [
        144,
        186
      ],
      [
        102,
        186
      ]
    ]
  },
  {
    "transcription": "\u0110I\u1ec6N",
    "points": [
      [
        96,
        200
      ],
      [
        136,
        200
      ],
      [
        136,
        240
      ],
      [
        96,
        240
      ]
    ]
  }
]