[
  {
    "transcription": "SEAFOOD",
    "points": [
      [
        1153,
        332
      ],
      [
        1337,
        333
      ],
      [
        1337,
        365
      ],
      [
        1152,
        365
      ]
    ]
  },
  {
    "transcription": "Ho\u00e0ng",
    "points": [
      [
        218,
        0
      ],
      [
        764,
        1
      ],
      [
        763,
        153
      ],
      [
        218,
        151
      ]
    ]
  },
  {
    "transcription": "h\u00e0ng",
    "points": [
      [
        234,
        338
      ],
      [
        371,
        340
      ],
      [
        368,
        391
      ],
      [
        230,
        391
      ]
    ]
  },
  {
    "transcription": "SEAFOOD",
    "points": [
      [
        1139,
        341
      ],
      [
        1344,
        343
      ],
      [
        1346,
        377
      ],
      [
        1137,
        376
      ]
    ]
  },
  {
    "transcription": "Nh\u00e0",
    "points": [
      [
        113,
        339
      ],
      [
        225,
        339
      ],
      [
        224,
        386
      ],
      [
        111,
        386
      ]
    ]
  },
  {
    "transcription": "Qu\u00e2n",
    "points": [
      [
        797,
        0
      ],
      [
        1260,
        0
      ],
      [
        1262,
        142
      ],
      [
        801,
        150
      ]
    ]
  },
  {
    "transcription": "Restauran",
    "points": [
      [
        1122,
        361
      ],
      [
        1345,
        367
      ],
      [
        1345,
        398
      ],
      [
        1122,
        396
      ]
    ]
  },
  {
    "transcription": "Qu\u00e2n",
    "points": [
      [
        784,
        340
      ],
      [
        1000,
        340
      ],
      [
        1003,
        395
      ],
      [
        785,
        399
      ]
    ]
  },
  {
    "transcription": "Ho\u00e0ng",
    "points": [
      [
        508,
        339
      ],
      [
        765,
        342
      ],
      [
        767,
        401
      ],
      [
        508,
        400
      ]
    ]
  }
]