[
  {
    "transcription": "\u0110\u1ed8NG",
    "points": [
      [
        440,
        5
      ],
      [
        564,
        5
      ],
      [
        567,
        56
      ],
      [
        441,
        57
      ]
    ]
  },
  {
    "transcription": "B\u1ea4T",
    "points": [
      [
        349,
        2
      ],
      [
        435,
        2
      ],
      [
        437,
        51
      ],
      [
        350,
        52
      ]
    ]
  },
  {
    "transcription": "C\u00c1C",
    "points": [
      [
        1,
        6
      ],
      [
        91,
        6
      ],
      [
        91,
        53
      ],
      [
        0,
        53
      ]
    ]
  },
  {
    "transcription": "S\u1ea2N",
    "points": [
      [
        105,
        3
      ],
      [
        197,
        4
      ],
      [
        198,
        51
      ],
      [
        105,
        52
      ]
    ]
  },
  {
    "transcription": "PH\u1ea8M",
    "points": [
      [
        208,
        2
      ],
      [
        341,
        2
      ],
      [
        343,
        53
      ],
      [
        208,
        54
      ]
    ]
  },
  {
    "transcription": "B\u1ea4T",
    "points": [
      [
        351,
        4
      ],
      [
        435,
        4
      ],
      [
        435,
        50
      ],
      [
        351,
        50
      ]
    ]
  },
  {
    "transcription": "S\u1ea2N",
    "points": [
      [
        105,
        3
      ],
      [
        197,
        3
      ],
      [
        197,
        53
      ],
      [
        105,
        53
      ]
    ]
  },
  {
    "transcription": "PH\u1ea8M",
    "points": [
      [
        208,
        3
      ],
      [
        344,
        3
      ],
      [
        344,
        51
      ],
      [
        208,
        51
      ]
    ]
  },
  {
    "transcription": "C\u00c1C",
    "points": [
      [
        0,
        8
      ],
      [
        88,
        8
      ],
      [
        88,
        54
      ],
      [
        0,
        54
      ]
    ]
  },
  {
    "transcription": "\u0110\u1ed8NG",
    "points": [
      [
        442,
        7
      ],
      [
        566,
        7
      ],
      [
        566,
        55
      ],
      [
        442,
        55
      ]
    ]
  }
]