[
  {
    "transcription": "VI\u1ec6N",
    "points": [
      [
        428,
        168
      ],
      [
        560,
        187
      ],
      [
        562,
        268
      ],
      [
        431,
        249
      ]
    ]
  },
  {
    "transcription": "NG\u1eee",
    "points": [
      [
        306,
        234
      ],
      [
        434,
        250
      ],
      [
        434,
        325
      ],
      [
        306,
        311
      ]
    ]
  },
  {
    "transcription": "H\u1eccC",
    "points": [
      [
        288,
        142
      ],
      [
        414,
        162
      ],
      [
        415,
        237
      ],
      [
        287,
        222
      ]
    ]
  },
  {
    "transcription": "QU\u1eacN",
    "points": [
      [
        547,
        465
      ],
      [
        595,
        468
      ],
      [
        597,
        503
      ],
      [
        548,
        500
      ]
    ]
  },
  {
    "transcription": "ENGLISH",
    "points": [
      [
        291,
        341
      ],
      [
        461,
        367
      ],
      [
        461,
        423
      ],
      [
        291,
        400
      ]
    ]
  },
  {
    "transcription": "HAI",
    "points": [
      [
        280,
        435
      ],
      [
        320,
        438
      ],
      [
        321,
        470
      ],
      [
        280,
        467
      ]
    ]
  },
  {
    "transcription": "371/5",
    "points": [
      [
        211,
        425
      ],
      [
        273,
        431
      ],
      [
        274,
        464
      ],
      [
        211,
        460
      ]
    ]
  },
  {
    "transcription": "\u0110C:",
    "points": [
      [
        166,
        420
      ],
      [
        209,
        422
      ],
      [
        210,
        458
      ],
      [
        166,
        455
      ]
    ]
  },
  {
    "transcription": "B\u00c0",
    "points": [
      [
        324,
        437
      ],
      [
        355,
        439
      ],
      [
        358,
        474
      ],
      [
        325,
        473
      ]
    ]
  },
  {
    "transcription": "\u0110T:",
    "points": [
      [
        235,
        471
      ],
      [
        273,
        473
      ],
      [
        274,
        505
      ],
      [
        235,
        502
      ]
    ]
  },
  {
    "transcription": "www.",
    "points": [
      [
        482,
        498
      ],
      [
        544,
        501
      ],
      [
        545,
        531
      ],
      [
        485,
        527
      ]
    ]
  },
  {
    "transcription": "ANH",
    "points": [
      [
        151,
        209
      ],
      [
        284,
        231
      ],
      [
        283,
        301
      ],
      [
        144,
        280
      ]
    ]
  },
  {
    "transcription": "T\u1ebe",
    "points": [
      [
        606,
        290
      ],
      [
        679,
        294
      ],
      [
        682,
        369
      ],
      [
        609,
        363
      ]
    ]
  },
  {
    "transcription": "ACADENY",
    "points": [
      [
        479,
        375
      ],
      [
        651,
        396
      ],
      [
        651,
        448
      ],
      [
        479,
        428
      ]
    ]
  },
  {
    "transcription": "TR\u01afNG,",
    "points": [
      [
        360,
        444
      ],
      [
        432,
        448
      ],
      [
        434,
        485
      ],
      [
        360,
        478
      ]
    ]
  },
  {
    "transcription": "QU\u1ed0C",
    "points": [
      [
        449,
        258
      ],
      [
        593,
        275
      ],
      [
        595,
        355
      ],
      [
        450,
        336
      ]
    ]
  },
  {
    "transcription": "SS",
    "points": [
      [
        209,
        333
      ],
      [
        273,
        335
      ],
      [
        275,
        391
      ],
      [
        209,
        390
      ]
    ]
  },
  {
    "transcription": "HCM",
    "points": [
      [
        649,
        481
      ],
      [
        686,
        483
      ],
      [
        687,
        510
      ],
      [
        649,
        508
      ]
    ]
  },
  {
    "transcription": "8,",
    "points": [
      [
        521,
        463
      ],
      [
        543,
        463
      ],
      [
        544,
        497
      ],
      [
        522,
        495
      ]
    ]
  },
  {
    "transcription": "3699",
    "points": [
      [
        369,
        485
      ],
      [
        416,
        489
      ],
      [
        416,
        518
      ],
      [
        369,
        515
      ]
    ]
  },
  {
    "transcription": "PH\u01af\u1edcNG",
    "points": [
      [
        442,
        452
      ],
      [
        519,
        455
      ],
      [
        520,
        493
      ],
      [
        443,
        488
      ]
    ]
  },
  {
    "transcription": "(028)",
    "points": [
      [
        272,
        472
      ],
      [
        319,
        474
      ],
      [
        320,
        511
      ],
      [
        272,
        510
      ]
    ]
  },
  {
    "transcription": "3,",
    "points": [
      [
        598,
        474
      ],
      [
        619,
        475
      ],
      [
        620,
        505
      ],
      [
        600,
        503
      ]
    ]
  },
  {
    "transcription": "6272",
    "points": [
      [
        321,
        480
      ],
      [
        368,
        484
      ],
      [
        368,
        514
      ],
      [
        321,
        510
      ]
    ]
  },
  {
    "transcription": "VN",
    "points": [
      [
        615,
        512
      ],
      [
        642,
        514
      ],
      [
        645,
        541
      ],
      [
        618,
        538
      ]
    ]
  },
  {
    "transcription": "TP.",
    "points": [
      [
        622,
        478
      ],
      [
        645,
        478
      ],
      [
        649,
        507
      ],
      [
        624,
        505
      ]
    ]
  },
  {
    "transcription": "SS.",
    "points": [
      [
        545,
        505
      ],
      [
        574,
        505
      ],
      [
        578,
        535
      ],
      [
        548,
        534
      ]
    ]
  },
  {
    "transcription": "EDU.VN",
    "points": [
      [
        578,
        510
      ],
      [
        644,
        510
      ],
      [
        644,
        538
      ],
      [
        578,
        538
      ]
    ]
  },
  {
    "transcription": "\u0110C:",
    "points": [
      [
        169,
        421
      ],
      [
        209,
        421
      ],
      [
        209,
        457
      ],
      [
        169,
        457
      ]
    ]
  },
  {
    "transcription": "3,",
    "points": [
      [
        598,
        475
      ],
      [
        620,
        475
      ],
      [
        620,
        505
      ],
      [
        598,
        505
      ]
    ]
  },
  {
    "transcription": "8,",
    "points": [
      [
        522,
        466
      ],
      [
        544,
        466
      ],
      [
        544,
        496
      ],
      [
        522,
        496
      ]
    ]
  },
  {
    "transcription": "SS.",
    "points": [
      [
        548,
        507
      ],
      [
        578,
        507
      ],
      [
        578,
        533
      ],
      [
        548,
        533
      ]
    ]
  },
  {
    "transcription": "\u0110T:",
    "points": [
      [
        237,
        471
      ],
      [
        273,
        471
      ],
      [
        273,
        505
      ],
      [
        237,
        505
      ]
    ]
  },
  {
    "transcription": "371/5",
    "points": [
      [
        213,
        426
      ],
      [
        273,
        426
      ],
      [
        273,
        464
      ],
      [
        213,
        464
      ]
    ]
  },
  {
    "transcription": "TP.",
    "points": [
      [
        622,
        478
      ],
      [
        648,
        478
      ],
      [
        648,
        506
      ],
      [
        622,
        506
      ]
    ]
  },
  {
    "transcription": "B\u00c0",
    "points": [
      [
        326,
        437
      ],
      [
        356,
        437
      ],
      [
        356,
        473
      ],
      [
        326,
        473
      ]
    ]
  },
  {
    "transcription": "www.",
    "points": [
      [
        484,
        499
      ],
      [
        544,
        499
      ],
      [
        544,
        531
      ],
      [
        484,
        531
      ]
    ]
  },
  {
    "transcription": "QU\u1eacN",
    "points": [
      [
        548,
        466
      ],
      [
        596,
        466
      ],
      [
        596,
        502
      ],
      [
        548,
        502
      ]
    ]
  },
  {
    "transcription": "HAI",
    "points": [
      [
        282,
        436
      ],
      [
        318,
        436
      ],
      [
        318,
        468
      ],
      [
        282,
        468
      ]
    ]
  },
  {
    "transcription": "PH\u01af\u1edcNG",
    "points": [
      [
        444,
        454
      ],
      [
        518,
        454
      ],
      [
        518,
        490
      ],
      [
        444,
        490
      ]
    ]
  },
  {
    "transcription": "HCM",
    "points": [
      [
        650,
        481
      ],
      [
        686,
        481
      ],
      [
        686,
        507
      ],
      [
        650,
        507
      ]
    ]
  },
  {
    "transcription": "NG\u1eee",
    "points": [
      [
        305,
        238
      ],
      [
        437,
        238
      ],
      [
        437,
        324
      ],
      [
        305,
        324
      ]
    ]
  },
  {
    "transcription": "SS",
    "points": [
      [
        211,
        333
      ],
      [
        275,
        333
      ],
      [
        275,
        391
      ],
      [
        211,
        391
      ]
    ]
  },
  {
    "transcription": "H\u1eccC",
    "points": [
      [
        290,
        142
      ],
      [
        414,
        142
      ],
      [
        414,
        240
      ],
      [
        290,
        240
      ]
    ]
  },
  {
    "transcription": "TR\u01afNG,",
    "points": [
      [
        361,
        444
      ],
      [
        435,
        444
      ],
      [
        435,
        484
      ],
      [
        361,
        484
      ]
    ]
  },
  {
    "transcription": "(028)62723699",
    "points": [
      [
        274,
        475
      ],
      [
        414,
        475
      ],
      [
        414,
        517
      ],
      [
        274,
        517
      ]
    ]
  },
  {
    "transcription": "ACADEMY",
    "points": [
      [
        479,
        376
      ],
      [
        647,
        376
      ],
      [
        647,
        444
      ],
      [
        479,
        444
      ]
    ]
  },
  {
    "transcription": "VI\u1ec6N",
    "points": [
      [
        427,
        163
      ],
      [
        561,
        163
      ],
      [
        561,
        271
      ],
      [
        427,
        271
      ]
    ]
  },
  {
    "transcription": "QU\u1ed0C",
    "points": [
      [
        446,
        260
      ],
      [
        596,
        260
      ],
      [
        596,
        352
      ],
      [
        446,
        352
      ]
    ]
  },
  {
    "transcription": "ANH",
    "points": [
      [
        145,
        212
      ],
      [
        283,
        212
      ],
      [
        283,
        300
      ],
      [
        145,
        300
      ]
    ]
  },
  {
    "transcription": "T\u1ebe",
    "points": [
      [
        606,
        292
      ],
      [
        680,
        292
      ],
      [
        680,
        368
      ],
      [
        606,
        368
      ]
    ]
  },
  {
    "transcription": "ENGLISH",
    "points": [
      [
        294,
        346
      ],
      [
        458,
        346
      ],
      [
        458,
        418
      ],
      [
        294,
        418
      ]
    ]
  }
]