[
  {
    "transcription": "C\u00c1O",
    "points": [
      [
        373,
        170
      ],
      [
        432,
        171
      ],
      [
        433,
        206
      ],
      [
        373,
        205
      ]
    ]
  },
  {
    "transcription": "26005605605605",
    "points": [
      [
        44,
        256
      ],
      [
        235,
        261
      ],
      [
        233,
        275
      ],
      [
        41,
        271
      ]
    ]
  },
  {
    "transcription": "Combar",
    "points": [
      [
        90,
        179
      ],
      [
        120,
        178
      ],
      [
        119,
        187
      ],
      [
        89,
        188
      ]
    ]
  },
  {
    "transcription": "QU\u1ea2NG",
    "points": [
      [
        250,
        166
      ],
      [
        366,
        166
      ],
      [
        368,
        203
      ],
      [
        250,
        202
      ]
    ]
  },
  {
    "transcription": "VI\u1ec6T",
    "points": [
      [
        437,
        175
      ],
      [
        503,
        176
      ],
      [
        504,
        214
      ],
      [
        438,
        211
      ]
    ]
  },
  {
    "transcription": "INH",
    "points": [
      [
        308,
        515
      ],
      [
        334,
        512
      ],
      [
        334,
        578
      ],
      [
        307,
        580
      ]
    ]
  }
]