[
  {
    "transcription": "\u0110\u1ed8I",
    "points": [
      [
        26,
        1
      ],
      [
        73,
        2
      ],
      [
        74,
        55
      ],
      [
        26,
        53
      ]
    ]
  },
  {
    "transcription": "HI\u1ec2M",
    "points": [
      [
        176,
        9
      ],
      [
        236,
        10
      ],
      [
        239,
        60
      ],
      [
        178,
        58
      ]
    ]
  },
  {
    "transcription": "M\u0168",
    "points": [
      [
        79,
        5
      ],
      [
        121,
        7
      ],
      [
        121,
        52
      ],
      [
        78,
        51
      ]
    ]
  },
  {
    "transcription": "B\u1ea2O",
    "points": [
      [
        125,
        5
      ],
      [
        173,
        7
      ],
      [
        175,
        55
      ],
      [
        125,
        53
      ]
    ]
  },
  {
    "transcription": "KHI",
    "points": [
      [
        240,
        25
      ],
      [
        279,
        27
      ],
      [
        280,
        65
      ],
      [
        241,
        64
      ]
    ]
  },
  {
    "transcription": "M\u00d4",
    "points": [
      [
        307,
        28
      ],
      [
        341,
        29
      ],
      [
        343,
        69
      ],
      [
        308,
        69
      ]
    ]
  },
  {
    "transcription": "T\u00d4",
    "points": [
      [
        343,
        31
      ],
      [
        368,
        31
      ],
      [
        369,
        72
      ],
      [
        345,
        72
      ]
    ]
  },
  {
    "transcription": "\u0110I",
    "points": [
      [
        281,
        29
      ],
      [
        306,
        29
      ],
      [
        307,
        66
      ],
      [
        282,
        66
      ]
    ]
  },
  {
    "transcription": "M\u0168",
    "points": [
      [
        80,
        6
      ],
      [
        120,
        6
      ],
      [
        120,
        52
      ],
      [
        80,
        52
      ]
    ]
  },
  {
    "transcription": "\u0110\u1ed8I",
    "points": [
      [
        24,
        0
      ],
      [
        72,
        0
      ],
      [
        72,
        56
      ],
      [
        24,
        56
      ]
    ]
  },
  {
    "transcription": "B\u1ea2O",
    "points": [
      [
        124,
        4
      ],
      [
        174,
        4
      ],
      [
        174,
        56
      ],
      [
        124,
        56
      ]
    ]
  },
  {
    "transcription": "\u0110I",
    "points": [
      [
        283,
        31
      ],
      [
        305,
        31
      ],
      [
        305,
        65
      ],
      [
        283,
        65
      ]
    ]
  },
  {
    "transcription": "T\u00d4",
    "points": [
      [
        344,
        33
      ],
      [
        368,
        33
      ],
      [
        368,
        71
      ],
      [
        344,
        71
      ]
    ]
  },
  {
    "transcription": "HI\u1ec2M",
    "points": [
      [
        177,
        8
      ],
      [
        237,
        8
      ],
      [
        237,
        60
      ],
      [
        177,
        60
      ]
    ]
  },
  {
    "transcription": "KHI",
    "points": [
      [
        241,
        27
      ],
      [
        277,
        27
      ],
      [
        277,
        61
      ],
      [
        241,
        61
      ]
    ]
  },
  {
    "transcription": "M\u00d4",
    "points": [
      [
        309,
        29
      ],
      [
        341,
        29
      ],
      [
        341,
        67
      ],
      [
        309,
        67
      ]
    ]
  }
]