[
  {
    "transcription": "NAM",
    "points": [
      [
        324,
        71
      ],
      [
        377,
        71
      ],
      [
        378,
        101
      ],
      [
        324,
        102
      ]
    ]
  },
  {
    "transcription": "NH\u00c0",
    "points": [
      [
        3,
        64
      ],
      [
        53,
        64
      ],
      [
        54,
        96
      ],
      [
        3,
        96
      ]
    ]
  },
  {
    "transcription": "B\u1ea2N",
    "points": [
      [
        116,
        64
      ],
      [
        162,
        64
      ],
      [
        163,
        98
      ],
      [
        116,
        98
      ]
    ]
  },
  {
    "transcription": "XU\u1ea4T",
    "points": [
      [
        55,
        64
      ],
      [
        113,
        64
      ],
      [
        113,
        96
      ],
      [
        55,
        97
      ]
    ]
  },
  {
    "transcription": "GI\u00c1O",
    "points": [
      [
        165,
        67
      ],
      [
        220,
        67
      ],
      [
        220,
        98
      ],
      [
        165,
        98
      ]
    ]
  },
  {
    "transcription": "D\u1ee4C",
    "points": [
      [
        223,
        68
      ],
      [
        271,
        69
      ],
      [
        271,
        103
      ],
      [
        223,
        103
      ]
    ]
  },
  {
    "transcription": "VI\u1ec6T",
    "points": [
      [
        271,
        68
      ],
      [
        321,
        68
      ],
      [
        321,
        104
      ],
      [
        272,
        103
      ]
    ]
  }
]