[
  {
    "transcription": "C\u00c1I",
    "points": [
      [
        203,
        55
      ],
      [
        221,
        54
      ],
      [
        222,
        75
      ],
      [
        204,
        76
      ]
    ]
  },
  {
    "transcription": "X\u00c2Y",
    "points": [
      [
        75,
        65
      ],
      [
        95,
        65
      ],
      [
        95,
        86
      ],
      [
        76,
        87
      ]
    ]
  },
  {
    "transcription": "G\u00d3P",
    "points": [
      [
        30,
        69
      ],
      [
        50,
        68
      ],
      [
        50,
        90
      ],
      [
        31,
        91
      ]
    ]
  },
  {
    "transcription": "PH\u00d3",
    "points": [
      [
        153,
        59
      ],
      [
        174,
        58
      ],
      [
        174,
        80
      ],
      [
        153,
        81
      ]
    ]
  },
  {
    "transcription": "TH\u00c0NH",
    "points": [
      [
        122,
        64
      ],
      [
        153,
        61
      ],
      [
        154,
        81
      ],
      [
        122,
        84
      ]
    ]
  },
  {
    "transcription": "D\u1ef0NG",
    "points": [
      [
        94,
        66
      ],
      [
        121,
        65
      ],
      [
        122,
        85
      ],
      [
        95,
        87
      ]
    ]
  },
  {
    "transcription": "NG\u00c0Y",
    "points": [
      [
        221,
        54
      ],
      [
        249,
        52
      ],
      [
        249,
        72
      ],
      [
        222,
        74
      ]
    ]
  },
  {
    "transcription": "M\u1ea0NH",
    "points": [
      [
        304,
        46
      ],
      [
        340,
        44
      ],
      [
        341,
        66
      ],
      [
        305,
        68
      ]
    ]
  },
  {
    "transcription": "PH\u1ea6N",
    "points": [
      [
        50,
        67
      ],
      [
        75,
        66
      ],
      [
        76,
        87
      ],
      [
        51,
        89
      ]
    ]
  },
  {
    "transcription": "GI\u00c0U",
    "points": [
      [
        278,
        47
      ],
      [
        304,
        45
      ],
      [
        305,
        67
      ],
      [
        279,
        69
      ]
    ]
  },
  {
    "transcription": "M\u00d4NG",
    "points": [
      [
        173,
        58
      ],
      [
        204,
        56
      ],
      [
        204,
        76
      ],
      [
        174,
        79
      ]
    ]
  },
  {
    "transcription": "1",
    "points": [
      [
        337,
        44
      ],
      [
        344,
        44
      ],
      [
        345,
        62
      ],
      [
        338,
        63
      ]
    ]
  },
  {
    "transcription": "TI\u1ec2U",
    "points": [
      [
        0,
        70
      ],
      [
        29,
        68
      ],
      [
        31,
        91
      ],
      [
        1,
        93
      ]
    ]
  },
  {
    "transcription": "Y",
    "points": [
      [
        0,
        72
      ],
      [
        6,
        72
      ],
      [
        6,
        92
      ],
      [
        0,
        92
      ]
    ]
  },
  {
    "transcription": "T\u1ebe",
    "points": [
      [
        8,
        67
      ],
      [
        18,
        67
      ],
      [
        18,
        91
      ],
      [
        8,
        91
      ]
    ]
  },
  {
    "transcription": "L\u00c0",
    "points": [
      [
        19,
        70
      ],
      [
        31,
        70
      ],
      [
        31,
        90
      ],
      [
        19,
        90
      ]
    ]
  },
  {
    "transcription": "M\u1ea0NH",
    "points": [
      [
        305,
        45
      ],
      [
        339,
        45
      ],
      [
        339,
        67
      ],
      [
        305,
        67
      ]
    ]
  },
  {
    "transcription": "C\u00c1I",
    "points": [
      [
        203,
        55
      ],
      [
        221,
        55
      ],
      [
        221,
        73
      ],
      [
        203,
        73
      ]
    ]
  },
  {
    "transcription": "G\u00d3P",
    "points": [
      [
        31,
        69
      ],
      [
        49,
        69
      ],
      [
        49,
        89
      ],
      [
        31,
        89
      ]
    ]
  },
  {
    "transcription": "PH\u1ed0",
    "points": [
      [
        153,
        59
      ],
      [
        173,
        59
      ],
      [
        173,
        79
      ],
      [
        153,
        79
      ]
    ]
  },
  {
    "transcription": "GI\u00c0U",
    "points": [
      [
        279,
        45
      ],
      [
        303,
        45
      ],
      [
        303,
        67
      ],
      [
        279,
        67
      ]
    ]
  },
  {
    "transcription": "X\u00c2Y",
    "points": [
      [
        75,
        67
      ],
      [
        93,
        67
      ],
      [
        93,
        85
      ],
      [
        75,
        85
      ]
    ]
  },
  {
    "transcription": "M\u00d3NG",
    "points": [
      [
        175,
        58
      ],
      [
        201,
        58
      ],
      [
        201,
        76
      ],
      [
        175,
        76
      ]
    ]
  },
  {
    "transcription": "PH\u1ea6N",
    "points": [
      [
        51,
        66
      ],
      [
        75,
        66
      ],
      [
        75,
        88
      ],
      [
        51,
        88
      ]
    ]
  },
  {
    "transcription": "D\u1ef0NG",
    "points": [
      [
        96,
        66
      ],
      [
        120,
        66
      ],
      [
        120,
        88
      ],
      [
        96,
        88
      ]
    ]
  },
  {
    "transcription": "TH\u00c0NH",
    "points": [
      [
        122,
        62
      ],
      [
        152,
        62
      ],
      [
        152,
        80
      ],
      [
        122,
        80
      ]
    ]
  },
  {
    "transcription": "C\u1ea2NG",
    "points": [
      [
        250,
        50
      ],
      [
        276,
        50
      ],
      [
        276,
        70
      ],
      [
        250,
        70
      ]
    ]
  },
  {
    "transcription": "NG\u00c0Y",
    "points": [
      [
        223,
        52
      ],
      [
        247,
        52
      ],
      [
        247,
        72
      ],
      [
        223,
        72
      ]
    ]
  }
]