[
  {
    "transcription": "NH\u1eacN",
    "points": [
      [
        76,
        202
      ],
      [
        185,
        207
      ],
      [
        185,
        279
      ],
      [
        76,
        275
      ]
    ]
  },
  {
    "transcription": "SHOP",
    "points": [
      [
        412,
        8
      ],
      [
        592,
        16
      ],
      [
        591,
        133
      ],
      [
        412,
        123
      ]
    ]
  },
  {
    "transcription": "FK",
    "points": [
      [
        33,
        2
      ],
      [
        122,
        3
      ],
      [
        122,
        116
      ],
      [
        32,
        115
      ]
    ]
  },
  {
    "transcription": "VI\u00caN",
    "points": [
      [
        452,
        214
      ],
      [
        543,
        217
      ],
      [
        544,
        281
      ],
      [
        452,
        277
      ]
    ]
  },
  {
    "transcription": "BARBER",
    "points": [
      [
        134,
        5
      ],
      [
        398,
        13
      ],
      [
        399,
        129
      ],
      [
        132,
        118
      ]
    ]
  },
  {
    "transcription": "\u0110\u00c0O",
    "points": [
      [
        195,
        209
      ],
      [
        272,
        211
      ],
      [
        272,
        276
      ],
      [
        195,
        274
      ]
    ]
  },
  {
    "transcription": "H\u1eccC",
    "points": [
      [
        364,
        217
      ],
      [
        445,
        219
      ],
      [
        445,
        285
      ],
      [
        364,
        283
      ]
    ]
  },
  {
    "transcription": "T\u1ea0O",
    "points": [
      [
        281,
        219
      ],
      [
        356,
        219
      ],
      [
        357,
        283
      ],
      [
        282,
        283
      ]
    ]
  },
  {
    "transcription": "\u0110\u00c0O",
    "points": [
      [
        194,
        211
      ],
      [
        272,
        211
      ],
      [
        272,
        273
      ],
      [
        194,
        273
      ]
    ]
  },
  {
    "transcription": "SHOP",
    "points": [
      [
        413,
        8
      ],
      [
        589,
        8
      ],
      [
        589,
        124
      ],
      [
        413,
        124
      ]
    ]
  },
  {
    "transcription": "BARBER",
    "points": [
      [
        135,
        6
      ],
      [
        399,
        6
      ],
      [
        399,
        124
      ],
      [
        135,
        124
      ]
    ]
  },
  {
    "transcription": "FK",
    "points": [
      [
        37,
        5
      ],
      [
        121,
        5
      ],
      [
        121,
        113
      ],
      [
        37,
        113
      ]
    ]
  },
  {
    "transcription": "T\u1ea0O",
    "points": [
      [
        281,
        220
      ],
      [
        355,
        220
      ],
      [
        355,
        280
      ],
      [
        281,
        280
      ]
    ]
  },
  {
    "transcription": "NH\u1eacN",
    "points": [
      [
        78,
        209
      ],
      [
        186,
        209
      ],
      [
        186,
        277
      ],
      [
        78,
        277
      ]
    ]
  },
  {
    "transcription": "H\u1eccC",
    "points": [
      [
        366,
        222
      ],
      [
        444,
        222
      ],
      [
        444,
        282
      ],
      [
        366,
        282
      ]
    ]
  },
  {
    "transcription": "VI\u00caN",
    "points": [
      [
        454,
        219
      ],
      [
        544,
        219
      ],
      [
        544,
        279
      ],
      [
        454,
        279
      ]
    ]
  }
]