[
  {
    "transcription": "Long",
    "points": [
      [
        59,
        94
      ],
      [
        127,
        98
      ],
      [
        126,
        146
      ],
      [
        58,
        144
      ]
    ]
  },
  {
    "transcription": "L\u1ea1c",
    "points": [
      [
        3,
        99
      ],
      [
        54,
        98
      ],
      [
        54,
        143
      ],
      [
        3,
        144
      ]
    ]
  },
  {
    "transcription": "Qu\u00e2n",
    "points": [
      [
        128,
        92
      ],
      [
        204,
        93
      ],
      [
        204,
        143
      ],
      [
        129,
        146
      ]
    ]
  }
]