[
  {
    "transcription": "Cu\u1ed9c",
    "points": [
      [
        570,
        2062
      ],
      [
        1096,
        2093
      ],
      [
        1101,
        2320
      ],
      [
        572,
        2307
      ]
    ]
  },
  {
    "transcription": "An",
    "points": [
      [
        1744,
        2136
      ],
      [
        1997,
        2153
      ],
      [
        1974,
        2332
      ],
      [
        1667,
        2324
      ]
    ]
  },
  {
    "transcription": "L\u00e0nh",
    "points": [
      [
        2031,
        2141
      ],
      [
        2530,
        2152
      ],
      [
        2537,
        2361
      ],
      [
        2031,
        2353
      ]
    ]
  },
  {
    "transcription": "V\u00ec",
    "points": [
      [
        271,
        2062
      ],
      [
        508,
        2064
      ],
      [
        516,
        2273
      ],
      [
        324,
        2263
      ]
    ]
  },
  {
    "transcription": "S\u1ed1ng",
    "points": [
      [
        1161,
        2075
      ],
      [
        1644,
        2097
      ],
      [
        1636,
        2369
      ],
      [
        1150,
        2341
      ]
    ]
  },
  {
    "transcription": "Biocare",
    "points": [
      [
        841,
        1694
      ],
      [
        2003,
        1780
      ],
      [
        2000,
        2026
      ],
      [
        822,
        1981
      ]
    ]
  }
]