[
  {
    "transcription": "WEAR",
    "points": [
      [
        678,
        293
      ],
      [
        881,
        300
      ],
      [
        882,
        369
      ],
      [
        679,
        364
      ]
    ]
  },
  {
    "transcription": "PHAN",
    "points": [
      [
        298,
        362
      ],
      [
        608,
        369
      ],
      [
        608,
        509
      ],
      [
        296,
        505
      ]
    ]
  },
  {
    "transcription": "NGUYEN",
    "points": [
      [
        632,
        367
      ],
      [
        1089,
        373
      ],
      [
        1091,
        520
      ],
      [
        636,
        512
      ]
    ]
  },
  {
    "transcription": "MEN",
    "points": [
      [
        508,
        292
      ],
      [
        665,
        294
      ],
      [
        665,
        360
      ],
      [
        509,
        358
      ]
    ]
  },
  {
    "transcription": "PHAN",
    "points": [
      [
        287,
        360
      ],
      [
        611,
        360
      ],
      [
        611,
        506
      ],
      [
        287,
        506
      ]
    ]
  },
  {
    "transcription": "WEAR",
    "points": [
      [
        679,
        299
      ],
      [
        883,
        299
      ],
      [
        883,
        367
      ],
      [
        679,
        367
      ]
    ]
  },
  {
    "transcription": "MEN",
    "points": [
      [
        510,
        294
      ],
      [
        666,
        294
      ],
      [
        666,
        362
      ],
      [
        510,
        362
      ]
    ]
  },
  {
    "transcription": "NGUYEN",
    "points": [
      [
        639,
        368
      ],
      [
        1095,
        368
      ],
      [
        1095,
        524
      ],
      [
        639,
        524
      ]
    ]
  }
]