[
  {
    "transcription": "RANG",
    "points": [
      [
        263,
        59
      ],
      [
        331,
        58
      ],
      [
        332,
        84
      ],
      [
        264,
        86
      ]
    ]
  },
  {
    "transcription": "C\u00c0",
    "points": [
      [
        170,
        59
      ],
      [
        204,
        58
      ],
      [
        206,
        89
      ],
      [
        171,
        90
      ]
    ]
  },
  {
    "transcription": "H\u01af\u01a0NG",
    "points": [
      [
        354,
        21
      ],
      [
        436,
        19
      ],
      [
        437,
        45
      ],
      [
        355,
        48
      ]
    ]
  },
  {
    "transcription": "V\u00c0",
    "points": [
      [
        187,
        24
      ],
      [
        220,
        23
      ],
      [
        224,
        55
      ],
      [
        189,
        55
      ]
    ]
  },
  {
    "transcription": "H\u00d2A",
    "points": [
      [
        384,
        50
      ],
      [
        434,
        50
      ],
      [
        436,
        79
      ],
      [
        386,
        81
      ]
    ]
  },
  {
    "transcription": "C\u1ee6A",
    "points": [
      [
        113,
        61
      ],
      [
        166,
        61
      ],
      [
        167,
        90
      ],
      [
        113,
        91
      ]
    ]
  },
  {
    "transcription": "PH\u00c1",
    "points": [
      [
        301,
        20
      ],
      [
        350,
        19
      ],
      [
        352,
        50
      ],
      [
        301,
        50
      ]
    ]
  },
  {
    "transcription": "KH\u00c1M",
    "points": [
      [
        225,
        23
      ],
      [
        297,
        22
      ],
      [
        298,
        51
      ],
      [
        226,
        53
      ]
    ]
  },
  {
    "transcription": "M\u1ede",
    "points": [
      [
        90,
        27
      ],
      [
        130,
        26
      ],
      [
        130,
        57
      ],
      [
        90,
        58
      ]
    ]
  },
  {
    "transcription": "PH\u00ca",
    "points": [
      [
        208,
        58
      ],
      [
        258,
        57
      ],
      [
        260,
        88
      ],
      [
        209,
        88
      ]
    ]
  },
  {
    "transcription": "V\u1eca",
    "points": [
      [
        437,
        18
      ],
      [
        463,
        17
      ],
      [
        466,
        48
      ],
      [
        443,
        50
      ]
    ]
  },
  {
    "transcription": "H\u1ed8P",
    "points": [
      [
        134,
        26
      ],
      [
        185,
        25
      ],
      [
        185,
        59
      ],
      [
        134,
        59
      ]
    ]
  },
  {
    "transcription": "XAY",
    "points": [
      [
        334,
        56
      ],
      [
        381,
        55
      ],
      [
        381,
        82
      ],
      [
        334,
        82
      ]
    ]
  },
  {
    "transcription": "M\u1edaI",
    "points": [
      [
        466,
        13
      ],
      [
        510,
        12
      ],
      [
        512,
        44
      ],
      [
        468,
        44
      ]
    ]
  },
  {
    "transcription": "TAN",
    "points": [
      [
        436,
        52
      ],
      [
        488,
        52
      ],
      [
        488,
        78
      ],
      [
        438,
        78
      ]
    ]
  },
  {
    "transcription": "V\u1eca",
    "points": [
      [
        439,
        18
      ],
      [
        467,
        18
      ],
      [
        467,
        46
      ],
      [
        439,
        46
      ]
    ]
  },
  {
    "transcription": "V\u00c0",
    "points": [
      [
        188,
        23
      ],
      [
        222,
        23
      ],
      [
        222,
        53
      ],
      [
        188,
        53
      ]
    ]
  },
  {
    "transcription": "M\u1edaI",
    "points": [
      [
        465,
        12
      ],
      [
        515,
        12
      ],
      [
        515,
        44
      ],
      [
        465,
        44
      ]
    ]
  },
  {
    "transcription": "C\u00c0",
    "points": [
      [
        170,
        57
      ],
      [
        204,
        57
      ],
      [
        204,
        89
      ],
      [
        170,
        89
      ]
    ]
  },
  {
    "transcription": "M\u1ede",
    "points": [
      [
        87,
        26
      ],
      [
        129,
        26
      ],
      [
        129,
        58
      ],
      [
        87,
        58
      ]
    ]
  },
  {
    "transcription": "C\u1ee6A",
    "points": [
      [
        112,
        60
      ],
      [
        166,
        60
      ],
      [
        166,
        92
      ],
      [
        112,
        92
      ]
    ]
  },
  {
    "transcription": "TAN'",
    "points": [
      [
        436,
        51
      ],
      [
        498,
        51
      ],
      [
        498,
        79
      ],
      [
        436,
        79
      ]
    ]
  },
  {
    "transcription": "X\u00c2Y",
    "points": [
      [
        334,
        55
      ],
      [
        382,
        55
      ],
      [
        382,
        83
      ],
      [
        334,
        83
      ]
    ]
  },
  {
    "transcription": "H\u1ed8P",
    "points": [
      [
        134,
        26
      ],
      [
        184,
        26
      ],
      [
        184,
        58
      ],
      [
        134,
        58
      ]
    ]
  },
  {
    "transcription": "PH\u00ca",
    "points": [
      [
        208,
        56
      ],
      [
        260,
        56
      ],
      [
        260,
        88
      ],
      [
        208,
        88
      ]
    ]
  },
  {
    "transcription": "H\u01af\u01a0NG",
    "points": [
      [
        353,
        18
      ],
      [
        437,
        18
      ],
      [
        437,
        46
      ],
      [
        353,
        46
      ]
    ]
  },
  {
    "transcription": "H\u00d2A",
    "points": [
      [
        384,
        50
      ],
      [
        436,
        50
      ],
      [
        436,
        82
      ],
      [
        384,
        82
      ]
    ]
  },
  {
    "transcription": "KH\u00c1M",
    "points": [
      [
        225,
        20
      ],
      [
        297,
        20
      ],
      [
        297,
        52
      ],
      [
        225,
        52
      ]
    ]
  },
  {
    "transcription": "PH\u00c1",
    "points": [
      [
        301,
        18
      ],
      [
        353,
        18
      ],
      [
        353,
        50
      ],
      [
        301,
        50
      ]
    ]
  },
  {
    "transcription": "RANG",
    "points": [
      [
        262,
        57
      ],
      [
        330,
        57
      ],
      [
        330,
        85
      ],
      [
        262,
        85
      ]
    ]
  }
]