[
  {
    "transcription": "PRADA",
    "points": [
      [
        266,
        540
      ],
      [
        652,
        538
      ],
      [
        659,
        635
      ],
      [
        268,
        638
      ]
    ]
  },
  {
    "transcription": "PP",
    "points": [
      [
        112,
        27
      ],
      [
        383,
        28
      ],
      [
        385,
        169
      ],
      [
        117,
        170
      ]
    ]
  },
  {
    "transcription": "PRADA",
    "points": [
      [
        261,
        531
      ],
      [
        679,
        531
      ],
      [
        679,
        633
      ],
      [
        261,
        633
      ]
    ]
  }
]