[
  {
    "transcription": "VI\u1ec6T",
    "points": [
      [
        13,
        92
      ],
      [
        253,
        113
      ],
      [
        248,
        259
      ],
      [
        9,
        226
      ]
    ]
  },
  {
    "transcription": "NAM",
    "points": [
      [
        280,
        136
      ],
      [
        640,
        136
      ],
      [
        640,
        278
      ],
      [
        280,
        278
      ]
    ]
  },
  {
    "transcription": "VI\u1ec6T",
    "points": [
      [
        5,
        89
      ],
      [
        257,
        89
      ],
      [
        257,
        261
      ],
      [
        5,
        261
      ]
    ]
  }
]