[
  {
    "transcription": "PH\u00daC",
    "points": [
      [
        490,
        8
      ],
      [
        634,
        4
      ],
      [
        635,
        70
      ],
      [
        491,
        73
      ]
    ]
  },
  {
    "transcription": "\u0110\u1ec0",
    "points": [
      [
        234,
        18
      ],
      [
        313,
        16
      ],
      [
        314,
        83
      ],
      [
        234,
        84
      ]
    ]
  },
  {
    "transcription": "H\u1ea0NH",
    "points": [
      [
        328,
        20
      ],
      [
        477,
        17
      ],
      [
        478,
        82
      ],
      [
        328,
        85
      ]
    ]
  },
  {
    "transcription": "\u0110\u1eb8P",
    "points": [
      [
        100,
        33
      ],
      [
        221,
        33
      ],
      [
        220,
        94
      ],
      [
        101,
        96
      ]
    ]
  },
  {
    "transcription": "\u0110\u1ec0",
    "points": [
      [
        235,
        19
      ],
      [
        315,
        19
      ],
      [
        315,
        83
      ],
      [
        235,
        83
      ]
    ]
  },
  {
    "transcription": "H\u1ea0NH",
    "points": [
      [
        332,
        19
      ],
      [
        478,
        19
      ],
      [
        478,
        85
      ],
      [
        332,
        85
      ]
    ]
  },
  {
    "transcription": "PH\u00daC",
    "points": [
      [
        490,
        8
      ],
      [
        634,
        8
      ],
      [
        634,
        74
      ],
      [
        490,
        74
      ]
    ]
  },
  {
    "transcription": "\u0110\u1eb8P",
    "points": [
      [
        99,
        30
      ],
      [
        221,
        30
      ],
      [
        221,
        94
      ],
      [
        99,
        94
      ]
    ]
  }
]