[
  {
    "transcription": "V\u1eca",
    "points": [
      [
        197,
        161
      ],
      [
        214,
        161
      ],
      [
        214,
        176
      ],
      [
        198,
        176
      ]
    ]
  },
  {
    "transcription": "4v\u1ecb",
    "points": [
      [
        183,
        160
      ],
      [
        214,
        161
      ],
      [
        215,
        177
      ],
      [
        182,
        177
      ]
    ]
  },
  {
    "transcription": "V\u1ecaCH",
    "points": [
      [
        186,
        143
      ],
      [
        248,
        140
      ],
      [
        250,
        156
      ],
      [
        187,
        158
      ]
    ]
  },
  {
    "transcription": "S\u1eeeA",
    "points": [
      [
        216,
        157
      ],
      [
        260,
        156
      ],
      [
        261,
        174
      ],
      [
        217,
        175
      ]
    ]
  },
  {
    "transcription": "C\u00c0",
    "points": [
      [
        218,
        139
      ],
      [
        248,
        139
      ],
      [
        250,
        157
      ],
      [
        218,
        158
      ]
    ]
  },
  {
    "transcription": "QUY\u00caN",
    "points": [
      [
        202,
        118
      ],
      [
        307,
        115
      ],
      [
        306,
        137
      ],
      [
        202,
        138
      ]
    ]
  },
  {
    "transcription": "PH\u00ca",
    "points": [
      [
        253,
        138
      ],
      [
        299,
        138
      ],
      [
        298,
        158
      ],
      [
        253,
        158
      ]
    ]
  },
  {
    "transcription": "kix2",
    "points": [
      [
        65,
        19
      ],
      [
        298,
        0
      ],
      [
        298,
        92
      ],
      [
        54,
        107
      ]
    ]
  },
  {
    "transcription": "S\u00c1NH",
    "points": [
      [
        203,
        93
      ],
      [
        287,
        93
      ],
      [
        287,
        117
      ],
      [
        202,
        118
      ]
    ]
  },
  {
    "transcription": "X2",
    "points": [
      [
        206,
        12
      ],
      [
        307,
        7
      ],
      [
        303,
        95
      ],
      [
        205,
        96
      ]
    ]
  }
]