[
  {
    "transcription": "C\u00d4NG",
    "points": [
      [
        2,
        42
      ],
      [
        85,
        42
      ],
      [
        86,
        94
      ],
      [
        3,
        94
      ]
    ]
  },
  {
    "transcription": "NGH\u1ec6",
    "points": [
      [
        92,
        43
      ],
      [
        172,
        43
      ],
      [
        173,
        100
      ],
      [
        92,
        98
      ]
    ]
  },
  {
    "transcription": "SING",
    "points": [
      [
        312,
        49
      ],
      [
        384,
        49
      ],
      [
        384,
        96
      ],
      [
        311,
        95
      ]
    ]
  },
  {
    "transcription": "TRUNG",
    "points": [
      [
        179,
        48
      ],
      [
        282,
        49
      ],
      [
        282,
        96
      ],
      [
        179,
        95
      ]
    ]
  },
  {
    "transcription": "-",
    "points": [
      [
        291,
        68
      ],
      [
        303,
        67
      ],
      [
        303,
        84
      ],
      [
        292,
        85
      ]
    ]
  },
  {
    "transcription": "-",
    "points": [
      [
        291,
        59
      ],
      [
        303,
        59
      ],
      [
        303,
        83
      ],
      [
        291,
        83
      ]
    ]
  },
  {
    "transcription": "SING",
    "points": [
      [
        314,
        43
      ],
      [
        386,
        43
      ],
      [
        386,
        97
      ],
      [
        314,
        97
      ]
    ]
  },
  {
    "transcription": "TRUNG",
    "points": [
      [
        180,
        43
      ],
      [
        282,
        43
      ],
      [
        282,
        97
      ],
      [
        180,
        97
      ]
    ]
  },
  {
    "transcription": "C\u00d4NG",
    "points": [
      [
        4,
        42
      ],
      [
        84,
        42
      ],
      [
        84,
        96
      ],
      [
        4,
        96
      ]
    ]
  },
  {
    "transcription": "NGH\u1ec6",
    "points": [
      [
        93,
        42
      ],
      [
        173,
        42
      ],
      [
        173,
        100
      ],
      [
        93,
        100
      ]
    ]
  }
]