[
  {
    "transcription": "T\u00c0N",
    "points": [
      [
        179,
        5
      ],
      [
        230,
        5
      ],
      [
        231,
        52
      ],
      [
        179,
        52
      ]
    ]
  },
  {
    "transcription": "N\u00c1M,",
    "points": [
      [
        107,
        5
      ],
      [
        173,
        4
      ],
      [
        174,
        54
      ],
      [
        107,
        54
      ]
    ]
  },
  {
    "transcription": "NHANG",
    "points": [
      [
        235,
        9
      ],
      [
        326,
        9
      ],
      [
        327,
        51
      ],
      [
        235,
        50
      ]
    ]
  },
  {
    "transcription": "TR\u1eca",
    "points": [
      [
        58,
        7
      ],
      [
        103,
        9
      ],
      [
        104,
        57
      ],
      [
        59,
        57
      ]
    ]
  }
]