[
  {
    "transcription": "and",
    "points": [
      [
        291,
        30
      ],
      [
        357,
        29
      ],
      [
        357,
        71
      ],
      [
        291,
        71
      ]
    ]
  },
  {
    "transcription": "Magazine",
    "points": [
      [
        473,
        24
      ],
      [
        648,
        25
      ],
      [
        648,
        75
      ],
      [
        473,
        76
      ]
    ]
  },
  {
    "transcription": "Youth",
    "points": [
      [
        361,
        24
      ],
      [
        469,
        26
      ],
      [
        470,
        72
      ],
      [
        361,
        71
      ]
    ]
  },
  {
    "transcription": "Mathematics",
    "points": [
      [
        60,
        27
      ],
      [
        287,
        27
      ],
      [
        287,
        73
      ],
      [
        61,
        74
      ]
    ]
  },
  {
    "transcription": "and",
    "points": [
      [
        293,
        27
      ],
      [
        357,
        27
      ],
      [
        357,
        71
      ],
      [
        293,
        71
      ]
    ]
  },
  {
    "transcription": "Mathematics",
    "points": [
      [
        66,
        27
      ],
      [
        284,
        27
      ],
      [
        284,
        73
      ],
      [
        66,
        73
      ]
    ]
  },
  {
    "transcription": "Youth",
    "points": [
      [
        364,
        25
      ],
      [
        468,
        25
      ],
      [
        468,
        71
      ],
      [
        364,
        71
      ]
    ]
  },
  {
    "transcription": "Magazine",
    "points": [
      [
        475,
        25
      ],
      [
        645,
        25
      ],
      [
        645,
        77
      ],
      [
        475,
        77
      ]
    ]
  }
]