[
  {
    "transcription": "GI\u1edaI",
    "points": [
      [
        603,
        67
      ],
      [
        800,
        66
      ],
      [
        800,
        169
      ],
      [
        603,
        170
      ]
    ]
  },
  {
    "transcription": "T\u00d3C",
    "points": [
      [
        823,
        65
      ],
      [
        1030,
        61
      ],
      [
        1032,
        164
      ],
      [
        825,
        167
      ]
    ]
  },
  {
    "transcription": "TH\u1ebe",
    "points": [
      [
        389,
        74
      ],
      [
        579,
        71
      ],
      [
        579,
        169
      ],
      [
        389,
        171
      ]
    ]
  },
  {
    "transcription": "HO\u00c0N",
    "points": [
      [
        118,
        89
      ],
      [
        365,
        89
      ],
      [
        365,
        173
      ],
      [
        116,
        173
      ]
    ]
  },
  {
    "transcription": "BEAUTY",
    "points": [
      [
        60,
        42
      ],
      [
        245,
        41
      ],
      [
        245,
        83
      ],
      [
        60,
        84
      ]
    ]
  },
  {
    "transcription": "SALON",
    "points": [
      [
        252,
        38
      ],
      [
        425,
        36
      ],
      [
        424,
        79
      ],
      [
        251,
        81
      ]
    ]
  },
  {
    "transcription": "BEAUTY",
    "points": [
      [
        55,
        40
      ],
      [
        247,
        40
      ],
      [
        247,
        84
      ],
      [
        55,
        84
      ]
    ]
  },
  {
    "transcription": "SALON",
    "points": [
      [
        252,
        34
      ],
      [
        424,
        34
      ],
      [
        424,
        80
      ],
      [
        252,
        80
      ]
    ]
  },
  {
    "transcription": "TH\u1ebe",
    "points": [
      [
        394,
        74
      ],
      [
        578,
        74
      ],
      [
        578,
        168
      ],
      [
        394,
        168
      ]
    ]
  },
  {
    "transcription": "T\u00d3C",
    "points": [
      [
        826,
        67
      ],
      [
        1028,
        67
      ],
      [
        1028,
        163
      ],
      [
        826,
        163
      ]
    ]
  },
  {
    "transcription": "GI\u1edaI",
    "points": [
      [
        605,
        71
      ],
      [
        795,
        71
      ],
      [
        795,
        165
      ],
      [
        605,
        165
      ]
    ]
  },
  {
    "transcription": "HO\u00c0N",
    "points": [
      [
        119,
        89
      ],
      [
        361,
        89
      ],
      [
        361,
        173
      ],
      [
        119,
        173
      ]
    ]
  }
]