[
  {
    "transcription": "S\u1ea2N",
    "points": [
      [
        832,
        9
      ],
      [
        981,
        12
      ],
      [
        986,
        89
      ],
      [
        832,
        90
      ]
    ]
  },
  {
    "transcription": "B\u1ea4T",
    "points": [
      [
        427,
        1
      ],
      [
        578,
        1
      ],
      [
        579,
        87
      ],
      [
        426,
        86
      ]
    ]
  },
  {
    "transcription": "TY",
    "points": [
      [
        300,
        12
      ],
      [
        406,
        12
      ],
      [
        406,
        85
      ],
      [
        301,
        85
      ]
    ]
  },
  {
    "transcription": "\u0110\u1ed8NG",
    "points": [
      [
        601,
        8
      ],
      [
        810,
        9
      ],
      [
        815,
        87
      ],
      [
        601,
        88
      ]
    ]
  },
  {
    "transcription": "C\u00d4NG",
    "points": [
      [
        62,
        2
      ],
      [
        279,
        2
      ],
      [
        280,
        81
      ],
      [
        61,
        83
      ]
    ]
  }
]