[
  {
    "transcription": "O",
    "points": [
      [
        9,
        482
      ],
      [
        24,
        483
      ],
      [
        23,
        497
      ],
      [
        8,
        497
      ]
    ]
  },
  {
    "transcription": "T\u1ed4NG",
    "points": [
      [
        213,
        59
      ],
      [
        435,
        52
      ],
      [
        439,
        120
      ],
      [
        216,
        126
      ]
    ]
  },
  {
    "transcription": "C\u1eecA",
    "points": [
      [
        382,
        388
      ],
      [
        397,
        388
      ],
      [
        396,
        395
      ],
      [
        382,
        395
      ]
    ]
  },
  {
    "transcription": "O",
    "points": [
      [
        626,
        440
      ],
      [
        635,
        439
      ],
      [
        637,
        447
      ],
      [
        628,
        449
      ]
    ]
  },
  {
    "transcription": "xa",
    "points": [
      [
        448,
        466
      ],
      [
        474,
        466
      ],
      [
        474,
        479
      ],
      [
        448,
        479
      ]
    ]
  },
  {
    "transcription": "H\u1ee2P",
    "points": [
      [
        467,
        66
      ],
      [
        635,
        60
      ],
      [
        638,
        113
      ],
      [
        467,
        120
      ]
    ]
  },
  {
    "transcription": "b\u1ed9t",
    "points": [
      [
        437,
        273
      ],
      [
        446,
        274
      ],
      [
        446,
        280
      ],
      [
        436,
        279
      ]
    ]
  },
  {
    "transcription": "\"TY\"",
    "points": [
      [
        532,
        226
      ],
      [
        553,
        228
      ],
      [
        553,
        235
      ],
      [
        531,
        234
      ]
    ]
  },
  {
    "transcription": "H\u00d3A",
    "points": [
      [
        11,
        65
      ],
      [
        181,
        64
      ],
      [
        191,
        129
      ],
      [
        8,
        132
      ]
    ]
  },
  {
    "transcription": "HICAM",
    "points": [
      [
        386,
        468
      ],
      [
        407,
        468
      ],
      [
        407,
        475
      ],
      [
        386,
        475
      ]
    ]
  },
  {
    "transcription": "T",
    "points": [
      [
        449,
        275
      ],
      [
        452,
        275
      ],
      [
        453,
        280
      ],
      [
        449,
        280
      ]
    ]
  }
]