[
  {
    "transcription": "O",
    "points": [
      [
        90,
        60
      ],
      [
        118,
        61
      ],
      [
        117,
        92
      ],
      [
        89,
        92
      ]
    ]
  },
  {
    "transcription": "CH\u1eeeA",
    "points": [
      [
        229,
        41
      ],
      [
        506,
        12
      ],
      [
        505,
        160
      ],
      [
        224,
        183
      ]
    ]
  },
  {
    "transcription": "186",
    "points": [
      [
        506,
        234
      ],
      [
        611,
        229
      ],
      [
        617,
        285
      ],
      [
        509,
        291
      ]
    ]
  },
  {
    "transcription": "S\u1eecA",
    "points": [
      [
        11,
        69
      ],
      [
        204,
        57
      ],
      [
        206,
        193
      ],
      [
        0,
        207
      ]
    ]
  },
  {
    "transcription": "0972",
    "points": [
      [
        248,
        256
      ],
      [
        371,
        248
      ],
      [
        373,
        302
      ],
      [
        248,
        310
      ]
    ]
  },
  {
    "transcription": "1",
    "points": [
      [
        505,
        236
      ],
      [
        533,
        235
      ],
      [
        535,
        289
      ],
      [
        508,
        291
      ]
    ]
  },
  {
    "transcription": "\u0110T:",
    "points": [
      [
        152,
        265
      ],
      [
        233,
        261
      ],
      [
        234,
        314
      ],
      [
        152,
        316
      ]
    ]
  },
  {
    "transcription": "644",
    "points": [
      [
        387,
        244
      ],
      [
        489,
        238
      ],
      [
        492,
        294
      ],
      [
        388,
        301
      ]
    ]
  }
]