[
  {
    "transcription": "KHO",
    "points": [
      [
        80,
        40
      ],
      [
        178,
        39
      ],
      [
        177,
        116
      ],
      [
        79,
        117
      ]
    ]
  },
  {
    "transcription": "X\u1ea2",
    "points": [
      [
        5,
        27
      ],
      [
        71,
        25
      ],
      [
        70,
        118
      ],
      [
        2,
        118
      ]
    ]
  },
  {
    "transcription": "H\u00c8",
    "points": [
      [
        324,
        27
      ],
      [
        387,
        27
      ],
      [
        388,
        112
      ],
      [
        324,
        113
      ]
    ]
  },
  {
    "transcription": "100K",
    "points": [
      [
        874,
        18
      ],
      [
        1005,
        16
      ],
      [
        1018,
        96
      ],
      [
        883,
        100
      ]
    ]
  },
  {
    "transcription": "\u0110\u1ebeN",
    "points": [
      [
        755,
        7
      ],
      [
        861,
        5
      ],
      [
        870,
        100
      ],
      [
        760,
        103
      ]
    ]
  },
  {
    "transcription": "GI\u1ea2M",
    "points": [
      [
        617,
        11
      ],
      [
        749,
        10
      ],
      [
        753,
        105
      ],
      [
        620,
        107
      ]
    ]
  },
  {
    "transcription": "H\u00c0NG",
    "points": [
      [
        186,
        29
      ],
      [
        315,
        29
      ],
      [
        315,
        116
      ],
      [
        185,
        116
      ]
    ]
  },
  {
    "transcription": "VNPAY",
    "points": [
      [
        441,
        30
      ],
      [
        607,
        29
      ],
      [
        607,
        108
      ],
      [
        443,
        110
      ]
    ]
  },
  {
    "transcription": "+",
    "points": [
      [
        398,
        56
      ],
      [
        436,
        56
      ],
      [
        436,
        104
      ],
      [
        398,
        104
      ]
    ]
  },
  {
    "transcription": "KHO",
    "points": [
      [
        79,
        39
      ],
      [
        177,
        39
      ],
      [
        177,
        117
      ],
      [
        79,
        117
      ]
    ]
  },
  {
    "transcription": "H\u00c8",
    "points": [
      [
        324,
        26
      ],
      [
        390,
        26
      ],
      [
        390,
        112
      ],
      [
        324,
        112
      ]
    ]
  },
  {
    "transcription": "GI\u1ea2M",
    "points": [
      [
        612,
        7
      ],
      [
        752,
        7
      ],
      [
        752,
        107
      ],
      [
        612,
        107
      ]
    ]
  },
  {
    "transcription": "X\u1ea2",
    "points": [
      [
        1,
        24
      ],
      [
        71,
        24
      ],
      [
        71,
        118
      ],
      [
        1,
        118
      ]
    ]
  },
  {
    "transcription": "\u0110\u1ebeN",
    "points": [
      [
        755,
        3
      ],
      [
        869,
        3
      ],
      [
        869,
        103
      ],
      [
        755,
        103
      ]
    ]
  },
  {
    "transcription": "VNPAY",
    "points": [
      [
        445,
        31
      ],
      [
        605,
        31
      ],
      [
        605,
        109
      ],
      [
        445,
        109
      ]
    ]
  },
  {
    "transcription": "100K",
    "points": [
      [
        871,
        11
      ],
      [
        1023,
        11
      ],
      [
        1023,
        99
      ],
      [
        871,
        99
      ]
    ]
  },
  {
    "transcription": "H\u00c0NG",
    "points": [
      [
        187,
        28
      ],
      [
        313,
        28
      ],
      [
        313,
        114
      ],
      [
        187,
        114
      ]
    ]
  }
]