[
  {
    "transcription": "\u0110\u1ed6",
    "points": [
      [
        91,
        4
      ],
      [
        146,
        4
      ],
      [
        145,
        49
      ],
      [
        88,
        49
      ]
    ]
  },
  {
    "transcription": "M\u1ef8",
    "points": [
      [
        154,
        8
      ],
      [
        213,
        9
      ],
      [
        211,
        52
      ],
      [
        153,
        52
      ]
    ]
  },
  {
    "transcription": "-",
    "points": [
      [
        220,
        31
      ],
      [
        236,
        31
      ],
      [
        236,
        44
      ],
      [
        220,
        44
      ]
    ]
  },
  {
    "transcription": "B\u00c3I",
    "points": [
      [
        244,
        13
      ],
      [
        305,
        14
      ],
      [
        305,
        54
      ],
      [
        244,
        54
      ]
    ]
  },
  {
    "transcription": "S\u1eacY",
    "points": [
      [
        313,
        15
      ],
      [
        381,
        18
      ],
      [
        380,
        63
      ],
      [
        313,
        61
      ]
    ]
  },
  {
    "transcription": "\u0110C:",
    "points": [
      [
        12,
        8
      ],
      [
        83,
        10
      ],
      [
        83,
        48
      ],
      [
        11,
        48
      ]
    ]
  },
  {
    "transcription": "-",
    "points": [
      [
        220,
        32
      ],
      [
        236,
        32
      ],
      [
        236,
        42
      ],
      [
        220,
        42
      ]
    ]
  },
  {
    "transcription": "\u0110C:",
    "points": [
      [
        13,
        11
      ],
      [
        83,
        11
      ],
      [
        83,
        47
      ],
      [
        13,
        47
      ]
    ]
  },
  {
    "transcription": "M\u1ef8",
    "points": [
      [
        154,
        11
      ],
      [
        214,
        11
      ],
      [
        214,
        51
      ],
      [
        154,
        51
      ]
    ]
  },
  {
    "transcription": "\u0110\u1ed6",
    "points": [
      [
        90,
        3
      ],
      [
        146,
        3
      ],
      [
        146,
        49
      ],
      [
        90,
        49
      ]
    ]
  },
  {
    "transcription": "S\u00c2Y",
    "points": [
      [
        314,
        17
      ],
      [
        382,
        17
      ],
      [
        382,
        63
      ],
      [
        314,
        63
      ]
    ]
  },
  {
    "transcription": "B\u00c3I",
    "points": [
      [
        243,
        14
      ],
      [
        305,
        14
      ],
      [
        305,
        52
      ],
      [
        243,
        52
      ]
    ]
  }
]