[
  {
    "transcription": "HI\u1ec0N",
    "points": [
      [
        163,
        69
      ],
      [
        480,
        70
      ],
      [
        480,
        221
      ],
      [
        164,
        219
      ]
    ]
  },
  {
    "transcription": "Nguy\u1ec5n",
    "points": [
      [
        130,
        238
      ],
      [
        228,
        238
      ],
      [
        229,
        274
      ],
      [
        130,
        275
      ]
    ]
  },
  {
    "transcription": "06",
    "points": [
      [
        88,
        236
      ],
      [
        125,
        236
      ],
      [
        126,
        270
      ],
      [
        88,
        269
      ]
    ]
  },
  {
    "transcription": "Shop",
    "points": [
      [
        889,
        46
      ],
      [
        1078,
        60
      ],
      [
        1065,
        127
      ],
      [
        880,
        112
      ]
    ]
  },
  {
    "transcription": "\u0110\u1ee9c",
    "points": [
      [
        231,
        239
      ],
      [
        284,
        240
      ],
      [
        285,
        272
      ],
      [
        230,
        272
      ]
    ]
  },
  {
    "transcription": "HU\u1ef2NH",
    "points": [
      [
        513,
        85
      ],
      [
        974,
        90
      ],
      [
        975,
        227
      ],
      [
        513,
        225
      ]
    ]
  },
  {
    "transcription": "4444",
    "points": [
      [
        1025,
        254
      ],
      [
        1089,
        254
      ],
      [
        1089,
        285
      ],
      [
        1024,
        285
      ]
    ]
  },
  {
    "transcription": "T\u1ecbnh",
    "points": [
      [
        287,
        241
      ],
      [
        345,
        242
      ],
      [
        346,
        276
      ],
      [
        288,
        276
      ]
    ]
  },
  {
    "transcription": "T\u1ecbnh",
    "points": [
      [
        285,
        242
      ],
      [
        345,
        242
      ],
      [
        345,
        274
      ],
      [
        285,
        274
      ]
    ]
  },
  {
    "transcription": "06",
    "points": [
      [
        88,
        240
      ],
      [
        124,
        240
      ],
      [
        124,
        268
      ],
      [
        88,
        268
      ]
    ]
  },
  {
    "transcription": "0794574444",
    "points": [
      [
        914,
        253
      ],
      [
        1090,
        253
      ],
      [
        1090,
        283
      ],
      [
        914,
        283
      ]
    ]
  },
  {
    "transcription": "\u0110\u1ee9c",
    "points": [
      [
        230,
        240
      ],
      [
        282,
        240
      ],
      [
        282,
        270
      ],
      [
        230,
        270
      ]
    ]
  },
  {
    "transcription": "Shop",
    "points": [
      [
        879,
        48
      ],
      [
        1081,
        48
      ],
      [
        1081,
        124
      ],
      [
        879,
        124
      ]
    ]
  },
  {
    "transcription": "HU\u1ef2NH",
    "points": [
      [
        519,
        95
      ],
      [
        973,
        95
      ],
      [
        973,
        219
      ],
      [
        519,
        219
      ]
    ]
  },
  {
    "transcription": "Nguy\u1ec5n",
    "points": [
      [
        128,
        237
      ],
      [
        226,
        237
      ],
      [
        226,
        273
      ],
      [
        128,
        273
      ]
    ]
  },
  {
    "transcription": "HI\u1ec0N",
    "points": [
      [
        168,
        76
      ],
      [
        476,
        76
      ],
      [
        476,
        218
      ],
      [
        168,
        218
      ]
    ]
  }
]