[
  {
    "transcription": "Huy\u1ec1n",
    "points": [
      [
        440,
        101
      ],
      [
        796,
        103
      ],
      [
        794,
        221
      ],
      [
        434,
        219
      ]
    ]
  },
  {
    "transcription": "S\u1eeeA",
    "points": [
      [
        182,
        258
      ],
      [
        619,
        258
      ],
      [
        630,
        433
      ],
      [
        179,
        436
      ]
    ]
  },
  {
    "transcription": "Anh",
    "points": [
      [
        818,
        121
      ],
      [
        1016,
        124
      ],
      [
        1011,
        211
      ],
      [
        807,
        211
      ]
    ]
  },
  {
    "transcription": "B\u1ec8M",
    "points": [
      [
        864,
        238
      ],
      [
        1212,
        233
      ],
      [
        1221,
        415
      ],
      [
        866,
        420
      ]
    ]
  },
  {
    "transcription": "CHO",
    "points": [
      [
        903,
        462
      ],
      [
        1084,
        459
      ],
      [
        1090,
        544
      ],
      [
        906,
        548
      ]
    ]
  },
  {
    "transcription": "B\u00c9",
    "points": [
      [
        1102,
        438
      ],
      [
        1212,
        436
      ],
      [
        1215,
        535
      ],
      [
        1104,
        538
      ]
    ]
  },
  {
    "transcription": "\u0110\u1ed2",
    "points": [
      [
        402,
        457
      ],
      [
        574,
        442
      ],
      [
        588,
        568
      ],
      [
        405,
        584
      ]
    ]
  },
  {
    "transcription": "C\u00c1C",
    "points": [
      [
        180,
        475
      ],
      [
        382,
        465
      ],
      [
        384,
        584
      ],
      [
        181,
        593
      ]
    ]
  },
  {
    "transcription": "D\u00d9NG",
    "points": [
      [
        596,
        458
      ],
      [
        882,
        452
      ],
      [
        886,
        556
      ],
      [
        599,
        566
      ]
    ]
  }
]