[
  {
    "transcription": "QU\u1eacN",
    "points": [
      [
        305,
        6
      ],
      [
        351,
        5
      ],
      [
        351,
        45
      ],
      [
        305,
        45
      ]
    ]
  },
  {
    "transcription": "C\u00d4NG",
    "points": [
      [
        231,
        5
      ],
      [
        277,
        4
      ],
      [
        277,
        39
      ],
      [
        231,
        39
      ]
    ]
  },
  {
    "transcription": "XU\u00c2N",
    "points": [
      [
        408,
        6
      ],
      [
        454,
        6
      ],
      [
        454,
        41
      ],
      [
        408,
        40
      ]
    ]
  },
  {
    "transcription": "THANH",
    "points": [
      [
        353,
        9
      ],
      [
        406,
        9
      ],
      [
        406,
        41
      ],
      [
        352,
        40
      ]
    ]
  },
  {
    "transcription": "AN",
    "points": [
      [
        278,
        8
      ],
      [
        304,
        8
      ],
      [
        303,
        40
      ],
      [
        278,
        40
      ]
    ]
  },
  {
    "transcription": "0243.8585.626",
    "points": [
      [
        282,
        50
      ],
      [
        441,
        51
      ],
      [
        441,
        79
      ],
      [
        284,
        78
      ]
    ]
  },
  {
    "transcription": "AN",
    "points": [
      [
        279,
        10
      ],
      [
        303,
        10
      ],
      [
        303,
        38
      ],
      [
        279,
        38
      ]
    ]
  },
  {
    "transcription": "THANH",
    "points": [
      [
        354,
        10
      ],
      [
        404,
        10
      ],
      [
        404,
        38
      ],
      [
        354,
        38
      ]
    ]
  },
  {
    "transcription": "QU\u1eacN",
    "points": [
      [
        308,
        7
      ],
      [
        350,
        7
      ],
      [
        350,
        43
      ],
      [
        308,
        43
      ]
    ]
  },
  {
    "transcription": "XU\u00c2N",
    "points": [
      [
        408,
        7
      ],
      [
        454,
        7
      ],
      [
        454,
        39
      ],
      [
        408,
        39
      ]
    ]
  },
  {
    "transcription": "C\u00d4NG",
    "points": [
      [
        232,
        7
      ],
      [
        276,
        7
      ],
      [
        276,
        37
      ],
      [
        232,
        37
      ]
    ]
  },
  {
    "transcription": "0243.8585.626",
    "points": [
      [
        287,
        48
      ],
      [
        439,
        48
      ],
      [
        439,
        78
      ],
      [
        287,
        78
      ]
    ]
  }
]