[
  {
    "transcription": "LAND",
    "points": [
      [
        363,
        22
      ],
      [
        666,
        23
      ],
      [
        677,
        126
      ],
      [
        365,
        127
      ]
    ]
  },
  {
    "transcription": "TU\u00c2N",
    "points": [
      [
        14,
        4
      ],
      [
        332,
        3
      ],
      [
        340,
        126
      ],
      [
        13,
        130
      ]
    ]
  },
  {
    "transcription": "LAND",
    "points": [
      [
        361,
        29
      ],
      [
        677,
        29
      ],
      [
        677,
        129
      ],
      [
        361,
        129
      ]
    ]
  },
  {
    "transcription": "TU\u00c2N",
    "points": [
      [
        2,
        0
      ],
      [
        336,
        0
      ],
      [
        336,
        126
      ],
      [
        2,
        126
      ]
    ]
  }
]