[
  {
    "transcription": "29D",
    "points": [
      [
        193,
        115
      ],
      [
        466,
        120
      ],
      [
        469,
        265
      ],
      [
        193,
        260
      ]
    ]
  },
  {
    "transcription": "2",
    "points": [
      [
        265,
        277
      ],
      [
        357,
        275
      ],
      [
        357,
        413
      ],
      [
        265,
        416
      ]
    ]
  },
  {
    "transcription": "1",
    "points": [
      [
        189,
        277
      ],
      [
        242,
        276
      ],
      [
        242,
        419
      ],
      [
        188,
        418
      ]
    ]
  },
  {
    "transcription": "O",
    "points": [
      [
        70,
        275
      ],
      [
        163,
        275
      ],
      [
        163,
        413
      ],
      [
        69,
        414
      ]
    ]
  }
]