[
  {
    "transcription": "V\u0168",
    "points": [
      [
        676,
        131
      ],
      [
        966,
        123
      ],
      [
        973,
        352
      ],
      [
        682,
        355
      ]
    ]
  },
  {
    "transcription": "TH\u1ee6Y",
    "points": [
      [
        88,
        171
      ],
      [
        636,
        156
      ],
      [
        639,
        377
      ],
      [
        90,
        393
      ]
    ]
  },
  {
    "transcription": "7",
    "points": [
      [
        408,
        136
      ],
      [
        468,
        136
      ],
      [
        468,
        198
      ],
      [
        408,
        197
      ]
    ]
  },
  {
    "transcription": "-",
    "points": [
      [
        1081,
        397
      ],
      [
        1138,
        396
      ],
      [
        1138,
        451
      ],
      [
        1081,
        453
      ]
    ]
  }
]