[
  {
    "transcription": "S\u1ea2N",
    "points": [
      [
        735,
        63
      ],
      [
        1006,
        62
      ],
      [
        1011,
        192
      ],
      [
        737,
        193
      ]
    ]
  },
  {
    "transcription": "H\u1ea2I",
    "points": [
      [
        479,
        50
      ],
      [
        708,
        51
      ],
      [
        712,
        188
      ],
      [
        479,
        186
      ]
    ]
  },
  {
    "transcription": "TR\u01af\u1edcNG",
    "points": [
      [
        229,
        187
      ],
      [
        777,
        191
      ],
      [
        780,
        315
      ],
      [
        227,
        310
      ]
    ]
  },
  {
    "transcription": "V\u1ef0A",
    "points": [
      [
        156,
        51
      ],
      [
        448,
        64
      ],
      [
        451,
        189
      ],
      [
        156,
        178
      ]
    ]
  }
]