[
  {
    "transcription": "99A",
    "points": [
      [
        239,
        218
      ],
      [
        425,
        224
      ],
      [
        428,
        333
      ],
      [
        239,
        327
      ]
    ]
  },
  {
    "transcription": "99A",
    "points": [
      [
        78,
        74
      ],
      [
        246,
        78
      ],
      [
        249,
        178
      ],
      [
        78,
        177
      ]
    ]
  },
  {
    "transcription": "33333",
    "points": [
      [
        168,
        327
      ],
      [
        508,
        346
      ],
      [
        507,
        461
      ],
      [
        162,
        440
      ]
    ]
  },
  {
    "transcription": "333.33",
    "points": [
      [
        280,
        74
      ],
      [
        603,
        70
      ],
      [
        604,
        168
      ],
      [
        279,
        174
      ]
    ]
  },
  {
    "transcription": "-",
    "points": [
      [
        256,
        119
      ],
      [
        278,
        120
      ],
      [
        278,
        136
      ],
      [
        256,
        136
      ]
    ]
  },
  {
    "transcription": "99A",
    "points": [
      [
        85,
        81
      ],
      [
        249,
        81
      ],
      [
        249,
        179
      ],
      [
        85,
        179
      ]
    ]
  },
  {
    "transcription": "333.33",
    "points": [
      [
        286,
        72
      ],
      [
        600,
        72
      ],
      [
        600,
        172
      ],
      [
        286,
        172
      ]
    ]
  },
  {
    "transcription": "33333",
    "points": [
      [
        170,
        333
      ],
      [
        502,
        333
      ],
      [
        502,
        457
      ],
      [
        170,
        457
      ]
    ]
  },
  {
    "transcription": "99A",
    "points": [
      [
        240,
        222
      ],
      [
        428,
        222
      ],
      [
        428,
        332
      ],
      [
        240,
        332
      ]
    ]
  }
]