[
  {
    "transcription": "C\u00d4NG",
    "points": [
      [
        94,
        293
      ],
      [
        192,
        292
      ],
      [
        193,
        332
      ],
      [
        95,
        333
      ]
    ]
  },
  {
    "transcription": "B\u1ed8",
    "points": [
      [
        593,
        283
      ],
      [
        638,
        283
      ],
      [
        638,
        328
      ],
      [
        593,
        327
      ]
    ]
  },
  {
    "transcription": "XANH",
    "points": [
      [
        430,
        290
      ],
      [
        519,
        289
      ],
      [
        520,
        324
      ],
      [
        430,
        326
      ]
    ]
  },
  {
    "transcription": "NAM",
    "points": [
      [
        522,
        288
      ],
      [
        590,
        287
      ],
      [
        591,
        324
      ],
      [
        523,
        324
      ]
    ]
  },
  {
    "transcription": "XANH",
    "points": [
      [
        253,
        121
      ],
      [
        492,
        120
      ],
      [
        493,
        201
      ],
      [
        253,
        201
      ]
    ]
  },
  {
    "transcription": "TYC\u1ed4",
    "points": [
      [
        196,
        285
      ],
      [
        285,
        283
      ],
      [
        286,
        330
      ],
      [
        195,
        331
      ]
    ]
  },
  {
    "transcription": "TY",
    "points": [
      [
        195,
        294
      ],
      [
        233,
        295
      ],
      [
        231,
        331
      ],
      [
        195,
        331
      ]
    ]
  },
  {
    "transcription": "NAM",
    "points": [
      [
        506,
        115
      ],
      [
        722,
        113
      ],
      [
        733,
        192
      ],
      [
        507,
        195
      ]
    ]
  },
  {
    "transcription": "BO",
    "points": [
      [
        742,
        111
      ],
      [
        868,
        113
      ],
      [
        871,
        189
      ],
      [
        744,
        190
      ]
    ]
  },
  {
    "transcription": "\u0110\u1ea4T",
    "points": [
      [
        371,
        286
      ],
      [
        425,
        285
      ],
      [
        425,
        326
      ],
      [
        371,
        327
      ]
    ]
  },
  {
    "transcription": "DAT",
    "points": [
      [
        61,
        125
      ],
      [
        232,
        123
      ],
      [
        232,
        205
      ],
      [
        61,
        206
      ]
    ]
  },
  {
    "transcription": "PH\u1ea6N",
    "points": [
      [
        287,
        284
      ],
      [
        368,
        284
      ],
      [
        369,
        329
      ],
      [
        287,
        330
      ]
    ]
  }
]