[
  {
    "transcription": "888.88",
    "points": [
      [
        392,
        253
      ],
      [
        769,
        249
      ],
      [
        769,
        355
      ],
      [
        392,
        361
      ]
    ]
  },
  {
    "transcription": "151G",
    "points": [
      [
        125,
        399
      ],
      [
        370,
        401
      ],
      [
        366,
        534
      ],
      [
        104,
        532
      ]
    ]
  },
  {
    "transcription": "51G",
    "points": [
      [
        473,
        156
      ],
      [
        671,
        153
      ],
      [
        673,
        248
      ],
      [
        473,
        250
      ]
    ]
  },
  {
    "transcription": "888.88",
    "points": [
      [
        403,
        409
      ],
      [
        818,
        414
      ],
      [
        820,
        543
      ],
      [
        403,
        536
      ]
    ]
  },
  {
    "transcription": "51G-888.88",
    "points": [
      [
        139,
        408
      ],
      [
        811,
        408
      ],
      [
        811,
        538
      ],
      [
        139,
        538
      ]
    ]
  },
  {
    "transcription": "888.88",
    "points": [
      [
        395,
        257
      ],
      [
        765,
        257
      ],
      [
        765,
        361
      ],
      [
        395,
        361
      ]
    ]
  },
  {
    "transcription": "51G",
    "points": [
      [
        478,
        157
      ],
      [
        674,
        157
      ],
      [
        674,
        251
      ],
      [
        478,
        251
      ]
    ]
  }
]