[
  {
    "transcription": "\u0110T",
    "points": [
      [
        112,
        14
      ],
      [
        187,
        18
      ],
      [
        188,
        75
      ],
      [
        113,
        71
      ]
    ]
  },
  {
    "transcription": "0909",
    "points": [
      [
        196,
        25
      ],
      [
        338,
        35
      ],
      [
        342,
        93
      ],
      [
        197,
        82
      ]
    ]
  },
  {
    "transcription": ":",
    "points": [
      [
        194,
        37
      ],
      [
        210,
        37
      ],
      [
        212,
        77
      ],
      [
        195,
        77
      ]
    ]
  }
]