[
  {
    "transcription": "BU\u00d4N",
    "points": [
      [
        484,
        124
      ],
      [
        643,
        123
      ],
      [
        641,
        194
      ],
      [
        481,
        194
      ]
    ]
  },
  {
    "transcription": "B\u00c1N",
    "points": [
      [
        348,
        123
      ],
      [
        471,
        122
      ],
      [
        468,
        193
      ],
      [
        344,
        194
      ]
    ]
  },
  {
    "transcription": "H\u1ea0",
    "points": [
      [
        826,
        24
      ],
      [
        945,
        22
      ],
      [
        952,
        133
      ],
      [
        826,
        131
      ]
    ]
  },
  {
    "transcription": "T\u01af\u01a0I",
    "points": [
      [
        372,
        12
      ],
      [
        574,
        10
      ],
      [
        574,
        109
      ],
      [
        371,
        111
      ]
    ]
  },
  {
    "transcription": "H\u00c0I",
    "points": [
      [
        19,
        2
      ],
      [
        173,
        2
      ],
      [
        171,
        112
      ],
      [
        13,
        114
      ]
    ]
  },
  {
    "transcription": "S\u1ea2N",
    "points": [
      [
        195,
        2
      ],
      [
        360,
        1
      ],
      [
        358,
        110
      ],
      [
        187,
        111
      ]
    ]
  },
  {
    "transcription": "LONG",
    "points": [
      [
        971,
        30
      ],
      [
        1182,
        32
      ],
      [
        1181,
        120
      ],
      [
        972,
        119
      ]
    ]
  },
  {
    "transcription": "CHUY\u00caN",
    "points": [
      [
        111,
        130
      ],
      [
        334,
        128
      ],
      [
        335,
        192
      ],
      [
        109,
        195
      ]
    ]
  },
  {
    "transcription": "-",
    "points": [
      [
        650,
        150
      ],
      [
        675,
        149
      ],
      [
        672,
        176
      ],
      [
        649,
        176
      ]
    ]
  },
  {
    "transcription": "S\u1ed0NG",
    "points": [
      [
        596,
        2
      ],
      [
        808,
        1
      ],
      [
        808,
        111
      ],
      [
        594,
        112
      ]
    ]
  },
  {
    "transcription": "B\u00c1N",
    "points": [
      [
        687,
        124
      ],
      [
        809,
        124
      ],
      [
        807,
        196
      ],
      [
        682,
        196
      ]
    ]
  },
  {
    "transcription": "L\u1eba",
    "points": [
      [
        821,
        124
      ],
      [
        891,
        124
      ],
      [
        890,
        195
      ],
      [
        819,
        197
      ]
    ]
  }
]