[
  {
    "transcription": "XE",
    "points": [
      [
        132,
        13
      ],
      [
        185,
        15
      ],
      [
        186,
        58
      ],
      [
        132,
        57
      ]
    ]
  },
  {
    "transcription": "T\u00d4",
    "points": [
      [
        189,
        75
      ],
      [
        256,
        74
      ],
      [
        262,
        125
      ],
      [
        195,
        125
      ]
    ]
  },
  {
    "transcription": "R\u1eecA",
    "points": [
      [
        37,
        0
      ],
      [
        123,
        6
      ],
      [
        125,
        55
      ],
      [
        37,
        49
      ]
    ]
  },
  {
    "transcription": "B\u01a0M",
    "points": [
      [
        219,
        20
      ],
      [
        308,
        25
      ],
      [
        312,
        66
      ],
      [
        221,
        61
      ]
    ]
  },
  {
    "transcription": "-",
    "points": [
      [
        196,
        36
      ],
      [
        212,
        37
      ],
      [
        212,
        49
      ],
      [
        196,
        49
      ]
    ]
  },
  {
    "transcription": "\u00d4T\u00d4 -",
    "points": [
      [
        136,
        71
      ],
      [
        312,
        71
      ],
      [
        312,
        129
      ],
      [
        136,
        129
      ]
    ]
  },
  {
    "transcription": "-",
    "points": [
      [
        195,
        34
      ],
      [
        213,
        34
      ],
      [
        213,
        48
      ],
      [
        195,
        48
      ]
    ]
  },
  {
    "transcription": "XE",
    "points": [
      [
        131,
        14
      ],
      [
        187,
        14
      ],
      [
        187,
        58
      ],
      [
        131,
        58
      ]
    ]
  },
  {
    "transcription": "R\u1eecA",
    "points": [
      [
        40,
        1
      ],
      [
        124,
        1
      ],
      [
        124,
        53
      ],
      [
        40,
        53
      ]
    ]
  },
  {
    "transcription": "B\u01a0M",
    "points": [
      [
        219,
        21
      ],
      [
        311,
        21
      ],
      [
        311,
        67
      ],
      [
        219,
        67
      ]
    ]
  }
]