[
  {
    "transcription": "339",
    "points": [
      [
        169,
        60
      ],
      [
        215,
        61
      ],
      [
        216,
        86
      ],
      [
        169,
        87
      ]
    ]
  },
  {
    "transcription": "688",
    "points": [
      [
        121,
        60
      ],
      [
        164,
        60
      ],
      [
        165,
        87
      ],
      [
        121,
        87
      ]
    ]
  },
  {
    "transcription": "\u0110T:",
    "points": [
      [
        39,
        60
      ],
      [
        85,
        60
      ],
      [
        86,
        88
      ],
      [
        39,
        88
      ]
    ]
  },
  {
    "transcription": "554",
    "points": [
      [
        219,
        60
      ],
      [
        266,
        60
      ],
      [
        267,
        87
      ],
      [
        220,
        87
      ]
    ]
  },
  {
    "transcription": "01",
    "points": [
      [
        90,
        60
      ],
      [
        120,
        60
      ],
      [
        120,
        88
      ],
      [
        91,
        88
      ]
    ]
  }
]