[
  {
    "transcription": "NGH\u0128A",
    "points": [
      [
        201,
        3
      ],
      [
        270,
        3
      ],
      [
        270,
        33
      ],
      [
        201,
        33
      ]
    ]
  },
  {
    "transcription": "TR\u01af\u1edcNG",
    "points": [
      [
        0,
        0
      ],
      [
        95,
        1
      ],
      [
        95,
        33
      ],
      [
        0,
        33
      ]
    ]
  },
  {
    "transcription": "\u0110\u00d4",
    "points": [
      [
        273,
        5
      ],
      [
        306,
        4
      ],
      [
        306,
        32
      ],
      [
        273,
        32
      ]
    ]
  },
  {
    "transcription": "TI\u1ec2U",
    "points": [
      [
        97,
        0
      ],
      [
        147,
        1
      ],
      [
        147,
        32
      ],
      [
        97,
        32
      ]
    ]
  },
  {
    "transcription": "H\u1eccC",
    "points": [
      [
        152,
        5
      ],
      [
        197,
        5
      ],
      [
        197,
        34
      ],
      [
        152,
        34
      ]
    ]
  },
  {
    "transcription": "\u0110\u00d4",
    "points": [
      [
        273,
        5
      ],
      [
        303,
        5
      ],
      [
        303,
        33
      ],
      [
        273,
        33
      ]
    ]
  },
  {
    "transcription": "NGH\u0128A",
    "points": [
      [
        203,
        5
      ],
      [
        269,
        5
      ],
      [
        269,
        33
      ],
      [
        203,
        33
      ]
    ]
  },
  {
    "transcription": "H\u1eccC",
    "points": [
      [
        152,
        8
      ],
      [
        196,
        8
      ],
      [
        196,
        34
      ],
      [
        152,
        34
      ]
    ]
  },
  {
    "transcription": "TR\u01af\u1edcNG",
    "points": [
      [
        2,
        2
      ],
      [
        92,
        2
      ],
      [
        92,
        32
      ],
      [
        2,
        32
      ]
    ]
  },
  {
    "transcription": "TI\u1ec2U",
    "points": [
      [
        98,
        2
      ],
      [
        146,
        2
      ],
      [
        146,
        32
      ],
      [
        98,
        32
      ]
    ]
  }
]