[
  {
    "transcription": "PH\u1ed0",
    "points": [
      [
        43,
        172
      ],
      [
        70,
        171
      ],
      [
        71,
        191
      ],
      [
        43,
        192
      ]
    ]
  },
  {
    "transcription": "M\u1ea0C",
    "points": [
      [
        14,
        200
      ],
      [
        38,
        199
      ],
      [
        38,
        221
      ],
      [
        14,
        222
      ]
    ]
  },
  {
    "transcription": "TH\u00c1I",
    "points": [
      [
        38,
        194
      ],
      [
        63,
        193
      ],
      [
        64,
        218
      ],
      [
        38,
        219
      ]
    ]
  },
  {
    "transcription": "T\u00d4NG",
    "points": [
      [
        64,
        193
      ],
      [
        94,
        191
      ],
      [
        95,
        215
      ],
      [
        64,
        216
      ]
    ]
  }
]