[
  {
    "transcription": "NH\u00c0",
    "points": [
      [
        240,
        5
      ],
      [
        276,
        4
      ],
      [
        276,
        34
      ],
      [
        240,
        34
      ]
    ]
  },
  {
    "transcription": "B\u1eca",
    "points": [
      [
        51,
        5
      ],
      [
        67,
        5
      ],
      [
        65,
        33
      ],
      [
        49,
        32
      ]
    ]
  },
  {
    "transcription": "THI\u1ebeT",
    "points": [
      [
        8,
        0
      ],
      [
        50,
        1
      ],
      [
        49,
        31
      ],
      [
        7,
        30
      ]
    ]
  },
  {
    "transcription": "-",
    "points": [
      [
        231,
        16
      ],
      [
        239,
        16
      ],
      [
        239,
        27
      ],
      [
        231,
        27
      ]
    ]
  },
  {
    "transcription": "SINH",
    "points": [
      [
        91,
        5
      ],
      [
        128,
        5
      ],
      [
        128,
        32
      ],
      [
        91,
        32
      ]
    ]
  },
  {
    "transcription": "V\u1ec6",
    "points": [
      [
        69,
        4
      ],
      [
        89,
        4
      ],
      [
        87,
        34
      ],
      [
        68,
        33
      ]
    ]
  },
  {
    "transcription": "T\u1eaeM",
    "points": [
      [
        195,
        1
      ],
      [
        229,
        1
      ],
      [
        229,
        33
      ],
      [
        195,
        33
      ]
    ]
  },
  {
    "transcription": "PH\u00d2NG",
    "points": [
      [
        139,
        3
      ],
      [
        193,
        2
      ],
      [
        193,
        33
      ],
      [
        139,
        33
      ]
    ]
  },
  {
    "transcription": "B\u1ebeP",
    "points": [
      [
        279,
        4
      ],
      [
        310,
        3
      ],
      [
        309,
        33
      ],
      [
        277,
        34
      ]
    ]
  },
  {
    "transcription": "\"",
    "points": [
      [
        129,
        15
      ],
      [
        137,
        15
      ],
      [
        137,
        25
      ],
      [
        129,
        24
      ]
    ]
  }
]