[
  {
    "transcription": "TR\u01af\u1edcNG",
    "points": [
      [
        141,
        26
      ],
      [
        183,
        26
      ],
      [
        183,
        44
      ],
      [
        141,
        44
      ]
    ]
  },
  {
    "transcription": "SA",
    "points": [
      [
        184,
        28
      ],
      [
        197,
        28
      ],
      [
        198,
        44
      ],
      [
        184,
        44
      ]
    ]
  },
  {
    "transcription": "B\u1eb0NG",
    "points": [
      [
        110,
        24
      ],
      [
        140,
        24
      ],
      [
        140,
        43
      ],
      [
        110,
        43
      ]
    ]
  },
  {
    "transcription": "T\u1eb6NG",
    "points": [
      [
        114,
        0
      ],
      [
        172,
        0
      ],
      [
        172,
        20
      ],
      [
        114,
        20
      ]
    ]
  },
  {
    "transcription": "C\u00c2Y",
    "points": [
      [
        86,
        23
      ],
      [
        109,
        23
      ],
      [
        109,
        42
      ],
      [
        86,
        42
      ]
    ]
  }
]