[
  {
    "transcription": "C\u00d4NG",
    "points": [
      [
        147,
        5
      ],
      [
        414,
        6
      ],
      [
        415,
        147
      ],
      [
        146,
        147
      ]
    ]
  },
  {
    "transcription": "TNHH",
    "points": [
      [
        564,
        31
      ],
      [
        806,
        34
      ],
      [
        808,
        155
      ],
      [
        564,
        152
      ]
    ]
  },
  {
    "transcription": "NH\u01af",
    "points": [
      [
        206,
        244
      ],
      [
        665,
        243
      ],
      [
        664,
        436
      ],
      [
        206,
        435
      ]
    ]
  },
  {
    "transcription": "D\u1ecaCH",
    "points": [
      [
        828,
        37
      ],
      [
        1041,
        37
      ],
      [
        1042,
        177
      ],
      [
        828,
        174
      ]
    ]
  },
  {
    "transcription": "ANH",
    "points": [
      [
        706,
        256
      ],
      [
        1135,
        257
      ],
      [
        1138,
        437
      ],
      [
        707,
        437
      ]
    ]
  },
  {
    "transcription": "V\u1ee4",
    "points": [
      [
        1060,
        43
      ],
      [
        1183,
        42
      ],
      [
        1186,
        184
      ],
      [
        1064,
        185
      ]
    ]
  },
  {
    "transcription": "TY",
    "points": [
      [
        430,
        28
      ],
      [
        544,
        28
      ],
      [
        542,
        148
      ],
      [
        432,
        149
      ]
    ]
  },
  {
    "transcription": "TY",
    "points": [
      [
        431,
        28
      ],
      [
        547,
        28
      ],
      [
        547,
        148
      ],
      [
        431,
        148
      ]
    ]
  },
  {
    "transcription": "NH\u01af",
    "points": [
      [
        201,
        238
      ],
      [
        673,
        238
      ],
      [
        673,
        438
      ],
      [
        201,
        438
      ]
    ]
  },
  {
    "transcription": "TNHH",
    "points": [
      [
        562,
        32
      ],
      [
        804,
        32
      ],
      [
        804,
        152
      ],
      [
        562,
        152
      ]
    ]
  },
  {
    "transcription": "C\u00d4NG",
    "points": [
      [
        144,
        7
      ],
      [
        410,
        7
      ],
      [
        410,
        143
      ],
      [
        144,
        143
      ]
    ]
  },
  {
    "transcription": "V\u1ee4",
    "points": [
      [
        1060,
        44
      ],
      [
        1182,
        44
      ],
      [
        1182,
        182
      ],
      [
        1060,
        182
      ]
    ]
  },
  {
    "transcription": "ANH",
    "points": [
      [
        702,
        253
      ],
      [
        1134,
        253
      ],
      [
        1134,
        443
      ],
      [
        702,
        443
      ]
    ]
  },
  {
    "transcription": "D\u1ecaCH",
    "points": [
      [
        828,
        40
      ],
      [
        1042,
        40
      ],
      [
        1042,
        178
      ],
      [
        828,
        178
      ]
    ]
  }
]