[
  {
    "transcription": "H\u00d4",
    "points": [
      [
        62,
        171
      ],
      [
        78,
        172
      ],
      [
        78,
        189
      ],
      [
        61,
        188
      ]
    ]
  },
  {
    "transcription": "CORONA",
    "points": [
      [
        56,
        210
      ],
      [
        95,
        211
      ],
      [
        96,
        228
      ],
      [
        56,
        227
      ]
    ]
  },
  {
    "transcription": "B\u1ec6NH",
    "points": [
      [
        93,
        137
      ],
      [
        119,
        139
      ],
      [
        118,
        157
      ],
      [
        92,
        155
      ]
    ]
  },
  {
    "transcription": "L\u00c0",
    "points": [
      [
        45,
        227
      ],
      [
        58,
        228
      ],
      [
        58,
        246
      ],
      [
        44,
        246
      ]
    ]
  },
  {
    "transcription": "DO",
    "points": [
      [
        66,
        192
      ],
      [
        81,
        193
      ],
      [
        81,
        209
      ],
      [
        65,
        208
      ]
    ]
  },
  {
    "transcription": "CH\u1ed0NG",
    "points": [
      [
        96,
        117
      ],
      [
        129,
        120
      ],
      [
        129,
        140
      ],
      [
        96,
        137
      ]
    ]
  },
  {
    "transcription": "X",
    "points": [
      [
        199,
        180
      ],
      [
        206,
        178
      ],
      [
        209,
        184
      ],
      [
        205,
        186
      ]
    ]
  },
  {
    "transcription": "C\u1ea4P",
    "points": [
      [
        98,
        174
      ],
      [
        117,
        176
      ],
      [
        117,
        193
      ],
      [
        97,
        192
      ]
    ]
  },
  {
    "transcription": "VI\u00caM",
    "points": [
      [
        62,
        152
      ],
      [
        88,
        154
      ],
      [
        87,
        171
      ],
      [
        61,
        170
      ]
    ]
  },
  {
    "transcription": "C\u1ee6A",
    "points": [
      [
        71,
        248
      ],
      [
        93,
        248
      ],
      [
        93,
        267
      ],
      [
        71,
        266
      ]
    ]
  },
  {
    "transcription": "M\u1edaI",
    "points": [
      [
        96,
        212
      ],
      [
        116,
        213
      ],
      [
        116,
        230
      ],
      [
        95,
        230
      ]
    ]
  },
  {
    "transcription": "NHI\u1ec6M",
    "points": [
      [
        91,
        231
      ],
      [
        122,
        233
      ],
      [
        122,
        252
      ],
      [
        91,
        250
      ]
    ]
  },
  {
    "transcription": "PH\u00d2NG",
    "points": [
      [
        60,
        113
      ],
      [
        95,
        116
      ],
      [
        95,
        135
      ],
      [
        60,
        132
      ]
    ]
  },
  {
    "transcription": "\u0110\u01af\u1edcNG",
    "points": [
      [
        89,
        155
      ],
      [
        120,
        157
      ],
      [
        120,
        175
      ],
      [
        88,
        172
      ]
    ]
  },
  {
    "transcription": "H\u1ea4P",
    "points": [
      [
        78,
        172
      ],
      [
        97,
        172
      ],
      [
        96,
        191
      ],
      [
        77,
        190
      ]
    ]
  },
  {
    "transcription": "D\u1ecaCH",
    "points": [
      [
        68,
        135
      ],
      [
        92,
        137
      ],
      [
        91,
        154
      ],
      [
        67,
        152
      ]
    ]
  },
  {
    "transcription": "D\u00c2N",
    "points": [
      [
        94,
        269
      ],
      [
        115,
        270
      ],
      [
        115,
        289
      ],
      [
        94,
        288
      ]
    ]
  },
  {
    "transcription": "M\u1ed6I",
    "points": [
      [
        46,
        265
      ],
      [
        67,
        265
      ],
      [
        66,
        286
      ],
      [
        44,
        286
      ]
    ]
  },
  {
    "transcription": "C\u00d4NG",
    "points": [
      [
        67,
        268
      ],
      [
        94,
        268
      ],
      [
        94,
        287
      ],
      [
        66,
        287
      ]
    ]
  },
  {
    "transcription": "TR\u00c1CH",
    "points": [
      [
        59,
        228
      ],
      [
        90,
        229
      ],
      [
        90,
        247
      ],
      [
        58,
        247
      ]
    ]
  },
  {
    "transcription": "VIRUS",
    "points": [
      [
        81,
        193
      ],
      [
        110,
        195
      ],
      [
        110,
        211
      ],
      [
        81,
        209
      ]
    ]
  }
]