[
  {
    "transcription": "TH\u1ecaT",
    "points": [
      [
        127,
        9
      ],
      [
        181,
        11
      ],
      [
        181,
        51
      ],
      [
        127,
        48
      ]
    ]
  },
  {
    "transcription": "TH\u1ecaT",
    "points": [
      [
        125,
        8
      ],
      [
        183,
        8
      ],
      [
        183,
        54
      ],
      [
        125,
        54
      ]
    ]
  },
  {
    "transcription": "M\u1ee4N",
    "points": [
      [
        61,
        10
      ],
      [
        121,
        10
      ],
      [
        121,
        52
      ],
      [
        61,
        52
      ]
    ]
  },
  {
    "transcription": "\u0110\u1ed0T",
    "points": [
      [
        6,
        2
      ],
      [
        56,
        2
      ],
      [
        56,
        48
      ],
      [
        6,
        48
      ]
    ]
  }
]