[
  {
    "transcription": "S\u1eeeA",
    "points": [
      [
        213,
        287
      ],
      [
        281,
        273
      ],
      [
        289,
        322
      ],
      [
        214,
        336
      ]
    ]
  },
  {
    "transcription": "TR\u00c0",
    "points": [
      [
        144,
        305
      ],
      [
        205,
        293
      ],
      [
        210,
        337
      ],
      [
        144,
        349
      ]
    ]
  },
  {
    "transcription": "XI\u00caN",
    "points": [
      [
        324,
        261
      ],
      [
        434,
        237
      ],
      [
        438,
        293
      ],
      [
        326,
        314
      ]
    ]
  },
  {
    "transcription": "QUE",
    "points": [
      [
        441,
        240
      ],
      [
        570,
        216
      ],
      [
        579,
        269
      ],
      [
        448,
        291
      ]
    ]
  },
  {
    "transcription": "honecolo",
    "points": [
      [
        38,
        230
      ],
      [
        433,
        134
      ],
      [
        431,
        237
      ],
      [
        29,
        330
      ]
    ]
  },
  {
    "transcription": "&",
    "points": [
      [
        291,
        278
      ],
      [
        323,
        276
      ],
      [
        323,
        319
      ],
      [
        292,
        321
      ]
    ]
  },
  {
    "transcription": "COLD",
    "points": [
      [
        169,
        134
      ],
      [
        433,
        134
      ],
      [
        433,
        298
      ],
      [
        169,
        298
      ]
    ]
  },
  {
    "transcription": "&",
    "points": [
      [
        289,
        276
      ],
      [
        323,
        276
      ],
      [
        323,
        322
      ],
      [
        289,
        322
      ]
    ]
  },
  {
    "transcription": "QUE",
    "points": [
      [
        440,
        221
      ],
      [
        580,
        221
      ],
      [
        580,
        293
      ],
      [
        440,
        293
      ]
    ]
  },
  {
    "transcription": "S\u1eeeA",
    "points": [
      [
        212,
        275
      ],
      [
        288,
        275
      ],
      [
        288,
        335
      ],
      [
        212,
        335
      ]
    ]
  },
  {
    "transcription": "HOT",
    "points": [
      [
        25,
        231
      ],
      [
        145,
        231
      ],
      [
        145,
        329
      ],
      [
        25,
        329
      ]
    ]
  },
  {
    "transcription": "XI\u00caN",
    "points": [
      [
        325,
        238
      ],
      [
        437,
        238
      ],
      [
        437,
        314
      ],
      [
        325,
        314
      ]
    ]
  },
  {
    "transcription": "TR\u00c0",
    "points": [
      [
        140,
        293
      ],
      [
        208,
        293
      ],
      [
        208,
        349
      ],
      [
        140,
        349
      ]
    ]
  }
]