[
  {
    "transcription": "Clinic",
    "points": [
      [
        400,
        239
      ],
      [
        518,
        240
      ],
      [
        519,
        284
      ],
      [
        401,
        285
      ]
    ]
  },
  {
    "transcription": "Spa",
    "points": [
      [
        97,
        240
      ],
      [
        182,
        240
      ],
      [
        182,
        293
      ],
      [
        97,
        291
      ]
    ]
  },
  {
    "transcription": "Beauty",
    "points": [
      [
        241,
        240
      ],
      [
        387,
        244
      ],
      [
        388,
        294
      ],
      [
        241,
        289
      ]
    ]
  },
  {
    "transcription": "J",
    "points": [
      [
        103,
        83
      ],
      [
        165,
        82
      ],
      [
        160,
        239
      ],
      [
        95,
        241
      ]
    ]
  },
  {
    "transcription": "uly",
    "points": [
      [
        198,
        80
      ],
      [
        365,
        78
      ],
      [
        370,
        246
      ],
      [
        196,
        234
      ]
    ]
  },
  {
    "transcription": "Jul",
    "points": [
      [
        107,
        87
      ],
      [
        308,
        72
      ],
      [
        311,
        215
      ],
      [
        107,
        235
      ]
    ]
  },
  {
    "transcription": "&",
    "points": [
      [
        195,
        240
      ],
      [
        228,
        240
      ],
      [
        228,
        284
      ],
      [
        194,
        284
      ]
    ]
  }
]