[
  {
    "transcription": "ch\u00e0o",
    "points": [
      [
        117,
        16
      ],
      [
        185,
        15
      ],
      [
        184,
        38
      ],
      [
        116,
        38
      ]
    ]
  },
  {
    "transcription": "L\u01af\u01a0NG",
    "points": [
      [
        0,
        57
      ],
      [
        19,
        57
      ],
      [
        18,
        70
      ],
      [
        0,
        70
      ]
    ]
  },
  {
    "transcription": "qu\u00fd",
    "points": [
      [
        194,
        15
      ],
      [
        258,
        14
      ],
      [
        257,
        44
      ],
      [
        193,
        44
      ]
    ]
  },
  {
    "transcription": "kh\u00e1ch",
    "points": [
      [
        265,
        12
      ],
      [
        394,
        12
      ],
      [
        396,
        41
      ],
      [
        266,
        41
      ]
    ]
  },
  {
    "transcription": "K\u00ednh",
    "points": [
      [
        48,
        13
      ],
      [
        112,
        14
      ],
      [
        112,
        37
      ],
      [
        46,
        37
      ]
    ]
  }
]