[
  {
    "transcription": "S\u1ea2",
    "points": [
      [
        226,
        168
      ],
      [
        291,
        167
      ],
      [
        293,
        226
      ],
      [
        226,
        226
      ]
    ]
  },
  {
    "transcription": "G\u00c0",
    "points": [
      [
        25,
        173
      ],
      [
        92,
        172
      ],
      [
        97,
        226
      ],
      [
        25,
        228
      ]
    ]
  },
  {
    "transcription": "H\u1ea6M",
    "points": [
      [
        107,
        170
      ],
      [
        215,
        170
      ],
      [
        216,
        226
      ],
      [
        107,
        226
      ]
    ]
  },
  {
    "transcription": "CH\u00c1O",
    "points": [
      [
        9,
        30
      ],
      [
        161,
        30
      ],
      [
        162,
        169
      ],
      [
        7,
        167
      ]
    ]
  },
  {
    "transcription": "L\u00d2NG",
    "points": [
      [
        158,
        31
      ],
      [
        311,
        27
      ],
      [
        313,
        169
      ],
      [
        155,
        167
      ]
    ]
  }
]