[
  {
    "transcription": "GA",
    "points": [
      [
        266,
        60
      ],
      [
        342,
        67
      ],
      [
        351,
        114
      ],
      [
        267,
        109
      ]
    ]
  },
  {
    "transcription": "-",
    "points": [
      [
        355,
        75
      ],
      [
        376,
        75
      ],
      [
        376,
        121
      ],
      [
        354,
        121
      ]
    ]
  },
  {
    "transcription": "G\u1ed0I",
    "points": [
      [
        384,
        65
      ],
      [
        481,
        66
      ],
      [
        482,
        119
      ],
      [
        384,
        118
      ]
    ]
  },
  {
    "transcription": "-",
    "points": [
      [
        236,
        64
      ],
      [
        258,
        64
      ],
      [
        258,
        117
      ],
      [
        236,
        117
      ]
    ]
  },
  {
    "transcription": "CH\u0102N",
    "points": [
      [
        72,
        38
      ],
      [
        228,
        47
      ],
      [
        229,
        102
      ],
      [
        73,
        94
      ]
    ]
  }
]