[
  {
    "transcription": "S\u00c1NH",
    "points": [
      [
        202,
        92
      ],
      [
        287,
        92
      ],
      [
        287,
        117
      ],
      [
        202,
        117
      ]
    ]
  },
  {
    "transcription": "S\u1eeeA",
    "points": [
      [
        216,
        157
      ],
      [
        260,
        157
      ],
      [
        261,
        174
      ],
      [
        216,
        174
      ]
    ]
  },
  {
    "transcription": "PH\u00ca",
    "points": [
      [
        253,
        139
      ],
      [
        299,
        139
      ],
      [
        299,
        157
      ],
      [
        253,
        157
      ]
    ]
  },
  {
    "transcription": "VI",
    "points": [
      [
        197,
        162
      ],
      [
        214,
        162
      ],
      [
        214,
        175
      ],
      [
        199,
        175
      ]
    ]
  },
  {
    "transcription": "QUY\u1ec0N",
    "points": [
      [
        202,
        116
      ],
      [
        307,
        113
      ],
      [
        307,
        136
      ],
      [
        203,
        138
      ]
    ]
  },
  {
    "transcription": "C\u00c0",
    "points": [
      [
        218,
        140
      ],
      [
        247,
        140
      ],
      [
        249,
        156
      ],
      [
        218,
        157
      ]
    ]
  },
  {
    "transcription": "V\u1eca",
    "points": [
      [
        199,
        146
      ],
      [
        217,
        146
      ],
      [
        217,
        158
      ],
      [
        199,
        158
      ]
    ]
  },
  {
    "transcription": "VI",
    "points": [
      [
        199,
        162
      ],
      [
        213,
        162
      ],
      [
        213,
        174
      ],
      [
        199,
        174
      ]
    ]
  },
  {
    "transcription": "C\u00c0",
    "points": [
      [
        218,
        140
      ],
      [
        248,
        140
      ],
      [
        248,
        156
      ],
      [
        218,
        156
      ]
    ]
  },
  {
    "transcription": "S\u1eeeA",
    "points": [
      [
        216,
        157
      ],
      [
        260,
        157
      ],
      [
        260,
        173
      ],
      [
        216,
        173
      ]
    ]
  },
  {
    "transcription": "S\u00c1NH",
    "points": [
      [
        202,
        91
      ],
      [
        288,
        91
      ],
      [
        288,
        117
      ],
      [
        202,
        117
      ]
    ]
  },
  {
    "transcription": "QUY\u00caN",
    "points": [
      [
        202,
        115
      ],
      [
        308,
        115
      ],
      [
        308,
        137
      ],
      [
        202,
        137
      ]
    ]
  },
  {
    "transcription": "PH\u00ca",
    "points": [
      [
        252,
        138
      ],
      [
        298,
        138
      ],
      [
        298,
        156
      ],
      [
        252,
        156
      ]
    ]
  }
]