[
  {
    "transcription": "VI\u1ec6T",
    "points": [
      [
        619,
        63
      ],
      [
        993,
        63
      ],
      [
        992,
        200
      ],
      [
        620,
        199
      ]
    ]
  },
  {
    "transcription": "TNHH",
    "points": [
      [
        287,
        18
      ],
      [
        380,
        18
      ],
      [
        380,
        64
      ],
      [
        287,
        63
      ]
    ]
  },
  {
    "transcription": "\u0110\u1ed8NG",
    "points": [
      [
        589,
        14
      ],
      [
        690,
        15
      ],
      [
        690,
        71
      ],
      [
        588,
        70
      ]
    ]
  },
  {
    "transcription": "S\u1ea2N",
    "points": [
      [
        961,
        10
      ],
      [
        1041,
        10
      ],
      [
        1041,
        64
      ],
      [
        960,
        64
      ]
    ]
  },
  {
    "transcription": "T\u01af",
    "points": [
      [
        462,
        15
      ],
      [
        513,
        15
      ],
      [
        512,
        65
      ],
      [
        462,
        65
      ]
    ]
  },
  {
    "transcription": "C\u00d4NG",
    "points": [
      [
        132,
        11
      ],
      [
        229,
        12
      ],
      [
        229,
        61
      ],
      [
        132,
        61
      ]
    ]
  },
  {
    "transcription": "TY",
    "points": [
      [
        235,
        16
      ],
      [
        281,
        16
      ],
      [
        280,
        63
      ],
      [
        236,
        63
      ]
    ]
  },
  {
    "transcription": "CN.",
    "points": [
      [
        70,
        16
      ],
      [
        129,
        16
      ],
      [
        129,
        59
      ],
      [
        70,
        59
      ]
    ]
  },
  {
    "transcription": "S\u1ea2N",
    "points": [
      [
        696,
        10
      ],
      [
        772,
        11
      ],
      [
        772,
        65
      ],
      [
        696,
        65
      ]
    ]
  },
  {
    "transcription": "B\u1ea4T",
    "points": [
      [
        514,
        10
      ],
      [
        583,
        11
      ],
      [
        582,
        65
      ],
      [
        513,
        65
      ]
    ]
  },
  {
    "transcription": "\u0110\u1ea6U",
    "points": [
      [
        385,
        9
      ],
      [
        458,
        9
      ],
      [
        457,
        64
      ],
      [
        385,
        64
      ]
    ]
  },
  {
    "transcription": "KHO\u00c1NG",
    "points": [
      [
        803,
        15
      ],
      [
        957,
        15
      ],
      [
        956,
        65
      ],
      [
        802,
        65
      ]
    ]
  },
  {
    "transcription": "THUAN",
    "points": [
      [
        0,
        62
      ],
      [
        586,
        69
      ],
      [
        580,
        198
      ],
      [
        0,
        192
      ]
    ]
  },
  {
    "transcription": "-",
    "points": [
      [
        778,
        33
      ],
      [
        796,
        32
      ],
      [
        796,
        54
      ],
      [
        778,
        54
      ]
    ]
  },
  {
    "transcription": "-",
    "points": [
      [
        779,
        32
      ],
      [
        797,
        32
      ],
      [
        797,
        54
      ],
      [
        779,
        54
      ]
    ]
  },
  {
    "transcription": "CN.",
    "points": [
      [
        71,
        16
      ],
      [
        127,
        16
      ],
      [
        127,
        60
      ],
      [
        71,
        60
      ]
    ]
  },
  {
    "transcription": "TY",
    "points": [
      [
        236,
        18
      ],
      [
        280,
        18
      ],
      [
        280,
        64
      ],
      [
        236,
        64
      ]
    ]
  },
  {
    "transcription": "TNHH",
    "points": [
      [
        286,
        16
      ],
      [
        378,
        16
      ],
      [
        378,
        62
      ],
      [
        286,
        62
      ]
    ]
  },
  {
    "transcription": "T\u01af",
    "points": [
      [
        463,
        16
      ],
      [
        509,
        16
      ],
      [
        509,
        64
      ],
      [
        463,
        64
      ]
    ]
  },
  {
    "transcription": "S\u1ea2N",
    "points": [
      [
        960,
        6
      ],
      [
        1042,
        6
      ],
      [
        1042,
        66
      ],
      [
        960,
        66
      ]
    ]
  },
  {
    "transcription": "C\u00d4NG",
    "points": [
      [
        130,
        9
      ],
      [
        228,
        9
      ],
      [
        228,
        61
      ],
      [
        130,
        61
      ]
    ]
  },
  {
    "transcription": "\u0110\u1ea6U",
    "points": [
      [
        384,
        7
      ],
      [
        456,
        7
      ],
      [
        456,
        61
      ],
      [
        384,
        61
      ]
    ]
  },
  {
    "transcription": "B\u1ea4T",
    "points": [
      [
        513,
        9
      ],
      [
        581,
        9
      ],
      [
        581,
        65
      ],
      [
        513,
        65
      ]
    ]
  },
  {
    "transcription": "S\u1ea2N",
    "points": [
      [
        695,
        9
      ],
      [
        769,
        9
      ],
      [
        769,
        63
      ],
      [
        695,
        63
      ]
    ]
  },
  {
    "transcription": "KHO\u00c1NG",
    "points": [
      [
        802,
        13
      ],
      [
        954,
        13
      ],
      [
        954,
        65
      ],
      [
        802,
        65
      ]
    ]
  },
  {
    "transcription": "\u0110\u1ed8NG",
    "points": [
      [
        588,
        15
      ],
      [
        688,
        15
      ],
      [
        688,
        71
      ],
      [
        588,
        71
      ]
    ]
  },
  {
    "transcription": "THU\u1eacN",
    "points": [
      [
        0,
        59
      ],
      [
        574,
        59
      ],
      [
        574,
        209
      ],
      [
        0,
        209
      ]
    ]
  },
  {
    "transcription": "VI\u1ec6T",
    "points": [
      [
        615,
        65
      ],
      [
        995,
        65
      ],
      [
        995,
        205
      ],
      [
        615,
        205
      ]
    ]
  }
]