[
  {
    "transcription": "VIE",
    "points": [
      [
        54,
        280
      ],
      [
        136,
        277
      ],
      [
        137,
        318
      ],
      [
        62,
        320
      ]
    ]
  },
  {
    "transcription": "29",
    "points": [
      [
        215,
        55
      ],
      [
        370,
        46
      ],
      [
        373,
        230
      ],
      [
        218,
        236
      ]
    ]
  },
  {
    "transcription": "B",
    "points": [
      [
        392,
        103
      ],
      [
        439,
        102
      ],
      [
        439,
        155
      ],
      [
        392,
        156
      ]
    ]
  },
  {
    "transcription": "L1",
    "points": [
      [
        474,
        16
      ],
      [
        649,
        18
      ],
      [
        653,
        223
      ],
      [
        471,
        220
      ]
    ]
  },
  {
    "transcription": "4",
    "points": [
      [
        166,
        251
      ],
      [
        246,
        246
      ],
      [
        248,
        438
      ],
      [
        162,
        441
      ]
    ]
  },
  {
    "transcription": "438.83",
    "points": [
      [
        149,
        247
      ],
      [
        705,
        227
      ],
      [
        704,
        418
      ],
      [
        151,
        425
      ]
    ]
  }
]