[
  {
    "transcription": "T\u1eacP",
    "points": [
      [
        72,
        63
      ],
      [
        106,
        63
      ],
      [
        106,
        84
      ],
      [
        72,
        85
      ]
    ]
  },
  {
    "transcription": "S\u00d4NG",
    "points": [
      [
        154,
        64
      ],
      [
        195,
        63
      ],
      [
        195,
        84
      ],
      [
        154,
        84
      ]
    ]
  },
  {
    "transcription": "\u0110\u00c3",
    "points": [
      [
        196,
        60
      ],
      [
        221,
        60
      ],
      [
        222,
        85
      ],
      [
        196,
        85
      ]
    ]
  },
  {
    "transcription": "\u0110O\u00c0N",
    "points": [
      [
        107,
        64
      ],
      [
        152,
        64
      ],
      [
        152,
        83
      ],
      [
        107,
        83
      ]
    ]
  }
]