[
  {
    "transcription": "\u0110\u1ea4T",
    "points": [
      [
        194,
        71
      ],
      [
        335,
        92
      ],
      [
        340,
        190
      ],
      [
        195,
        169
      ]
    ]
  },
  {
    "transcription": "NH\u00c0",
    "points": [
      [
        6,
        27
      ],
      [
        188,
        27
      ],
      [
        188,
        163
      ],
      [
        6,
        163
      ]
    ]
  },
  {
    "transcription": "\u0110\u1ea4T",
    "points": [
      [
        189,
        59
      ],
      [
        341,
        59
      ],
      [
        341,
        193
      ],
      [
        189,
        193
      ]
    ]
  }
]