[
  {
    "transcription": "Nh\u00e0,",
    "points": [
      [
        331,
        1
      ],
      [
        382,
        1
      ],
      [
        382,
        31
      ],
      [
        331,
        31
      ]
    ]
  },
  {
    "transcription": "Kho\u1ea3n",
    "points": [
      [
        224,
        38
      ],
      [
        295,
        38
      ],
      [
        295,
        66
      ],
      [
        224,
        66
      ]
    ]
  },
  {
    "transcription": "Tr\u00e2y",
    "points": [
      [
        188,
        3
      ],
      [
        239,
        4
      ],
      [
        238,
        34
      ],
      [
        188,
        34
      ]
    ]
  },
  {
    "transcription": "\u0110\u00f3ng",
    "points": [
      [
        385,
        35
      ],
      [
        442,
        35
      ],
      [
        442,
        66
      ],
      [
        385,
        66
      ]
    ]
  },
  {
    "transcription": "11:",
    "points": [
      [
        18,
        7
      ],
      [
        54,
        6
      ],
      [
        55,
        35
      ],
      [
        18,
        36
      ]
    ]
  },
  {
    "transcription": "Ph\u1ea3i",
    "points": [
      [
        299,
        36
      ],
      [
        349,
        36
      ],
      [
        349,
        65
      ],
      [
        299,
        65
      ]
    ]
  },
  {
    "transcription": "L\u00e0",
    "points": [
      [
        352,
        37
      ],
      [
        380,
        36
      ],
      [
        380,
        63
      ],
      [
        353,
        63
      ]
    ]
  },
  {
    "transcription": "Ti\u1ec1n",
    "points": [
      [
        278,
        0
      ],
      [
        326,
        0
      ],
      [
        326,
        29
      ],
      [
        278,
        29
      ]
    ]
  },
  {
    "transcription": "Kh\u1ea5t",
    "points": [
      [
        133,
        4
      ],
      [
        185,
        3
      ],
      [
        185,
        32
      ],
      [
        133,
        33
      ]
    ]
  },
  {
    "transcription": "Xong",
    "points": [
      [
        448,
        35
      ],
      [
        499,
        35
      ],
      [
        499,
        64
      ],
      [
        448,
        64
      ]
    ]
  },
  {
    "transcription": "Th\u00e1ng",
    "points": [
      [
        106,
        42
      ],
      [
        175,
        42
      ],
      [
        174,
        69
      ],
      [
        106,
        69
      ]
    ]
  },
  {
    "transcription": "C\u00e1c",
    "points": [
      [
        178,
        39
      ],
      [
        221,
        40
      ],
      [
        221,
        66
      ],
      [
        178,
        67
      ]
    ]
  },
  {
    "transcription": "N\u1ee3",
    "points": [
      [
        243,
        2
      ],
      [
        275,
        3
      ],
      [
        275,
        33
      ],
      [
        243,
        33
      ]
    ]
  },
  {
    "transcription": "\u0110\u1ea7u",
    "points": [
      [
        58,
        41
      ],
      [
        103,
        41
      ],
      [
        103,
        69
      ],
      [
        58,
        69
      ]
    ]
  },
  {
    "transcription": "Kh\u00f4ng",
    "points": [
      [
        57,
        7
      ],
      [
        127,
        8
      ],
      [
        127,
        36
      ],
      [
        58,
        36
      ]
    ]
  }
]