[
  {
    "transcription": "T\u1ea0I",
    "points": [
      [
        586,
        12
      ],
      [
        608,
        12
      ],
      [
        609,
        31
      ],
      [
        587,
        30
      ]
    ]
  },
  {
    "transcription": "GIAN",
    "points": [
      [
        407,
        12
      ],
      [
        441,
        12
      ],
      [
        441,
        28
      ],
      [
        407,
        29
      ]
    ]
  },
  {
    "transcription": "V\u00c0",
    "points": [
      [
        501,
        10
      ],
      [
        520,
        10
      ],
      [
        521,
        29
      ],
      [
        502,
        29
      ]
    ]
  },
  {
    "transcription": "T\u1eacP",
    "points": [
      [
        473,
        10
      ],
      [
        499,
        10
      ],
      [
        499,
        31
      ],
      [
        474,
        30
      ]
    ]
  },
  {
    "transcription": "T\u1ea6N",
    "points": [
      [
        610,
        8
      ],
      [
        646,
        8
      ],
      [
        647,
        28
      ],
      [
        611,
        29
      ]
    ]
  },
  {
    "transcription": "3",
    "points": [
      [
        648,
        12
      ],
      [
        657,
        12
      ],
      [
        658,
        27
      ],
      [
        649,
        27
      ]
    ]
  },
  {
    "transcription": "THANH",
    "points": [
      [
        786,
        10
      ],
      [
        829,
        10
      ],
      [
        830,
        26
      ],
      [
        787,
        27
      ]
    ]
  },
  {
    "transcription": "NGH\u1eca",
    "points": [
      [
        830,
        9
      ],
      [
        864,
        9
      ],
      [
        866,
        27
      ],
      [
        832,
        27
      ]
    ]
  },
  {
    "transcription": "-",
    "points": [
      [
        866,
        14
      ],
      [
        870,
        13
      ],
      [
        872,
        22
      ],
      [
        868,
        22
      ]
    ]
  },
  {
    "transcription": "KH\u00d4NG",
    "points": [
      [
        357,
        10
      ],
      [
        405,
        10
      ],
      [
        405,
        28
      ],
      [
        357,
        29
      ]
    ]
  },
  {
    "transcription": "MI\u1ec4N",
    "points": [
      [
        290,
        9
      ],
      [
        328,
        9
      ],
      [
        328,
        29
      ],
      [
        290,
        29
      ]
    ]
  },
  {
    "transcription": "CH\u1ec8:",
    "points": [
      [
        712,
        8
      ],
      [
        740,
        7
      ],
      [
        741,
        28
      ],
      [
        713,
        28
      ]
    ]
  },
  {
    "transcription": "L\u1ec4",
    "points": [
      [
        768,
        9
      ],
      [
        784,
        9
      ],
      [
        785,
        27
      ],
      [
        769,
        27
      ]
    ]
  },
  {
    "transcription": "PH\u00cd",
    "points": [
      [
        330,
        10
      ],
      [
        355,
        10
      ],
      [
        354,
        28
      ],
      [
        330,
        28
      ]
    ]
  },
  {
    "transcription": "\u0110\u00c0",
    "points": [
      [
        872,
        7
      ],
      [
        890,
        7
      ],
      [
        893,
        26
      ],
      [
        875,
        27
      ]
    ]
  },
  {
    "transcription": "CH\u1ec8:294",
    "points": [
      [
        713,
        10
      ],
      [
        767,
        10
      ],
      [
        769,
        27
      ],
      [
        713,
        27
      ]
    ]
  },
  {
    "transcription": "VI\u1ec6C",
    "points": [
      [
        553,
        10
      ],
      [
        584,
        10
      ],
      [
        585,
        32
      ],
      [
        554,
        31
      ]
    ]
  },
  {
    "transcription": "L\u00c0M",
    "points": [
      [
        522,
        9
      ],
      [
        552,
        10
      ],
      [
        552,
        29
      ],
      [
        523,
        29
      ]
    ]
  },
  {
    "transcription": "N\u1eb4NG",
    "points": [
      [
        892,
        4
      ],
      [
        927,
        4
      ],
      [
        930,
        26
      ],
      [
        895,
        26
      ]
    ]
  },
  {
    "transcription": "H\u1eccC",
    "points": [
      [
        443,
        12
      ],
      [
        472,
        12
      ],
      [
        472,
        31
      ],
      [
        443,
        31
      ]
    ]
  },
  {
    "transcription": "4",
    "points": [
      [
        668,
        12
      ],
      [
        679,
        12
      ],
      [
        680,
        28
      ],
      [
        669,
        28
      ]
    ]
  },
  {
    "transcription": "B-",
    "points": [
      [
        654,
        14
      ],
      [
        666,
        14
      ],
      [
        667,
        26
      ],
      [
        655,
        27
      ]
    ]
  },
  {
    "transcription": "\u0110\u1ecaA",
    "points": [
      [
        686,
        11
      ],
      [
        709,
        11
      ],
      [
        712,
        30
      ],
      [
        688,
        30
      ]
    ]
  },
  {
    "transcription": "/",
    "points": [
      [
        676,
        11
      ],
      [
        686,
        11
      ],
      [
        688,
        28
      ],
      [
        678,
        28
      ]
    ]
  }
]