[
  {
    "transcription": "TR\u1ea0I",
    "points": [
      [
        26,
        139
      ],
      [
        85,
        141
      ],
      [
        86,
        180
      ],
      [
        25,
        178
      ]
    ]
  },
  {
    "transcription": "TI\u1ebeNG",
    "points": [
      [
        125,
        142
      ],
      [
        192,
        145
      ],
      [
        192,
        185
      ],
      [
        124,
        181
      ]
    ]
  },
  {
    "transcription": "H\u00c8",
    "points": [
      [
        88,
        141
      ],
      [
        121,
        141
      ],
      [
        121,
        179
      ],
      [
        87,
        179
      ]
    ]
  },
  {
    "transcription": "S",
    "points": [
      [
        346,
        187
      ],
      [
        360,
        181
      ],
      [
        359,
        196
      ],
      [
        345,
        201
      ]
    ]
  },
  {
    "transcription": "\u0110\u1eb2NG",
    "points": [
      [
        98,
        176
      ],
      [
        165,
        180
      ],
      [
        165,
        222
      ],
      [
        97,
        219
      ]
    ]
  },
  {
    "transcription": "ANH",
    "points": [
      [
        197,
        153
      ],
      [
        245,
        154
      ],
      [
        245,
        188
      ],
      [
        196,
        187
      ]
    ]
  },
  {
    "transcription": "T\u1ebe",
    "points": [
      [
        284,
        191
      ],
      [
        316,
        191
      ],
      [
        316,
        225
      ],
      [
        283,
        225
      ]
    ]
  },
  {
    "transcription": "C\u1ea4P",
    "points": [
      [
        169,
        185
      ],
      [
        217,
        185
      ],
      [
        216,
        223
      ],
      [
        168,
        223
      ]
    ]
  },
  {
    "transcription": "QU\u1ed0C",
    "points": [
      [
        221,
        190
      ],
      [
        280,
        190
      ],
      [
        280,
        225
      ],
      [
        221,
        225
      ]
    ]
  },
  {
    "transcription": "2d",
    "points": [
      [
        236,
        70
      ],
      [
        326,
        68
      ],
      [
        326,
        147
      ],
      [
        237,
        147
      ]
    ]
  }
]