[
  {
    "transcription": "Ti\u1ec7m",
    "points": [
      [
        28,
        15
      ],
      [
        231,
        20
      ],
      [
        231,
        88
      ],
      [
        27,
        89
      ]
    ]
  },
  {
    "transcription": "T\u00f3c",
    "points": [
      [
        238,
        8
      ],
      [
        419,
        6
      ],
      [
        421,
        74
      ],
      [
        240,
        82
      ]
    ]
  },
  {
    "transcription": "Ti\u1ec7m",
    "points": [
      [
        9,
        22
      ],
      [
        233,
        22
      ],
      [
        233,
        86
      ],
      [
        9,
        86
      ]
    ]
  }
]