[
  {
    "transcription": "H\u1eccC",
    "points": [
      [
        398,
        71
      ],
      [
        652,
        70
      ],
      [
        653,
        182
      ],
      [
        398,
        183
      ]
    ]
  },
  {
    "transcription": "TO\u00c0N",
    "points": [
      [
        48,
        65
      ],
      [
        370,
        57
      ],
      [
        374,
        183
      ],
      [
        48,
        185
      ]
    ]
  },
  {
    "transcription": "T\u1ea0P",
    "points": [
      [
        57,
        8
      ],
      [
        167,
        9
      ],
      [
        166,
        70
      ],
      [
        58,
        69
      ]
    ]
  },
  {
    "transcription": "CH\u00cd",
    "points": [
      [
        177,
        3
      ],
      [
        272,
        0
      ],
      [
        273,
        55
      ],
      [
        177,
        58
      ]
    ]
  }
]