[
  {
    "transcription": "EM",
    "points": [
      [
        771,
        43
      ],
      [
        865,
        43
      ],
      [
        865,
        99
      ],
      [
        771,
        100
      ]
    ]
  },
  {
    "transcription": "TR\u1eba",
    "points": [
      [
        641,
        34
      ],
      [
        757,
        32
      ],
      [
        758,
        100
      ],
      [
        642,
        101
      ]
    ]
  },
  {
    "transcription": "EM",
    "points": [
      [
        765,
        29
      ],
      [
        869,
        29
      ],
      [
        869,
        99
      ],
      [
        765,
        99
      ]
    ]
  },
  {
    "transcription": "TR\u1eba",
    "points": [
      [
        643,
        32
      ],
      [
        755,
        32
      ],
      [
        755,
        98
      ],
      [
        643,
        98
      ]
    ]
  }
]