[
  {
    "transcription": "P12",
    "points": [
      [
        477,
        84
      ],
      [
        891,
        34
      ],
      [
        889,
        300
      ],
      [
        473,
        321
      ]
    ]
  },
  {
    "transcription": "ngu\u1ed3n",
    "points": [
      [
        286,
        20
      ],
      [
        439,
        18
      ],
      [
        435,
        83
      ],
      [
        283,
        85
      ]
    ]
  },
  {
    "transcription": "r\u1eb5n",
    "points": [
      [
        166,
        81
      ],
      [
        724,
        99
      ],
      [
        707,
        322
      ],
      [
        123,
        294
      ]
    ]
  },
  {
    "transcription": "c\u1ea3m",
    "points": [
      [
        453,
        20
      ],
      [
        569,
        19
      ],
      [
        567,
        79
      ],
      [
        453,
        79
      ]
    ]
  },
  {
    "transcription": "t\u1ea1o",
    "points": [
      [
        188,
        22
      ],
      [
        270,
        23
      ],
      [
        268,
        81
      ],
      [
        183,
        81
      ]
    ]
  },
  {
    "transcription": "x\u00fac",
    "points": [
      [
        582,
        25
      ],
      [
        671,
        21
      ],
      [
        669,
        80
      ],
      [
        578,
        81
      ]
    ]
  },
  {
    "transcription": "N\u01a1i",
    "points": [
      [
        99,
        18
      ],
      [
        179,
        19
      ],
      [
        177,
        77
      ],
      [
        96,
        77
      ]
    ]
  }
]