[
  {
    "transcription": "PRADA",
    "points": [
      [
        265,
        539
      ],
      [
        653,
        541
      ],
      [
        661,
        639
      ],
      [
        267,
        639
      ]
    ]
  },
  {
    "transcription": "DA",
    "points": [
      [
        546,
        23
      ],
      [
        782,
        23
      ],
      [
        810,
        185
      ],
      [
        554,
        188
      ]
    ]
  },
  {
    "transcription": "DR",
    "points": [
      [
        109,
        32
      ],
      [
        384,
        32
      ],
      [
        386,
        174
      ],
      [
        111,
        176
      ]
    ]
  },
  {
    "transcription": "P",
    "points": [
      [
        116,
        36
      ],
      [
        246,
        35
      ],
      [
        248,
        163
      ],
      [
        119,
        163
      ]
    ]
  }
]