[
  {
    "transcription": "29",
    "points": [
      [
        216,
        59
      ],
      [
        371,
        51
      ],
      [
        373,
        227
      ],
      [
        220,
        233
      ]
    ]
  },
  {
    "transcription": "VIE",
    "points": [
      [
        53,
        281
      ],
      [
        137,
        279
      ],
      [
        138,
        317
      ],
      [
        60,
        319
      ]
    ]
  },
  {
    "transcription": "438.83",
    "points": [
      [
        194,
        244
      ],
      [
        699,
        233
      ],
      [
        709,
        409
      ],
      [
        199,
        418
      ]
    ]
  },
  {
    "transcription": "38",
    "points": [
      [
        270,
        251
      ],
      [
        442,
        249
      ],
      [
        446,
        421
      ],
      [
        274,
        423
      ]
    ]
  },
  {
    "transcription": "-",
    "points": [
      [
        393,
        107
      ],
      [
        441,
        107
      ],
      [
        441,
        153
      ],
      [
        393,
        153
      ]
    ]
  },
  {
    "transcription": "VIE",
    "points": [
      [
        53,
        280
      ],
      [
        137,
        280
      ],
      [
        137,
        318
      ],
      [
        53,
        318
      ]
    ]
  },
  {
    "transcription": "29",
    "points": [
      [
        221,
        54
      ],
      [
        371,
        54
      ],
      [
        371,
        232
      ],
      [
        221,
        232
      ]
    ]
  }
]