[
  {
    "transcription": "\u00c0NH",
    "points": [
      [
        770,
        30
      ],
      [
        1018,
        43
      ],
      [
        1022,
        189
      ],
      [
        771,
        187
      ]
    ]
  },
  {
    "transcription": "TH",
    "points": [
      [
        521,
        49
      ],
      [
        737,
        52
      ],
      [
        739,
        191
      ],
      [
        524,
        192
      ]
    ]
  },
  {
    "transcription": "LAM",
    "points": [
      [
        89,
        52
      ],
      [
        481,
        53
      ],
      [
        484,
        190
      ],
      [
        90,
        191
      ]
    ]
  }
]