[
  {
    "transcription": "M\u1ea6M",
    "points": [
      [
        231,
        76
      ],
      [
        368,
        75
      ],
      [
        370,
        153
      ],
      [
        231,
        154
      ]
    ]
  },
  {
    "transcription": "TH\u1ee4C",
    "points": [
      [
        590,
        84
      ],
      [
        740,
        84
      ],
      [
        743,
        154
      ],
      [
        593,
        154
      ]
    ]
  },
  {
    "transcription": "TR\u01af\u1edcNG",
    "points": [
      [
        2,
        90
      ],
      [
        219,
        88
      ],
      [
        220,
        159
      ],
      [
        1,
        162
      ]
    ]
  },
  {
    "transcription": "T\u01af",
    "points": [
      [
        506,
        84
      ],
      [
        582,
        83
      ],
      [
        583,
        149
      ],
      [
        512,
        150
      ]
    ]
  },
  {
    "transcription": "NON",
    "points": [
      [
        384,
        90
      ],
      [
        496,
        89
      ],
      [
        498,
        150
      ],
      [
        385,
        152
      ]
    ]
  },
  {
    "transcription": "H\u1eccA",
    "points": [
      [
        0,
        183
      ],
      [
        413,
        172
      ],
      [
        424,
        324
      ],
      [
        2,
        330
      ]
    ]
  },
  {
    "transcription": "H",
    "points": [
      [
        2,
        190
      ],
      [
        133,
        191
      ],
      [
        133,
        311
      ],
      [
        2,
        311
      ]
    ]
  },
  {
    "transcription": "T\u01af",
    "points": [
      [
        509,
        81
      ],
      [
        581,
        81
      ],
      [
        581,
        151
      ],
      [
        509,
        151
      ]
    ]
  },
  {
    "transcription": "H\u1eccA",
    "points": [
      [
        0,
        181
      ],
      [
        422,
        181
      ],
      [
        422,
        329
      ],
      [
        0,
        329
      ]
    ]
  },
  {
    "transcription": "MI",
    "points": [
      [
        455,
        172
      ],
      [
        691,
        172
      ],
      [
        691,
        310
      ],
      [
        455,
        310
      ]
    ]
  },
  {
    "transcription": "NON",
    "points": [
      [
        384,
        91
      ],
      [
        496,
        91
      ],
      [
        496,
        153
      ],
      [
        384,
        153
      ]
    ]
  },
  {
    "transcription": "TR\u01af\u1edcNG",
    "points": [
      [
        5,
        88
      ],
      [
        217,
        88
      ],
      [
        217,
        162
      ],
      [
        5,
        162
      ]
    ]
  },
  {
    "transcription": "M\u1ea6M",
    "points": [
      [
        229,
        75
      ],
      [
        371,
        75
      ],
      [
        371,
        157
      ],
      [
        229,
        157
      ]
    ]
  },
  {
    "transcription": "TH\u1ee4C",
    "points": [
      [
        592,
        85
      ],
      [
        742,
        85
      ],
      [
        742,
        157
      ],
      [
        592,
        157
      ]
    ]
  }
]