[
  {
    "transcription": "S\u01a0N",
    "points": [
      [
        1,
        58
      ],
      [
        62,
        58
      ],
      [
        62,
        86
      ],
      [
        1,
        86
      ]
    ]
  },
  {
    "transcription": "N\u1ed8I",
    "points": [
      [
        133,
        57
      ],
      [
        184,
        59
      ],
      [
        184,
        91
      ],
      [
        133,
        90
      ]
    ]
  },
  {
    "transcription": "-",
    "points": [
      [
        69,
        72
      ],
      [
        80,
        72
      ],
      [
        80,
        81
      ],
      [
        69,
        81
      ]
    ]
  },
  {
    "transcription": "H\u00c0",
    "points": [
      [
        85,
        57
      ],
      [
        125,
        57
      ],
      [
        128,
        85
      ],
      [
        85,
        86
      ]
    ]
  },
  {
    "transcription": "-",
    "points": [
      [
        68,
        71
      ],
      [
        80,
        71
      ],
      [
        80,
        79
      ],
      [
        68,
        79
      ]
    ]
  },
  {
    "transcription": "S\u01a0N",
    "points": [
      [
        0,
        59
      ],
      [
        62,
        59
      ],
      [
        62,
        85
      ],
      [
        0,
        85
      ]
    ]
  },
  {
    "transcription": "H\u00c0",
    "points": [
      [
        85,
        56
      ],
      [
        125,
        56
      ],
      [
        125,
        84
      ],
      [
        85,
        84
      ]
    ]
  },
  {
    "transcription": "N\u1ed8I",
    "points": [
      [
        133,
        59
      ],
      [
        183,
        59
      ],
      [
        183,
        89
      ],
      [
        133,
        89
      ]
    ]
  }
]