[
  {
    "transcription": "29D",
    "points": [
      [
        191,
        119
      ],
      [
        464,
        122
      ],
      [
        466,
        258
      ],
      [
        192,
        253
      ]
    ]
  },
  {
    "transcription": "12.45",
    "points": [
      [
        204,
        281
      ],
      [
        576,
        279
      ],
      [
        578,
        411
      ],
      [
        203,
        412
      ]
    ]
  },
  {
    "transcription": "2",
    "points": [
      [
        265,
        280
      ],
      [
        355,
        278
      ],
      [
        355,
        407
      ],
      [
        266,
        409
      ]
    ]
  },
  {
    "transcription": "29D",
    "points": [
      [
        191,
        124
      ],
      [
        467,
        124
      ],
      [
        467,
        258
      ],
      [
        191,
        258
      ]
    ]
  }
]