[
  {
    "transcription": "BU\u1ed2N",
    "points": [
      [
        498,
        41
      ],
      [
        622,
        41
      ],
      [
        623,
        92
      ],
      [
        498,
        92
      ]
    ]
  },
  {
    "transcription": "\u0110I\u1ec0U",
    "points": [
      [
        102,
        36
      ],
      [
        208,
        39
      ],
      [
        208,
        91
      ],
      [
        103,
        89
      ]
    ]
  },
  {
    "transcription": "T\u01af",
    "points": [
      [
        432,
        49
      ],
      [
        493,
        49
      ],
      [
        493,
        94
      ],
      [
        433,
        94
      ]
    ]
  },
  {
    "transcription": "20",
    "points": [
      [
        35,
        42
      ],
      [
        95,
        43
      ],
      [
        95,
        85
      ],
      [
        35,
        84
      ]
    ]
  },
  {
    "transcription": "L\u00c0M",
    "points": [
      [
        215,
        44
      ],
      [
        314,
        45
      ],
      [
        315,
        93
      ],
      [
        215,
        92
      ]
    ]
  },
  {
    "transcription": "ANH",
    "points": [
      [
        326,
        50
      ],
      [
        425,
        50
      ],
      [
        426,
        93
      ],
      [
        326,
        92
      ]
    ]
  },
  {
    "transcription": "20",
    "points": [
      [
        34,
        40
      ],
      [
        94,
        40
      ],
      [
        94,
        84
      ],
      [
        34,
        84
      ]
    ]
  },
  {
    "transcription": "ANH",
    "points": [
      [
        326,
        52
      ],
      [
        424,
        52
      ],
      [
        424,
        92
      ],
      [
        326,
        92
      ]
    ]
  },
  {
    "transcription": "T\u01af",
    "points": [
      [
        432,
        49
      ],
      [
        492,
        49
      ],
      [
        492,
        93
      ],
      [
        432,
        93
      ]
    ]
  },
  {
    "transcription": "L\u00c0M",
    "points": [
      [
        216,
        46
      ],
      [
        314,
        46
      ],
      [
        314,
        90
      ],
      [
        216,
        90
      ]
    ]
  },
  {
    "transcription": "BU\u1ed2N",
    "points": [
      [
        500,
        40
      ],
      [
        620,
        40
      ],
      [
        620,
        90
      ],
      [
        500,
        90
      ]
    ]
  },
  {
    "transcription": "\u0110I\u1ec0U",
    "points": [
      [
        102,
        37
      ],
      [
        206,
        37
      ],
      [
        206,
        87
      ],
      [
        102,
        87
      ]
    ]
  }
]