[
  {
    "transcription": "PH\u1ed2NG",
    "points": [
      [
        473,
        342
      ],
      [
        734,
        341
      ],
      [
        736,
        424
      ],
      [
        472,
        427
      ]
    ]
  },
  {
    "transcription": "F",
    "points": [
      [
        259,
        36
      ],
      [
        334,
        33
      ],
      [
        332,
        128
      ],
      [
        256,
        132
      ]
    ]
  },
  {
    "transcription": "L",
    "points": [
      [
        454,
        38
      ],
      [
        523,
        35
      ],
      [
        525,
        136
      ],
      [
        453,
        136
      ]
    ]
  },
  {
    "transcription": "C",
    "points": [
      [
        646,
        35
      ],
      [
        739,
        38
      ],
      [
        737,
        134
      ],
      [
        641,
        131
      ]
    ]
  },
  {
    "transcription": "GROUP",
    "points": [
      [
        851,
        18
      ],
      [
        1295,
        23
      ],
      [
        1298,
        122
      ],
      [
        852,
        122
      ]
    ]
  },
  {
    "transcription": "GIAO",
    "points": [
      [
        758,
        350
      ],
      [
        939,
        350
      ],
      [
        940,
        423
      ],
      [
        758,
        424
      ]
    ]
  },
  {
    "transcription": "D\u1ecaCH",
    "points": [
      [
        960,
        349
      ],
      [
        1154,
        349
      ],
      [
        1155,
        426
      ],
      [
        962,
        428
      ]
    ]
  },
  {
    "transcription": "V\u0102N",
    "points": [
      [
        298,
        347
      ],
      [
        454,
        344
      ],
      [
        454,
        427
      ],
      [
        300,
        429
      ]
    ]
  }
]