[
  {
    "transcription": "C\u00c1C",
    "points": [
      [
        179,
        472
      ],
      [
        384,
        467
      ],
      [
        385,
        582
      ],
      [
        180,
        589
      ]
    ]
  },
  {
    "transcription": "B\u00c9",
    "points": [
      [
        1101,
        440
      ],
      [
        1212,
        438
      ],
      [
        1215,
        533
      ],
      [
        1104,
        537
      ]
    ]
  },
  {
    "transcription": "S\u1eeeA",
    "points": [
      [
        180,
        256
      ],
      [
        626,
        260
      ],
      [
        634,
        432
      ],
      [
        177,
        436
      ]
    ]
  },
  {
    "transcription": "D\u00d9NG",
    "points": [
      [
        595,
        457
      ],
      [
        883,
        453
      ],
      [
        887,
        554
      ],
      [
        597,
        564
      ]
    ]
  },
  {
    "transcription": "CHO",
    "points": [
      [
        902,
        461
      ],
      [
        1088,
        460
      ],
      [
        1091,
        541
      ],
      [
        904,
        546
      ]
    ]
  },
  {
    "transcription": "Anh",
    "points": [
      [
        815,
        118
      ],
      [
        1016,
        120
      ],
      [
        1011,
        209
      ],
      [
        805,
        210
      ]
    ]
  },
  {
    "transcription": "Huy\u1ec1n",
    "points": [
      [
        443,
        97
      ],
      [
        800,
        101
      ],
      [
        795,
        221
      ],
      [
        437,
        219
      ]
    ]
  },
  {
    "transcription": "\u0110\u1ed2",
    "points": [
      [
        404,
        457
      ],
      [
        577,
        448
      ],
      [
        584,
        569
      ],
      [
        407,
        580
      ]
    ]
  },
  {
    "transcription": "B\u1ec8M",
    "points": [
      [
        865,
        237
      ],
      [
        1214,
        234
      ],
      [
        1220,
        413
      ],
      [
        868,
        417
      ]
    ]
  },
  {
    "transcription": "CHO",
    "points": [
      [
        904,
        460
      ],
      [
        1092,
        460
      ],
      [
        1092,
        544
      ],
      [
        904,
        544
      ]
    ]
  },
  {
    "transcription": "B\u00c9",
    "points": [
      [
        1100,
        432
      ],
      [
        1224,
        432
      ],
      [
        1224,
        534
      ],
      [
        1100,
        534
      ]
    ]
  },
  {
    "transcription": "S\u1eeeA",
    "points": [
      [
        177,
        253
      ],
      [
        643,
        253
      ],
      [
        643,
        435
      ],
      [
        177,
        435
      ]
    ]
  },
  {
    "transcription": "D\u00d9NG",
    "points": [
      [
        601,
        452
      ],
      [
        887,
        452
      ],
      [
        887,
        560
      ],
      [
        601,
        560
      ]
    ]
  },
  {
    "transcription": "Anh",
    "points": [
      [
        799,
        119
      ],
      [
        1013,
        119
      ],
      [
        1013,
        207
      ],
      [
        799,
        207
      ]
    ]
  },
  {
    "transcription": "Huy\u1ec1n",
    "points": [
      [
        436,
        99
      ],
      [
        794,
        99
      ],
      [
        794,
        221
      ],
      [
        436,
        221
      ]
    ]
  },
  {
    "transcription": "\u0110\u1ed2",
    "points": [
      [
        403,
        450
      ],
      [
        583,
        450
      ],
      [
        583,
        578
      ],
      [
        403,
        578
      ]
    ]
  },
  {
    "transcription": "C\u00c1C",
    "points": [
      [
        175,
        470
      ],
      [
        385,
        470
      ],
      [
        385,
        588
      ],
      [
        175,
        588
      ]
    ]
  },
  {
    "transcription": "B\u1ec8M",
    "points": [
      [
        867,
        235
      ],
      [
        1219,
        235
      ],
      [
        1219,
        415
      ],
      [
        867,
        415
      ]
    ]
  }
]