[
  {
    "transcription": "D\u1ee4C",
    "points": [
      [
        114,
        122
      ],
      [
        152,
        121
      ],
      [
        152,
        147
      ],
      [
        115,
        148
      ]
    ]
  },
  {
    "transcription": "\u0110\u00c0O",
    "points": [
      [
        180,
        113
      ],
      [
        220,
        110
      ],
      [
        221,
        136
      ],
      [
        180,
        140
      ]
    ]
  },
  {
    "transcription": "T\u1ea0O",
    "points": [
      [
        222,
        111
      ],
      [
        259,
        109
      ],
      [
        259,
        137
      ],
      [
        222,
        138
      ]
    ]
  },
  {
    "transcription": "GI\u00c1O",
    "points": [
      [
        71,
        124
      ],
      [
        113,
        122
      ],
      [
        114,
        149
      ],
      [
        71,
        152
      ]
    ]
  },
  {
    "transcription": "PH\u00da",
    "points": [
      [
        289,
        99
      ],
      [
        326,
        98
      ],
      [
        326,
        126
      ],
      [
        289,
        127
      ]
    ]
  },
  {
    "transcription": "PH\u00d2NG",
    "points": [
      [
        11,
        130
      ],
      [
        70,
        125
      ],
      [
        70,
        152
      ],
      [
        11,
        158
      ]
    ]
  },
  {
    "transcription": "TR\u01af\u1edcNG",
    "points": [
      [
        58,
        155
      ],
      [
        380,
        131
      ],
      [
        383,
        209
      ],
      [
        57,
        234
      ]
    ]
  },
  {
    "transcription": "AN",
    "points": [
      [
        259,
        106
      ],
      [
        287,
        105
      ],
      [
        287,
        130
      ],
      [
        259,
        132
      ]
    ]
  },
  {
    "transcription": "V\u00c0",
    "points": [
      [
        153,
        115
      ],
      [
        179,
        114
      ],
      [
        181,
        142
      ],
      [
        154,
        143
      ]
    ]
  },
  {
    "transcription": "AN",
    "points": [
      [
        259,
        106
      ],
      [
        287,
        106
      ],
      [
        287,
        130
      ],
      [
        259,
        130
      ]
    ]
  },
  {
    "transcription": "T\u1ea0O",
    "points": [
      [
        222,
        108
      ],
      [
        260,
        108
      ],
      [
        260,
        138
      ],
      [
        222,
        138
      ]
    ]
  },
  {
    "transcription": "V\u00c0",
    "points": [
      [
        153,
        114
      ],
      [
        179,
        114
      ],
      [
        179,
        140
      ],
      [
        153,
        140
      ]
    ]
  },
  {
    "transcription": "GI\u00c1O",
    "points": [
      [
        71,
        121
      ],
      [
        113,
        121
      ],
      [
        113,
        151
      ],
      [
        71,
        151
      ]
    ]
  },
  {
    "transcription": "PH\u00da",
    "points": [
      [
        288,
        97
      ],
      [
        326,
        97
      ],
      [
        326,
        127
      ],
      [
        288,
        127
      ]
    ]
  },
  {
    "transcription": "PH\u00d2NG",
    "points": [
      [
        12,
        125
      ],
      [
        70,
        125
      ],
      [
        70,
        157
      ],
      [
        12,
        157
      ]
    ]
  },
  {
    "transcription": "D\u1ee4C",
    "points": [
      [
        115,
        121
      ],
      [
        153,
        121
      ],
      [
        153,
        149
      ],
      [
        115,
        149
      ]
    ]
  },
  {
    "transcription": "\u0110\u00c0O",
    "points": [
      [
        179,
        109
      ],
      [
        219,
        109
      ],
      [
        219,
        139
      ],
      [
        179,
        139
      ]
    ]
  }
]