[
  {
    "transcription": "Qu\u00e1n",
    "points": [
      [
        331,
        145
      ],
      [
        460,
        152
      ],
      [
        460,
        230
      ],
      [
        330,
        228
      ]
    ]
  },
  {
    "transcription": "L\u1ea0C",
    "points": [
      [
        114,
        129
      ],
      [
        286,
        134
      ],
      [
        288,
        229
      ],
      [
        113,
        228
      ]
    ]
  },
  {
    "transcription": "99",
    "points": [
      [
        286,
        138
      ],
      [
        319,
        137
      ],
      [
        319,
        180
      ],
      [
        286,
        180
      ]
    ]
  },
  {
    "transcription": "63",
    "points": [
      [
        79,
        125
      ],
      [
        118,
        124
      ],
      [
        117,
        170
      ],
      [
        78,
        170
      ]
    ]
  }
]