[
  {
    "transcription": "VI\u1ec6N",
    "points": [
      [
        428,
        169
      ],
      [
        559,
        183
      ],
      [
        561,
        269
      ],
      [
        434,
        251
      ]
    ]
  },
  {
    "transcription": "3,",
    "points": [
      [
        599,
        474
      ],
      [
        620,
        475
      ],
      [
        620,
        506
      ],
      [
        600,
        503
      ]
    ]
  },
  {
    "transcription": "TP.",
    "points": [
      [
        622,
        477
      ],
      [
        646,
        478
      ],
      [
        648,
        507
      ],
      [
        623,
        505
      ]
    ]
  },
  {
    "transcription": "3,TP.",
    "points": [
      [
        600,
        472
      ],
      [
        646,
        474
      ],
      [
        648,
        506
      ],
      [
        601,
        505
      ]
    ]
  },
  {
    "transcription": "QU\u1eacN",
    "points": [
      [
        548,
        464
      ],
      [
        595,
        467
      ],
      [
        596,
        504
      ],
      [
        548,
        501
      ]
    ]
  },
  {
    "transcription": "\u0110C:",
    "points": [
      [
        167,
        420
      ],
      [
        209,
        422
      ],
      [
        210,
        459
      ],
      [
        167,
        456
      ]
    ]
  },
  {
    "transcription": "B\u00c0",
    "points": [
      [
        325,
        436
      ],
      [
        355,
        437
      ],
      [
        357,
        475
      ],
      [
        326,
        474
      ]
    ]
  },
  {
    "transcription": "QU\u1ed0C",
    "points": [
      [
        450,
        260
      ],
      [
        593,
        277
      ],
      [
        594,
        356
      ],
      [
        451,
        338
      ]
    ]
  },
  {
    "transcription": "SS",
    "points": [
      [
        210,
        333
      ],
      [
        274,
        335
      ],
      [
        275,
        392
      ],
      [
        211,
        391
      ]
    ]
  },
  {
    "transcription": "VN",
    "points": [
      [
        616,
        512
      ],
      [
        642,
        514
      ],
      [
        645,
        541
      ],
      [
        618,
        539
      ]
    ]
  },
  {
    "transcription": "EDU.",
    "points": [
      [
        580,
        509
      ],
      [
        618,
        512
      ],
      [
        620,
        540
      ],
      [
        580,
        537
      ]
    ]
  },
  {
    "transcription": "NG\u1eee",
    "points": [
      [
        307,
        235
      ],
      [
        434,
        248
      ],
      [
        434,
        327
      ],
      [
        307,
        313
      ]
    ]
  },
  {
    "transcription": "(028)",
    "points": [
      [
        273,
        472
      ],
      [
        319,
        474
      ],
      [
        320,
        512
      ],
      [
        273,
        510
      ]
    ]
  },
  {
    "transcription": "3699",
    "points": [
      [
        370,
        485
      ],
      [
        416,
        488
      ],
      [
        417,
        519
      ],
      [
        369,
        516
      ]
    ]
  },
  {
    "transcription": "6272",
    "points": [
      [
        322,
        480
      ],
      [
        367,
        483
      ],
      [
        367,
        514
      ],
      [
        321,
        511
      ]
    ]
  },
  {
    "transcription": "\u0110T:.028)",
    "points": [
      [
        237,
        470
      ],
      [
        325,
        474
      ],
      [
        325,
        510
      ],
      [
        238,
        507
      ]
    ]
  },
  {
    "transcription": "H\u1eccC",
    "points": [
      [
        289,
        140
      ],
      [
        412,
        162
      ],
      [
        413,
        240
      ],
      [
        289,
        222
      ]
    ]
  },
  {
    "transcription": "371/5",
    "points": [
      [
        212,
        425
      ],
      [
        273,
        431
      ],
      [
        273,
        465
      ],
      [
        212,
        461
      ]
    ]
  },
  {
    "transcription": "www.",
    "points": [
      [
        483,
        497
      ],
      [
        544,
        501
      ],
      [
        545,
        532
      ],
      [
        485,
        528
      ]
    ]
  },
  {
    "transcription": "PH\u01af\u1edcNG",
    "points": [
      [
        444,
        451
      ],
      [
        518,
        455
      ],
      [
        519,
        493
      ],
      [
        444,
        488
      ]
    ]
  },
  {
    "transcription": "T\u1ebe",
    "points": [
      [
        605,
        290
      ],
      [
        679,
        292
      ],
      [
        681,
        370
      ],
      [
        609,
        366
      ]
    ]
  },
  {
    "transcription": "HCM",
    "points": [
      [
        649,
        480
      ],
      [
        686,
        482
      ],
      [
        687,
        511
      ],
      [
        650,
        509
      ]
    ]
  },
  {
    "transcription": "\u0110T:",
    "points": [
      [
        236,
        470
      ],
      [
        274,
        472
      ],
      [
        275,
        506
      ],
      [
        236,
        502
      ]
    ]
  },
  {
    "transcription": "(028)",
    "points": [
      [
        273,
        472
      ],
      [
        319,
        474
      ],
      [
        320,
        512
      ],
      [
        273,
        510
      ]
    ]
  },
  {
    "transcription": "\u0110T:.028)",
    "points": [
      [
        237,
        470
      ],
      [
        325,
        474
      ],
      [
        325,
        510
      ],
      [
        238,
        507
      ]
    ]
  },
  {
    "transcription": "ENGLISH",
    "points": [
      [
        292,
        342
      ],
      [
        459,
        367
      ],
      [
        460,
        423
      ],
      [
        293,
        400
      ]
    ]
  },
  {
    "transcription": "\u0110T:",
    "points": [
      [
        236,
        470
      ],
      [
        274,
        472
      ],
      [
        275,
        506
      ],
      [
        236,
        502
      ]
    ]
  },
  {
    "transcription": "(028)",
    "points": [
      [
        273,
        472
      ],
      [
        319,
        474
      ],
      [
        320,
        512
      ],
      [
        273,
        510
      ]
    ]
  },
  {
    "transcription": "HAI",
    "points": [
      [
        280,
        434
      ],
      [
        320,
        437
      ],
      [
        320,
        471
      ],
      [
        280,
        469
      ]
    ]
  },
  {
    "transcription": "ANH",
    "points": [
      [
        147,
        208
      ],
      [
        283,
        232
      ],
      [
        283,
        303
      ],
      [
        143,
        283
      ]
    ]
  },
  {
    "transcription": "TP.",
    "points": [
      [
        622,
        477
      ],
      [
        646,
        478
      ],
      [
        648,
        507
      ],
      [
        623,
        505
      ]
    ]
  },
  {
    "transcription": "3,TP.",
    "points": [
      [
        600,
        472
      ],
      [
        646,
        474
      ],
      [
        648,
        506
      ],
      [
        601,
        505
      ]
    ]
  },
  {
    "transcription": "\u0110T:",
    "points": [
      [
        236,
        470
      ],
      [
        274,
        472
      ],
      [
        275,
        506
      ],
      [
        236,
        502
      ]
    ]
  },
  {
    "transcription": "(028)",
    "points": [
      [
        273,
        472
      ],
      [
        319,
        474
      ],
      [
        320,
        512
      ],
      [
        273,
        510
      ]
    ]
  },
  {
    "transcription": "3699",
    "points": [
      [
        370,
        485
      ],
      [
        416,
        488
      ],
      [
        417,
        519
      ],
      [
        369,
        516
      ]
    ]
  },
  {
    "transcription": "6272",
    "points": [
      [
        322,
        480
      ],
      [
        367,
        483
      ],
      [
        367,
        514
      ],
      [
        321,
        511
      ]
    ]
  },
  {
    "transcription": "\u0110T:.028)",
    "points": [
      [
        237,
        470
      ],
      [
        325,
        474
      ],
      [
        325,
        510
      ],
      [
        238,
        507
      ]
    ]
  },
  {
    "transcription": "ACADEMY",
    "points": [
      [
        479,
        375
      ],
      [
        650,
        397
      ],
      [
        650,
        448
      ],
      [
        479,
        428
      ]
    ]
  },
  {
    "transcription": "TR\u01afNG,",
    "points": [
      [
        361,
        443
      ],
      [
        434,
        448
      ],
      [
        435,
        486
      ],
      [
        361,
        479
      ]
    ]
  },
  {
    "transcription": "WW.SS.EN",
    "points": [
      [
        504,
        501
      ],
      [
        601,
        508
      ],
      [
        604,
        536
      ],
      [
        505,
        531
      ]
    ]
  },
  {
    "transcription": "8,",
    "points": [
      [
        522,
        463
      ],
      [
        543,
        464
      ],
      [
        543,
        498
      ],
      [
        522,
        495
      ]
    ]
  },
  {
    "transcription": "(028)",
    "points": [
      [
        273,
        472
      ],
      [
        319,
        474
      ],
      [
        320,
        512
      ],
      [
        273,
        510
      ]
    ]
  },
  {
    "transcription": "3699",
    "points": [
      [
        370,
        485
      ],
      [
        416,
        488
      ],
      [
        417,
        519
      ],
      [
        369,
        516
      ]
    ]
  },
  {
    "transcription": "6272",
    "points": [
      [
        322,
        480
      ],
      [
        367,
        483
      ],
      [
        367,
        514
      ],
      [
        321,
        511
      ]
    ]
  },
  {
    "transcription": "3,",
    "points": [
      [
        599,
        474
      ],
      [
        620,
        475
      ],
      [
        620,
        506
      ],
      [
        600,
        503
      ]
    ]
  },
  {
    "transcription": "TP.",
    "points": [
      [
        622,
        477
      ],
      [
        646,
        478
      ],
      [
        648,
        507
      ],
      [
        623,
        505
      ]
    ]
  }
]