[
  {
    "transcription": "TNHH",
    "points": [
      [
        180,
        69
      ],
      [
        222,
        69
      ],
      [
        222,
        78
      ],
      [
        180,
        78
      ]
    ]
  },
  {
    "transcription": "VI\u1ec6T",
    "points": [
      [
        18,
        84
      ],
      [
        250,
        92
      ],
      [
        242,
        261
      ],
      [
        12,
        236
      ]
    ]
  },
  {
    "transcription": "NA",
    "points": [
      [
        215,
        103
      ],
      [
        461,
        105
      ],
      [
        462,
        271
      ],
      [
        216,
        268
      ]
    ]
  },
  {
    "transcription": "NAM",
    "points": [
      [
        273,
        117
      ],
      [
        625,
        128
      ],
      [
        627,
        280
      ],
      [
        271,
        274
      ]
    ]
  },
  {
    "transcription": "M\u1eebng",
    "points": [
      [
        66,
        116
      ],
      [
        77,
        126
      ],
      [
        75,
        155
      ],
      [
        57,
        151
      ]
    ]
  },
  {
    "transcription": ":18:2:",
    "points": [
      [
        433,
        81
      ],
      [
        496,
        81
      ],
      [
        496,
        99
      ],
      [
        434,
        99
      ]
    ]
  },
  {
    "transcription": ": : : :",
    "points": [
      [
        539,
        88
      ],
      [
        608,
        87
      ],
      [
        608,
        106
      ],
      [
        540,
        106
      ]
    ]
  },
  {
    "transcription": ":",
    "points": [
      [
        659,
        92
      ],
      [
        688,
        92
      ],
      [
        687,
        114
      ],
      [
        659,
        114
      ]
    ]
  },
  {
    "transcription": "CONG",
    "points": [
      [
        109,
        65
      ],
      [
        149,
        65
      ],
      [
        149,
        75
      ],
      [
        108,
        75
      ]
    ]
  },
  {
    "transcription": "HANDA",
    "points": [
      [
        110,
        69
      ],
      [
        150,
        70
      ],
      [
        151,
        80
      ],
      [
        110,
        80
      ]
    ]
  },
  {
    "transcription": "CHUY\u00caN:",
    "points": [
      [
        46,
        65
      ],
      [
        83,
        64
      ],
      [
        84,
        73
      ],
      [
        47,
        74
      ]
    ]
  },
  {
    "transcription": "\"NHANH",
    "points": [
      [
        45,
        61
      ],
      [
        82,
        61
      ],
      [
        83,
        70
      ],
      [
        45,
        70
      ]
    ]
  }
]