[
  {
    "transcription": "B\u00ccNH",
    "points": [
      [
        504,
        17
      ],
      [
        583,
        19
      ],
      [
        584,
        59
      ],
      [
        503,
        58
      ]
    ]
  },
  {
    "transcription": "LONG",
    "points": [
      [
        410,
        21
      ],
      [
        497,
        22
      ],
      [
        497,
        58
      ],
      [
        410,
        57
      ]
    ]
  },
  {
    "transcription": "BI\u1ec2N",
    "points": [
      [
        669,
        23
      ],
      [
        751,
        24
      ],
      [
        751,
        64
      ],
      [
        668,
        63
      ]
    ]
  },
  {
    "transcription": "H\u00d2A",
    "points": [
      [
        756,
        25
      ],
      [
        827,
        27
      ],
      [
        828,
        66
      ],
      [
        756,
        64
      ]
    ]
  },
  {
    "transcription": "PH\u1ed0",
    "points": [
      [
        147,
        7
      ],
      [
        215,
        7
      ],
      [
        215,
        52
      ],
      [
        147,
        52
      ]
    ]
  },
  {
    "transcription": "8",
    "points": [
      [
        221,
        18
      ],
      [
        242,
        18
      ],
      [
        242,
        50
      ],
      [
        221,
        50
      ]
    ]
  },
  {
    "transcription": "TP.",
    "points": [
      [
        608,
        28
      ],
      [
        655,
        28
      ],
      [
        655,
        62
      ],
      [
        608,
        61
      ]
    ]
  },
  {
    "transcription": "KHU",
    "points": [
      [
        73,
        12
      ],
      [
        142,
        12
      ],
      [
        142,
        49
      ],
      [
        73,
        49
      ]
    ]
  },
  {
    "transcription": "PH\u01af\u1edcNG",
    "points": [
      [
        264,
        13
      ],
      [
        408,
        14
      ],
      [
        408,
        56
      ],
      [
        265,
        55
      ]
    ]
  },
  {
    "transcription": "-",
    "points": [
      [
        248,
        27
      ],
      [
        258,
        27
      ],
      [
        258,
        45
      ],
      [
        248,
        45
      ]
    ]
  },
  {
    "transcription": "8",
    "points": [
      [
        221,
        14
      ],
      [
        245,
        14
      ],
      [
        245,
        50
      ],
      [
        221,
        50
      ]
    ]
  },
  {
    "transcription": "TP.",
    "points": [
      [
        607,
        26
      ],
      [
        663,
        26
      ],
      [
        663,
        62
      ],
      [
        607,
        62
      ]
    ]
  },
  {
    "transcription": "H\u00d2A",
    "points": [
      [
        756,
        27
      ],
      [
        828,
        27
      ],
      [
        828,
        65
      ],
      [
        756,
        65
      ]
    ]
  },
  {
    "transcription": "PH\u1ed0",
    "points": [
      [
        146,
        6
      ],
      [
        218,
        6
      ],
      [
        218,
        52
      ],
      [
        146,
        52
      ]
    ]
  },
  {
    "transcription": "KHU",
    "points": [
      [
        71,
        13
      ],
      [
        141,
        13
      ],
      [
        141,
        49
      ],
      [
        71,
        49
      ]
    ]
  },
  {
    "transcription": "LONG",
    "points": [
      [
        410,
        20
      ],
      [
        496,
        20
      ],
      [
        496,
        58
      ],
      [
        410,
        58
      ]
    ]
  },
  {
    "transcription": "B\u00ccNH",
    "points": [
      [
        503,
        18
      ],
      [
        583,
        18
      ],
      [
        583,
        60
      ],
      [
        503,
        60
      ]
    ]
  },
  {
    "transcription": "PH\u01af\u1edcNG",
    "points": [
      [
        265,
        11
      ],
      [
        403,
        11
      ],
      [
        403,
        57
      ],
      [
        265,
        57
      ]
    ]
  },
  {
    "transcription": "BI\u00caN",
    "points": [
      [
        671,
        25
      ],
      [
        749,
        25
      ],
      [
        749,
        65
      ],
      [
        671,
        65
      ]
    ]
  }
]