[
  {
    "transcription": "C\u01af",
    "points": [
      [
        91,
        6
      ],
      [
        162,
        6
      ],
      [
        162,
        50
      ],
      [
        91,
        50
      ]
    ]
  },
  {
    "transcription": "L\u1ea0C",
    "points": [
      [
        175,
        8
      ],
      [
        269,
        7
      ],
      [
        270,
        54
      ],
      [
        176,
        54
      ]
    ]
  },
  {
    "transcription": "AN",
    "points": [
      [
        15,
        8
      ],
      [
        80,
        8
      ],
      [
        80,
        51
      ],
      [
        14,
        50
      ]
    ]
  },
  {
    "transcription": "NGHI\u1ec6P",
    "points": [
      [
        280,
        4
      ],
      [
        444,
        5
      ],
      [
        444,
        53
      ],
      [
        282,
        52
      ]
    ]
  },
  {
    "transcription": "AN",
    "points": [
      [
        13,
        9
      ],
      [
        81,
        9
      ],
      [
        81,
        49
      ],
      [
        13,
        49
      ]
    ]
  },
  {
    "transcription": "C\u01af",
    "points": [
      [
        93,
        6
      ],
      [
        163,
        6
      ],
      [
        163,
        50
      ],
      [
        93,
        50
      ]
    ]
  },
  {
    "transcription": "NGHI\u1ec6P",
    "points": [
      [
        283,
        6
      ],
      [
        441,
        6
      ],
      [
        441,
        50
      ],
      [
        283,
        50
      ]
    ]
  },
  {
    "transcription": "L\u1ea0C",
    "points": [
      [
        175,
        8
      ],
      [
        267,
        8
      ],
      [
        267,
        52
      ],
      [
        175,
        52
      ]
    ]
  }
]