[
  {
    "transcription": "h\u1ecda",
    "points": [
      [
        145,
        1
      ],
      [
        241,
        0
      ],
      [
        242,
        43
      ],
      [
        145,
        44
      ]
    ]
  },
  {
    "transcription": "ch\u00e2n",
    "points": [
      [
        20,
        46
      ],
      [
        144,
        44
      ],
      [
        145,
        88
      ],
      [
        20,
        89
      ]
    ]
  },
  {
    "transcription": "dunnwg",
    "points": [
      [
        17,
        90
      ],
      [
        150,
        97
      ],
      [
        150,
        148
      ],
      [
        18,
        138
      ]
    ]
  },
  {
    "transcription": "k\u1ebb",
    "points": [
      [
        16,
        137
      ],
      [
        83,
        138
      ],
      [
        84,
        187
      ],
      [
        16,
        186
      ]
    ]
  },
  {
    "transcription": "t\u1ed9i",
    "points": [
      [
        176,
        191
      ],
      [
        256,
        192
      ],
      [
        257,
        253
      ],
      [
        176,
        252
      ]
    ]
  },
  {
    "transcription": "ph\u1ea1m",
    "points": [
      [
        15,
        196
      ],
      [
        166,
        197
      ],
      [
        166,
        248
      ],
      [
        14,
        251
      ]
    ]
  },
  {
    "transcription": "ph\u00e1c",
    "points": [
      [
        19,
        3
      ],
      [
        135,
        0
      ],
      [
        137,
        41
      ],
      [
        20,
        50
      ]
    ]
  }
]