[
  {
    "transcription": "S\u1ed1ng",
    "points": [
      [
        1163,
        2077
      ],
      [
        1646,
        2108
      ],
      [
        1632,
        2362
      ],
      [
        1147,
        2330
      ]
    ]
  },
  {
    "transcription": "Biocare",
    "points": [
      [
        839,
        1692
      ],
      [
        2011,
        1772
      ],
      [
        2002,
        2020
      ],
      [
        812,
        1981
      ]
    ]
  },
  {
    "transcription": "L\u00e0nh",
    "points": [
      [
        2031,
        2142
      ],
      [
        2534,
        2157
      ],
      [
        2537,
        2363
      ],
      [
        2027,
        2350
      ]
    ]
  },
  {
    "transcription": "Cu\u1ed9c",
    "points": [
      [
        567,
        2067
      ],
      [
        1100,
        2094
      ],
      [
        1102,
        2318
      ],
      [
        566,
        2309
      ]
    ]
  },
  {
    "transcription": "An",
    "points": [
      [
        1740,
        2136
      ],
      [
        1998,
        2158
      ],
      [
        1978,
        2330
      ],
      [
        1666,
        2319
      ]
    ]
  },
  {
    "transcription": "V\u00ec",
    "points": [
      [
        270,
        2069
      ],
      [
        503,
        2068
      ],
      [
        514,
        2266
      ],
      [
        311,
        2265
      ]
    ]
  },
  {
    "transcription": "An",
    "points": [
      [
        1665,
        2133
      ],
      [
        1995,
        2133
      ],
      [
        1995,
        2351
      ],
      [
        1665,
        2351
      ]
    ]
  },
  {
    "transcription": "S\u1ed1ng",
    "points": [
      [
        1140,
        2090
      ],
      [
        1656,
        2090
      ],
      [
        1656,
        2386
      ],
      [
        1140,
        2386
      ]
    ]
  },
  {
    "transcription": "L\u00e0nh",
    "points": [
      [
        2009,
        2130
      ],
      [
        2547,
        2130
      ],
      [
        2547,
        2374
      ],
      [
        2009,
        2374
      ]
    ]
  },
  {
    "transcription": "Biocare",
    "points": [
      [
        800,
        1661
      ],
      [
        2010,
        1661
      ],
      [
        2010,
        2047
      ],
      [
        800,
        2047
      ]
    ]
  },
  {
    "transcription": "V\u00ec",
    "points": [
      [
        256,
        2059
      ],
      [
        512,
        2059
      ],
      [
        512,
        2275
      ],
      [
        256,
        2275
      ]
    ]
  },
  {
    "transcription": "Cu\u1ed9c",
    "points": [
      [
        554,
        2059
      ],
      [
        1108,
        2059
      ],
      [
        1108,
        2333
      ],
      [
        554,
        2333
      ]
    ]
  }
]