[
  {
    "transcription": "C\u01af",
    "points": [
      [
        92,
        6
      ],
      [
        162,
        6
      ],
      [
        162,
        51
      ],
      [
        92,
        51
      ]
    ]
  },
  {
    "transcription": "L\u1ea0C",
    "points": [
      [
        176,
        8
      ],
      [
        268,
        8
      ],
      [
        270,
        54
      ],
      [
        177,
        54
      ]
    ]
  },
  {
    "transcription": "NGHI\u1ec6P",
    "points": [
      [
        281,
        6
      ],
      [
        443,
        6
      ],
      [
        444,
        54
      ],
      [
        282,
        53
      ]
    ]
  },
  {
    "transcription": "AN",
    "points": [
      [
        15,
        10
      ],
      [
        80,
        9
      ],
      [
        80,
        51
      ],
      [
        15,
        51
      ]
    ]
  }
]