[
  {
    "transcription": "NON",
    "points": [
      [
        764,
        15
      ],
      [
        947,
        21
      ],
      [
        941,
        80
      ],
      [
        758,
        76
      ]
    ]
  },
  {
    "transcription": "M\u1ea6M",
    "points": [
      [
        537,
        1
      ],
      [
        734,
        2
      ],
      [
        733,
        70
      ],
      [
        536,
        70
      ]
    ]
  },
  {
    "transcription": "Minh",
    "points": [
      [
        546,
        79
      ],
      [
        1051,
        82
      ],
      [
        1059,
        242
      ],
      [
        545,
        241
      ]
    ]
  },
  {
    "transcription": "TR\u01af\u1edcNG",
    "points": [
      [
        160,
        10
      ],
      [
        512,
        8
      ],
      [
        512,
        71
      ],
      [
        160,
        79
      ]
    ]
  },
  {
    "transcription": "B\u00ecnh",
    "points": [
      [
        55,
        73
      ],
      [
        525,
        79
      ],
      [
        529,
        247
      ],
      [
        52,
        242
      ]
    ]
  },
  {
    "transcription": "h",
    "points": [
      [
        391,
        90
      ],
      [
        516,
        90
      ],
      [
        520,
        241
      ],
      [
        391,
        239
      ]
    ]
  },
  {
    "transcription": "B\u00ecnh",
    "points": [
      [
        58,
        81
      ],
      [
        522,
        81
      ],
      [
        522,
        255
      ],
      [
        58,
        255
      ]
    ]
  },
  {
    "transcription": "NON",
    "points": [
      [
        758,
        17
      ],
      [
        948,
        17
      ],
      [
        948,
        79
      ],
      [
        758,
        79
      ]
    ]
  },
  {
    "transcription": "Minh",
    "points": [
      [
        546,
        81
      ],
      [
        1058,
        81
      ],
      [
        1058,
        257
      ],
      [
        546,
        257
      ]
    ]
  },
  {
    "transcription": "TR\u01af\u1edcNG",
    "points": [
      [
        168,
        6
      ],
      [
        508,
        6
      ],
      [
        508,
        76
      ],
      [
        168,
        76
      ]
    ]
  },
  {
    "transcription": "M\u1ea6M",
    "points": [
      [
        536,
        2
      ],
      [
        734,
        2
      ],
      [
        734,
        72
      ],
      [
        536,
        72
      ]
    ]
  }
]