[
  {
    "transcription": "PH\u1ea6N",
    "points": [
      [
        559,
        41
      ],
      [
        765,
        41
      ],
      [
        766,
        117
      ],
      [
        558,
        118
      ]
    ]
  },
  {
    "transcription": "VI\u1ec6T",
    "points": [
      [
        82,
        186
      ],
      [
        538,
        167
      ],
      [
        520,
        398
      ],
      [
        77,
        401
      ]
    ]
  },
  {
    "transcription": "NH\u1eacT",
    "points": [
      [
        587,
        173
      ],
      [
        1166,
        183
      ],
      [
        1179,
        389
      ],
      [
        590,
        371
      ]
    ]
  },
  {
    "transcription": "D\u1ef0NG",
    "points": [
      [
        935,
        71
      ],
      [
        1139,
        88
      ],
      [
        1143,
        154
      ],
      [
        936,
        141
      ]
    ]
  },
  {
    "transcription": "C\u00d4NG",
    "points": [
      [
        121,
        83
      ],
      [
        314,
        65
      ],
      [
        313,
        130
      ],
      [
        114,
        152
      ]
    ]
  },
  {
    "transcription": "C\u1ed4",
    "points": [
      [
        440,
        44
      ],
      [
        545,
        41
      ],
      [
        543,
        115
      ],
      [
        439,
        118
      ]
    ]
  },
  {
    "transcription": "X\u00c2Y",
    "points": [
      [
        780,
        56
      ],
      [
        925,
        61
      ],
      [
        924,
        126
      ],
      [
        775,
        124
      ]
    ]
  },
  {
    "transcription": "TY",
    "points": [
      [
        328,
        71
      ],
      [
        425,
        66
      ],
      [
        420,
        119
      ],
      [
        330,
        126
      ]
    ]
  },
  {
    "transcription": "NH\u1eacT",
    "points": [
      [
        584,
        169
      ],
      [
        1184,
        169
      ],
      [
        1184,
        407
      ],
      [
        584,
        407
      ]
    ]
  },
  {
    "transcription": "TY",
    "points": [
      [
        328,
        67
      ],
      [
        424,
        67
      ],
      [
        424,
        125
      ],
      [
        328,
        125
      ]
    ]
  },
  {
    "transcription": "VI\u1ec6T",
    "points": [
      [
        73,
        165
      ],
      [
        543,
        165
      ],
      [
        543,
        403
      ],
      [
        73,
        403
      ]
    ]
  },
  {
    "transcription": "C\u1ed4",
    "points": [
      [
        440,
        39
      ],
      [
        544,
        39
      ],
      [
        544,
        119
      ],
      [
        440,
        119
      ]
    ]
  },
  {
    "transcription": "C\u00d4NG",
    "points": [
      [
        109,
        65
      ],
      [
        313,
        65
      ],
      [
        313,
        149
      ],
      [
        109,
        149
      ]
    ]
  },
  {
    "transcription": "PH\u1ea6N",
    "points": [
      [
        559,
        41
      ],
      [
        765,
        41
      ],
      [
        765,
        115
      ],
      [
        559,
        115
      ]
    ]
  },
  {
    "transcription": "D\u1ef0NG",
    "points": [
      [
        933,
        75
      ],
      [
        1143,
        75
      ],
      [
        1143,
        153
      ],
      [
        933,
        153
      ]
    ]
  },
  {
    "transcription": "X\u00c2Y",
    "points": [
      [
        776,
        57
      ],
      [
        922,
        57
      ],
      [
        922,
        123
      ],
      [
        776,
        123
      ]
    ]
  }
]