[
  {
    "transcription": "557",
    "points": [
      [
        784,
        113
      ],
      [
        835,
        112
      ],
      [
        835,
        142
      ],
      [
        784,
        143
      ]
    ]
  },
  {
    "transcription": "\u0110T:0763",
    "points": [
      [
        604,
        124
      ],
      [
        721,
        117
      ],
      [
        721,
        147
      ],
      [
        604,
        153
      ]
    ]
  },
  {
    "transcription": "826",
    "points": [
      [
        727,
        116
      ],
      [
        779,
        114
      ],
      [
        779,
        144
      ],
      [
        726,
        146
      ]
    ]
  },
  {
    "transcription": "TR\u01af\u1edcNG",
    "points": [
      [
        9,
        14
      ],
      [
        624,
        0
      ],
      [
        626,
        141
      ],
      [
        6,
        156
      ]
    ]
  },
  {
    "transcription": "\u0110T:",
    "points": [
      [
        604,
        124
      ],
      [
        652,
        123
      ],
      [
        653,
        153
      ],
      [
        604,
        154
      ]
    ]
  }
]