[
  {
    "transcription": "PH\u1ed0",
    "points": [
      [
        219,
        129
      ],
      [
        361,
        128
      ],
      [
        362,
        177
      ],
      [
        219,
        178
      ]
    ]
  },
  {
    "transcription": "H\u00c0",
    "points": [
      [
        134,
        181
      ],
      [
        144,
        181
      ],
      [
        144,
        190
      ],
      [
        134,
        189
      ]
    ]
  },
  {
    "transcription": "B\u00c1O",
    "points": [
      [
        139,
        184
      ],
      [
        247,
        184
      ],
      [
        247,
        291
      ],
      [
        138,
        290
      ]
    ]
  },
  {
    "transcription": "KH\u00c1NH",
    "points": [
      [
        262,
        184
      ],
      [
        439,
        183
      ],
      [
        439,
        291
      ],
      [
        261,
        291
      ]
    ]
  },
  {
    "transcription": "ox",
    "points": [
      [
        320,
        335
      ],
      [
        582,
        349
      ],
      [
        582,
        426
      ],
      [
        319,
        414
      ]
    ]
  },
  {
    "transcription": "chy",
    "points": [
      [
        99,
        327
      ],
      [
        271,
        334
      ],
      [
        272,
        418
      ],
      [
        99,
        416
      ]
    ]
  },
  {
    "transcription": "N\u1ed8I",
    "points": [
      [
        142,
        180
      ],
      [
        160,
        179
      ],
      [
        160,
        190
      ],
      [
        142,
        190
      ]
    ]
  }
]