[
  {
    "transcription": "VI\u1ec6T",
    "points": [
      [
        127,
        27
      ],
      [
        175,
        26
      ],
      [
        175,
        48
      ],
      [
        127,
        49
      ]
    ]
  },
  {
    "transcription": "NAM",
    "points": [
      [
        179,
        24
      ],
      [
        232,
        24
      ],
      [
        232,
        43
      ],
      [
        179,
        44
      ]
    ]
  },
  {
    "transcription": "PH\u1ea6N",
    "points": [
      [
        114,
        3
      ],
      [
        173,
        2
      ],
      [
        173,
        22
      ],
      [
        114,
        24
      ]
    ]
  },
  {
    "transcription": "1",
    "points": [
      [
        111,
        31
      ],
      [
        121,
        31
      ],
      [
        121,
        47
      ],
      [
        111,
        47
      ]
    ]
  },
  {
    "transcription": "TH\u1eca",
    "points": [
      [
        75,
        9
      ],
      [
        110,
        8
      ],
      [
        110,
        27
      ],
      [
        76,
        27
      ]
    ]
  },
  {
    "transcription": "S\u1ed0",
    "points": [
      [
        75,
        28
      ],
      [
        107,
        28
      ],
      [
        107,
        48
      ],
      [
        74,
        48
      ]
    ]
  },
  {
    "transcription": "1",
    "points": [
      [
        111,
        30
      ],
      [
        121,
        30
      ],
      [
        121,
        46
      ],
      [
        111,
        46
      ]
    ]
  },
  {
    "transcription": "TH\u1eca",
    "points": [
      [
        77,
        8
      ],
      [
        109,
        8
      ],
      [
        109,
        28
      ],
      [
        77,
        28
      ]
    ]
  },
  {
    "transcription": "NAM",
    "points": [
      [
        178,
        25
      ],
      [
        232,
        25
      ],
      [
        232,
        43
      ],
      [
        178,
        43
      ]
    ]
  },
  {
    "transcription": "PH\u1ea6N",
    "points": [
      [
        115,
        3
      ],
      [
        171,
        3
      ],
      [
        171,
        23
      ],
      [
        115,
        23
      ]
    ]
  },
  {
    "transcription": "S\u1ed0",
    "points": [
      [
        76,
        27
      ],
      [
        106,
        27
      ],
      [
        106,
        47
      ],
      [
        76,
        47
      ]
    ]
  },
  {
    "transcription": "VI\u1ec6T",
    "points": [
      [
        126,
        26
      ],
      [
        174,
        26
      ],
      [
        174,
        48
      ],
      [
        126,
        48
      ]
    ]
  }
]