[
  {
    "transcription": "H\u1eadu",
    "points": [
      [
        36,
        11
      ],
      [
        196,
        25
      ],
      [
        196,
        111
      ],
      [
        36,
        101
      ]
    ]
  },
  {
    "transcription": "-",
    "points": [
      [
        439,
        74
      ],
      [
        470,
        74
      ],
      [
        470,
        152
      ],
      [
        440,
        152
      ]
    ]
  },
  {
    "transcription": "P.5-",
    "points": [
      [
        471,
        65
      ],
      [
        604,
        74
      ],
      [
        609,
        140
      ],
      [
        470,
        132
      ]
    ]
  },
  {
    "transcription": "Q.6",
    "points": [
      [
        622,
        89
      ],
      [
        729,
        94
      ],
      [
        730,
        155
      ],
      [
        624,
        152
      ]
    ]
  },
  {
    "transcription": "P",
    "points": [
      [
        474,
        67
      ],
      [
        527,
        71
      ],
      [
        528,
        134
      ],
      [
        474,
        132
      ]
    ]
  },
  {
    "transcription": "Giang",
    "points": [
      [
        224,
        31
      ],
      [
        434,
        65
      ],
      [
        433,
        141
      ],
      [
        222,
        110
      ]
    ]
  }
]