[
  {
    "transcription": "TR\u1ecc",
    "points": [
      [
        384,
        14
      ],
      [
        479,
        15
      ],
      [
        479,
        82
      ],
      [
        385,
        80
      ]
    ]
  },
  {
    "transcription": "PH\u00d2NG",
    "points": [
      [
        220,
        7
      ],
      [
        375,
        5
      ],
      [
        377,
        72
      ],
      [
        219,
        73
      ]
    ]
  },
  {
    "transcription": "N\u1ed8I",
    "points": [
      [
        29,
        10
      ],
      [
        110,
        10
      ],
      [
        110,
        88
      ],
      [
        28,
        88
      ]
    ]
  },
  {
    "transcription": "QUY",
    "points": [
      [
        119,
        19
      ],
      [
        213,
        17
      ],
      [
        212,
        82
      ],
      [
        119,
        86
      ]
    ]
  }
]