[
  {
    "transcription": "B\u00c9",
    "points": [
      [
        1093,
        33
      ],
      [
        1178,
        33
      ],
      [
        1178,
        114
      ],
      [
        1093,
        115
      ]
    ]
  },
  {
    "transcription": "H\u00c0NG",
    "points": [
      [
        653,
        32
      ],
      [
        859,
        35
      ],
      [
        860,
        104
      ],
      [
        653,
        104
      ]
    ]
  },
  {
    "transcription": "V\u00c0",
    "points": [
      [
        986,
        36
      ],
      [
        1077,
        36
      ],
      [
        1087,
        114
      ],
      [
        990,
        114
      ]
    ]
  },
  {
    "transcription": "TH\u1ed0NG",
    "points": [
      [
        217,
        17
      ],
      [
        479,
        19
      ],
      [
        481,
        98
      ],
      [
        218,
        98
      ]
    ]
  },
  {
    "transcription": "C\u1eecA",
    "points": [
      [
        494,
        22
      ],
      [
        636,
        21
      ],
      [
        638,
        101
      ],
      [
        494,
        101
      ]
    ]
  },
  {
    "transcription": "ff",
    "points": [
      [
        93,
        166
      ],
      [
        123,
        170
      ],
      [
        122,
        213
      ],
      [
        91,
        211
      ]
    ]
  },
  {
    "transcription": "M\u1eb8",
    "points": [
      [
        876,
        43
      ],
      [
        974,
        44
      ],
      [
        975,
        122
      ],
      [
        876,
        120
      ]
    ]
  },
  {
    "transcription": "H\u1ec6",
    "points": [
      [
        114,
        17
      ],
      [
        204,
        17
      ],
      [
        204,
        104
      ],
      [
        114,
        103
      ]
    ]
  }
]