[
  {
    "transcription": "CAP.",
    "points": [
      [
        123,
        7
      ],
      [
        177,
        8
      ],
      [
        177,
        39
      ],
      [
        123,
        39
      ]
    ]
  },
  {
    "transcription": "LI\u1ec6T",
    "points": [
      [
        284,
        5
      ],
      [
        335,
        6
      ],
      [
        334,
        45
      ],
      [
        283,
        43
      ]
    ]
  },
  {
    "transcription": "PH\u01af\u01a0NG",
    "points": [
      [
        181,
        7
      ],
      [
        281,
        6
      ],
      [
        281,
        41
      ],
      [
        181,
        41
      ]
    ]
  },
  {
    "transcription": "0243.8693.428",
    "points": [
      [
        172,
        50
      ],
      [
        328,
        53
      ],
      [
        327,
        80
      ],
      [
        171,
        78
      ]
    ]
  },
  {
    "transcription": "0243.8693.428",
    "points": [
      [
        175,
        50
      ],
      [
        329,
        50
      ],
      [
        329,
        82
      ],
      [
        175,
        82
      ]
    ]
  },
  {
    "transcription": "PH\u01af\u01a0NG",
    "points": [
      [
        182,
        9
      ],
      [
        280,
        9
      ],
      [
        280,
        39
      ],
      [
        182,
        39
      ]
    ]
  },
  {
    "transcription": "LI\u1ec6T",
    "points": [
      [
        284,
        8
      ],
      [
        334,
        8
      ],
      [
        334,
        44
      ],
      [
        284,
        44
      ]
    ]
  },
  {
    "transcription": "CAP.",
    "points": [
      [
        125,
        9
      ],
      [
        175,
        9
      ],
      [
        175,
        37
      ],
      [
        125,
        37
      ]
    ]
  }
]