[
  {
    "transcription": "75A",
    "points": [
      [
        125,
        98
      ],
      [
        232,
        102
      ],
      [
        232,
        161
      ],
      [
        125,
        159
      ]
    ]
  },
  {
    "transcription": "75A",
    "points": [
      [
        45,
        18
      ],
      [
        116,
        19
      ],
      [
        118,
        79
      ],
      [
        45,
        77
      ]
    ]
  },
  {
    "transcription": "19",
    "points": [
      [
        265,
        18
      ],
      [
        334,
        17
      ],
      [
        334,
        78
      ],
      [
        265,
        79
      ]
    ]
  },
  {
    "transcription": "-",
    "points": [
      [
        122,
        42
      ],
      [
        139,
        42
      ],
      [
        139,
        57
      ],
      [
        122,
        56
      ]
    ]
  },
  {
    "transcription": "145.19",
    "points": [
      [
        147,
        18
      ],
      [
        334,
        17
      ],
      [
        335,
        81
      ],
      [
        146,
        80
      ]
    ]
  },
  {
    "transcription": "-",
    "points": [
      [
        123,
        44
      ],
      [
        137,
        44
      ],
      [
        137,
        56
      ],
      [
        123,
        56
      ]
    ]
  },
  {
    "transcription": "19",
    "points": [
      [
        266,
        19
      ],
      [
        332,
        19
      ],
      [
        332,
        81
      ],
      [
        266,
        81
      ]
    ]
  },
  {
    "transcription": "145 19",
    "points": [
      [
        92,
        165
      ],
      [
        272,
        165
      ],
      [
        272,
        229
      ],
      [
        92,
        229
      ]
    ]
  },
  {
    "transcription": "145.",
    "points": [
      [
        148,
        19
      ],
      [
        258,
        19
      ],
      [
        258,
        81
      ],
      [
        148,
        81
      ]
    ]
  },
  {
    "transcription": "75A",
    "points": [
      [
        15,
        20
      ],
      [
        117,
        20
      ],
      [
        117,
        80
      ],
      [
        15,
        80
      ]
    ]
  },
  {
    "transcription": "75A",
    "points": [
      [
        128,
        102
      ],
      [
        230,
        102
      ],
      [
        230,
        160
      ],
      [
        128,
        160
      ]
    ]
  }
]