[
  {
    "transcription": "WAX",
    "points": [
      [
        152,
        151
      ],
      [
        297,
        151
      ],
      [
        299,
        195
      ],
      [
        154,
        196
      ]
    ]
  },
  {
    "transcription": "P",
    "points": [
      [
        395,
        148
      ],
      [
        430,
        147
      ],
      [
        430,
        193
      ],
      [
        395,
        193
      ]
    ]
  },
  {
    "transcription": "&",
    "points": [
      [
        327,
        153
      ],
      [
        361,
        153
      ],
      [
        362,
        194
      ],
      [
        326,
        194
      ]
    ]
  },
  {
    "transcription": "H\u1ebaM",
    "points": [
      [
        48,
        13
      ],
      [
        228,
        9
      ],
      [
        228,
        130
      ],
      [
        48,
        131
      ]
    ]
  },
  {
    "transcription": "BARBERSHOP",
    "points": [
      [
        245,
        26
      ],
      [
        836,
        19
      ],
      [
        834,
        121
      ],
      [
        242,
        124
      ]
    ]
  },
  {
    "transcription": "POMADE",
    "points": [
      [
        389,
        154
      ],
      [
        696,
        145
      ],
      [
        697,
        190
      ],
      [
        391,
        195
      ]
    ]
  }
]