[
  {
    "transcription": "H\u1ea0NG",
    "points": [
      [
        176,
        78
      ],
      [
        272,
        81
      ],
      [
        272,
        133
      ],
      [
        176,
        131
      ]
    ]
  },
  {
    "transcription": "T\u00d4",
    "points": [
      [
        219,
        14
      ],
      [
        263,
        14
      ],
      [
        263,
        66
      ],
      [
        219,
        65
      ]
    ]
  },
  {
    "transcription": "B,C,DE",
    "points": [
      [
        158,
        138
      ],
      [
        287,
        143
      ],
      [
        287,
        196
      ],
      [
        157,
        190
      ]
    ]
  },
  {
    "transcription": "\u00d4",
    "points": [
      [
        185,
        13
      ],
      [
        213,
        13
      ],
      [
        213,
        64
      ],
      [
        186,
        64
      ]
    ]
  },
  {
    "transcription": "\u00d4",
    "points": [
      [
        188,
        14
      ],
      [
        210,
        14
      ],
      [
        210,
        64
      ],
      [
        188,
        64
      ]
    ]
  },
  {
    "transcription": "T\u00d4",
    "points": [
      [
        219,
        14
      ],
      [
        261,
        14
      ],
      [
        261,
        66
      ],
      [
        219,
        66
      ]
    ]
  },
  {
    "transcription": "H\u1ea0NG",
    "points": [
      [
        176,
        81
      ],
      [
        270,
        81
      ],
      [
        270,
        133
      ],
      [
        176,
        133
      ]
    ]
  }
]