[
  {
    "transcription": "NH\u00c0",
    "points": [
      [
        111,
        35
      ],
      [
        214,
        34
      ],
      [
        214,
        84
      ],
      [
        108,
        85
      ]
    ]
  },
  {
    "transcription": "MAI",
    "points": [
      [
        231,
        97
      ],
      [
        420,
        97
      ],
      [
        425,
        169
      ],
      [
        232,
        169
      ]
    ]
  },
  {
    "transcription": "SAO",
    "points": [
      [
        32,
        94
      ],
      [
        215,
        97
      ],
      [
        215,
        168
      ],
      [
        31,
        167
      ]
    ]
  },
  {
    "transcription": "H\u1ec8",
    "points": [
      [
        291,
        31
      ],
      [
        346,
        30
      ],
      [
        347,
        84
      ],
      [
        291,
        84
      ]
    ]
  },
  {
    "transcription": "NG",
    "points": [
      [
        224,
        41
      ],
      [
        293,
        42
      ],
      [
        294,
        85
      ],
      [
        224,
        84
      ]
    ]
  }
]