[
  {
    "transcription": "TR\u01af\u1edcNG",
    "points": [
      [
        59,
        153
      ],
      [
        379,
        130
      ],
      [
        382,
        213
      ],
      [
        57,
        233
      ]
    ]
  },
  {
    "transcription": "\u0110\u00c0O",
    "points": [
      [
        180,
        111
      ],
      [
        220,
        108
      ],
      [
        221,
        138
      ],
      [
        180,
        141
      ]
    ]
  },
  {
    "transcription": "PH\u00d2NG",
    "points": [
      [
        10,
        131
      ],
      [
        69,
        125
      ],
      [
        70,
        153
      ],
      [
        11,
        159
      ]
    ]
  },
  {
    "transcription": "V\u00c0",
    "points": [
      [
        153,
        115
      ],
      [
        179,
        113
      ],
      [
        181,
        143
      ],
      [
        154,
        144
      ]
    ]
  },
  {
    "transcription": "PH\u00da",
    "points": [
      [
        289,
        98
      ],
      [
        326,
        96
      ],
      [
        327,
        127
      ],
      [
        289,
        129
      ]
    ]
  },
  {
    "transcription": "D\u1ee4C",
    "points": [
      [
        115,
        121
      ],
      [
        151,
        119
      ],
      [
        152,
        146
      ],
      [
        115,
        148
      ]
    ]
  },
  {
    "transcription": "AN",
    "points": [
      [
        259,
        104
      ],
      [
        287,
        102
      ],
      [
        287,
        132
      ],
      [
        259,
        134
      ]
    ]
  },
  {
    "transcription": "T\u1ea0O",
    "points": [
      [
        222,
        109
      ],
      [
        259,
        107
      ],
      [
        259,
        138
      ],
      [
        222,
        139
      ]
    ]
  },
  {
    "transcription": "GI\u00c1O",
    "points": [
      [
        71,
        123
      ],
      [
        113,
        120
      ],
      [
        114,
        150
      ],
      [
        71,
        153
      ]
    ]
  },
  {
    "transcription": "\u0110\u1ea6U",
    "points": [
      [
        180,
        20
      ],
      [
        242,
        5
      ],
      [
        246,
        81
      ],
      [
        180,
        96
      ]
    ]
  }
]