[
  {
    "transcription": "PH\u00d2NG",
    "points": [
      [
        130,
        247
      ],
      [
        380,
        237
      ],
      [
        381,
        324
      ],
      [
        128,
        332
      ]
    ]
  },
  {
    "transcription": "HLT",
    "points": [
      [
        678,
        29
      ],
      [
        849,
        18
      ],
      [
        850,
        159
      ],
      [
        680,
        168
      ]
    ]
  },
  {
    "transcription": "\u0110\u1ed8NG",
    "points": [
      [
        222,
        69
      ],
      [
        456,
        52
      ],
      [
        456,
        225
      ],
      [
        223,
        238
      ]
    ]
  },
  {
    "transcription": "D\u1ecaCH",
    "points": [
      [
        586,
        212
      ],
      [
        774,
        201
      ],
      [
        767,
        303
      ],
      [
        580,
        309
      ]
    ]
  },
  {
    "transcription": "GIAO",
    "points": [
      [
        394,
        236
      ],
      [
        569,
        223
      ],
      [
        567,
        307
      ],
      [
        389,
        317
      ]
    ]
  },
  {
    "transcription": "B\u1ea4T",
    "points": [
      [
        53,
        78
      ],
      [
        209,
        66
      ],
      [
        210,
        233
      ],
      [
        53,
        241
      ]
    ]
  },
  {
    "transcription": "S\u1ea2N",
    "points": [
      [
        473,
        18
      ],
      [
        659,
        0
      ],
      [
        662,
        180
      ],
      [
        474,
        195
      ]
    ]
  }
]