[
  {
    "transcription": "B\u00c0",
    "points": [
      [
        449,
        24
      ],
      [
        508,
        23
      ],
      [
        509,
        74
      ],
      [
        448,
        76
      ]
    ]
  },
  {
    "transcription": "TR\u01afNG",
    "points": [
      [
        516,
        26
      ],
      [
        661,
        25
      ],
      [
        662,
        73
      ],
      [
        516,
        75
      ]
    ]
  },
  {
    "transcription": "3",
    "points": [
      [
        309,
        41
      ],
      [
        335,
        40
      ],
      [
        334,
        82
      ],
      [
        308,
        83
      ]
    ]
  },
  {
    "transcription": "H\u00c0",
    "points": [
      [
        693,
        22
      ],
      [
        754,
        22
      ],
      [
        759,
        73
      ],
      [
        694,
        73
      ]
    ]
  },
  {
    "transcription": "\u0110T:",
    "points": [
      [
        963,
        38
      ],
      [
        1036,
        40
      ],
      [
        1039,
        84
      ],
      [
        966,
        83
      ]
    ]
  },
  {
    "transcription": "69",
    "points": [
      [
        100,
        58
      ],
      [
        144,
        55
      ],
      [
        140,
        96
      ],
      [
        96,
        99
      ]
    ]
  },
  {
    "transcription": "H\u1ed2",
    "points": [
      [
        244,
        31
      ],
      [
        306,
        28
      ],
      [
        299,
        85
      ],
      [
        237,
        88
      ]
    ]
  },
  {
    "transcription": "V\u00c2N",
    "points": [
      [
        151,
        43
      ],
      [
        238,
        39
      ],
      [
        231,
        89
      ],
      [
        147,
        94
      ]
    ]
  },
  {
    "transcription": "N\u1ed8I",
    "points": [
      [
        763,
        22
      ],
      [
        846,
        23
      ],
      [
        850,
        84
      ],
      [
        765,
        83
      ]
    ]
  },
  {
    "transcription": "HAI",
    "points": [
      [
        364,
        37
      ],
      [
        443,
        34
      ],
      [
        441,
        77
      ],
      [
        361,
        80
      ]
    ]
  },
  {
    "transcription": "\u0110C:",
    "points": [
      [
        28,
        63
      ],
      [
        96,
        56
      ],
      [
        93,
        100
      ],
      [
        22,
        107
      ]
    ]
  },
  {
    "transcription": "094",
    "points": [
      [
        1039,
        43
      ],
      [
        1103,
        46
      ],
      [
        1108,
        89
      ],
      [
        1042,
        87
      ]
    ]
  },
  {
    "transcription": "-",
    "points": [
      [
        669,
        44
      ],
      [
        687,
        44
      ],
      [
        687,
        66
      ],
      [
        669,
        66
      ]
    ]
  },
  {
    "transcription": "094",
    "points": [
      [
        1042,
        44
      ],
      [
        1106,
        44
      ],
      [
        1106,
        88
      ],
      [
        1042,
        88
      ]
    ]
  },
  {
    "transcription": "888",
    "points": [
      [
        1200,
        59
      ],
      [
        1270,
        59
      ],
      [
        1270,
        101
      ],
      [
        1200,
        101
      ]
    ]
  },
  {
    "transcription": "3",
    "points": [
      [
        309,
        41
      ],
      [
        333,
        41
      ],
      [
        333,
        81
      ],
      [
        309,
        81
      ]
    ]
  },
  {
    "transcription": "273",
    "points": [
      [
        1112,
        49
      ],
      [
        1176,
        49
      ],
      [
        1176,
        93
      ],
      [
        1112,
        93
      ]
    ]
  },
  {
    "transcription": "\u0110T:",
    "points": [
      [
        962,
        36
      ],
      [
        1038,
        36
      ],
      [
        1038,
        84
      ],
      [
        962,
        84
      ]
    ]
  },
  {
    "transcription": "B\u00c0",
    "points": [
      [
        450,
        24
      ],
      [
        508,
        24
      ],
      [
        508,
        76
      ],
      [
        450,
        76
      ]
    ]
  },
  {
    "transcription": "H\u1ed2",
    "points": [
      [
        239,
        26
      ],
      [
        305,
        26
      ],
      [
        305,
        86
      ],
      [
        239,
        86
      ]
    ]
  },
  {
    "transcription": "69",
    "points": [
      [
        98,
        55
      ],
      [
        142,
        55
      ],
      [
        142,
        99
      ],
      [
        98,
        99
      ]
    ]
  },
  {
    "transcription": "H\u00c0",
    "points": [
      [
        691,
        21
      ],
      [
        757,
        21
      ],
      [
        757,
        75
      ],
      [
        691,
        75
      ]
    ]
  },
  {
    "transcription": "\u0110C:",
    "points": [
      [
        23,
        60
      ],
      [
        93,
        60
      ],
      [
        93,
        104
      ],
      [
        23,
        104
      ]
    ]
  },
  {
    "transcription": "V\u00c2N",
    "points": [
      [
        150,
        40
      ],
      [
        236,
        40
      ],
      [
        236,
        94
      ],
      [
        150,
        94
      ]
    ]
  },
  {
    "transcription": "N\u1ed8I",
    "points": [
      [
        765,
        23
      ],
      [
        847,
        23
      ],
      [
        847,
        81
      ],
      [
        765,
        81
      ]
    ]
  },
  {
    "transcription": "HAI",
    "points": [
      [
        362,
        32
      ],
      [
        442,
        32
      ],
      [
        442,
        80
      ],
      [
        362,
        80
      ]
    ]
  },
  {
    "transcription": "TR\u01afNG",
    "points": [
      [
        517,
        26
      ],
      [
        661,
        26
      ],
      [
        661,
        74
      ],
      [
        517,
        74
      ]
    ]
  }
]