[
  {
    "transcription": "TR\u00c0",
    "points": [
      [
        140,
        150
      ],
      [
        159,
        149
      ],
      [
        160,
        163
      ],
      [
        139,
        162
      ]
    ]
  },
  {
    "transcription": "P.",
    "points": [
      [
        130,
        151
      ],
      [
        139,
        151
      ],
      [
        139,
        163
      ],
      [
        129,
        162
      ]
    ]
  },
  {
    "transcription": "UBND",
    "points": [
      [
        193,
        95
      ],
      [
        247,
        95
      ],
      [
        247,
        118
      ],
      [
        193,
        118
      ]
    ]
  },
  {
    "transcription": "C\u00c1I",
    "points": [
      [
        228,
        149
      ],
      [
        245,
        149
      ],
      [
        245,
        163
      ],
      [
        228,
        163
      ]
    ]
  },
  {
    "transcription": "PH\u01af\u1edcNG",
    "points": [
      [
        58,
        121
      ],
      [
        139,
        120
      ],
      [
        139,
        145
      ],
      [
        58,
        145
      ]
    ]
  },
  {
    "transcription": "TH\u1ecaNH",
    "points": [
      [
        93,
        151
      ],
      [
        122,
        151
      ],
      [
        122,
        162
      ],
      [
        93,
        163
      ]
    ]
  },
  {
    "transcription": "KHU",
    "points": [
      [
        41,
        151
      ],
      [
        61,
        151
      ],
      [
        61,
        162
      ],
      [
        41,
        162
      ]
    ]
  },
  {
    "transcription": "\u0110C:",
    "points": [
      [
        22,
        151
      ],
      [
        40,
        151
      ],
      [
        40,
        163
      ],
      [
        22,
        162
      ]
    ]
  },
  {
    "transcription": "-",
    "points": [
      [
        111,
        102
      ],
      [
        121,
        102
      ],
      [
        121,
        111
      ],
      [
        111,
        111
      ]
    ]
  },
  {
    "transcription": "-",
    "points": [
      [
        178,
        153
      ],
      [
        183,
        153
      ],
      [
        182,
        159
      ],
      [
        178,
        159
      ]
    ]
  },
  {
    "transcription": "\u0110\u00d4NG",
    "points": [
      [
        63,
        149
      ],
      [
        91,
        149
      ],
      [
        91,
        162
      ],
      [
        63,
        162
      ]
    ]
  },
  {
    "transcription": "H\u0110ND",
    "points": [
      [
        125,
        95
      ],
      [
        178,
        95
      ],
      [
        178,
        118
      ],
      [
        124,
        118
      ]
    ]
  },
  {
    "transcription": "TR\u00c0",
    "points": [
      [
        142,
        119
      ],
      [
        180,
        119
      ],
      [
        180,
        145
      ],
      [
        142,
        145
      ]
    ]
  },
  {
    "transcription": "C\u1ed4",
    "points": [
      [
        184,
        116
      ],
      [
        214,
        116
      ],
      [
        213,
        145
      ],
      [
        183,
        145
      ]
    ]
  },
  {
    "transcription": "\u1ee6Y",
    "points": [
      [
        82,
        89
      ],
      [
        109,
        89
      ],
      [
        108,
        118
      ],
      [
        81,
        118
      ]
    ]
  },
  {
    "transcription": "-",
    "points": [
      [
        181,
        102
      ],
      [
        191,
        102
      ],
      [
        191,
        111
      ],
      [
        181,
        111
      ]
    ]
  },
  {
    "transcription": "-",
    "points": [
      [
        124,
        153
      ],
      [
        129,
        153
      ],
      [
        129,
        160
      ],
      [
        124,
        160
      ]
    ]
  },
  {
    "transcription": "\u0110\u1ea2NG",
    "points": [
      [
        26,
        89
      ],
      [
        79,
        89
      ],
      [
        79,
        118
      ],
      [
        25,
        118
      ]
    ]
  },
  {
    "transcription": "S\u1ede",
    "points": [
      [
        151,
        68
      ],
      [
        199,
        68
      ],
      [
        199,
        91
      ],
      [
        150,
        91
      ]
    ]
  },
  {
    "transcription": "C\u1ed4",
    "points": [
      [
        161,
        148
      ],
      [
        177,
        148
      ],
      [
        177,
        163
      ],
      [
        161,
        163
      ]
    ]
  },
  {
    "transcription": "TR\u1ee4",
    "points": [
      [
        80,
        71
      ],
      [
        143,
        71
      ],
      [
        143,
        93
      ],
      [
        80,
        92
      ]
    ]
  },
  {
    "transcription": "M\u00d3NG",
    "points": [
      [
        198,
        150
      ],
      [
        226,
        150
      ],
      [
        227,
        163
      ],
      [
        198,
        163
      ]
    ]
  },
  {
    "transcription": "TP.",
    "points": [
      [
        184,
        151
      ],
      [
        198,
        151
      ],
      [
        198,
        163
      ],
      [
        184,
        163
      ]
    ]
  }
]