[
  {
    "transcription": "H\u1eeeU",
    "points": [
      [
        324,
        306
      ],
      [
        372,
        305
      ],
      [
        372,
        342
      ],
      [
        324,
        342
      ]
    ]
  },
  {
    "transcription": "\u0110T:",
    "points": [
      [
        577,
        306
      ],
      [
        599,
        306
      ],
      [
        600,
        328
      ],
      [
        578,
        328
      ]
    ]
  },
  {
    "transcription": "600",
    "points": [
      [
        171,
        316
      ],
      [
        219,
        316
      ],
      [
        219,
        351
      ],
      [
        171,
        352
      ]
    ]
  },
  {
    "transcription": "TH\u1ecc",
    "points": [
      [
        374,
        309
      ],
      [
        415,
        309
      ],
      [
        416,
        344
      ],
      [
        374,
        344
      ]
    ]
  },
  {
    "transcription": "NGUY\u1ec4N",
    "points": [
      [
        222,
        311
      ],
      [
        322,
        308
      ],
      [
        322,
        345
      ],
      [
        222,
        348
      ]
    ]
  },
  {
    "transcription": "N\u1eb4NG",
    "points": [
      [
        466,
        303
      ],
      [
        512,
        303
      ],
      [
        512,
        334
      ],
      [
        466,
        334
      ]
    ]
  },
  {
    "transcription": "MOTEL",
    "points": [
      [
        298,
        18
      ],
      [
        585,
        85
      ],
      [
        586,
        163
      ],
      [
        297,
        107
      ]
    ]
  },
  {
    "transcription": "0935.511.261",
    "points": [
      [
        599,
        305
      ],
      [
        661,
        303
      ],
      [
        662,
        325
      ],
      [
        600,
        327
      ]
    ]
  },
  {
    "transcription": "\u0110C:",
    "points": [
      [
        116,
        319
      ],
      [
        168,
        317
      ],
      [
        168,
        354
      ],
      [
        115,
        356
      ]
    ]
  },
  {
    "transcription": "MINH",
    "points": [
      [
        169,
        129
      ],
      [
        642,
        165
      ],
      [
        642,
        294
      ],
      [
        167,
        277
      ]
    ]
  },
  {
    "transcription": "\u0110\u00c0",
    "points": [
      [
        442,
        304
      ],
      [
        465,
        304
      ],
      [
        468,
        335
      ],
      [
        443,
        336
      ]
    ]
  },
  {
    "transcription": "TRO\u00c0NG",
    "points": [
      [
        422,
        305
      ],
      [
        513,
        304
      ],
      [
        514,
        334
      ],
      [
        423,
        338
      ]
    ]
  },
  {
    "transcription": "600",
    "points": [
      [
        171,
        315
      ],
      [
        217,
        315
      ],
      [
        217,
        351
      ],
      [
        171,
        351
      ]
    ]
  },
  {
    "transcription": "NGUY\u1ec4N",
    "points": [
      [
        203,
        307
      ],
      [
        323,
        307
      ],
      [
        323,
        349
      ],
      [
        203,
        349
      ]
    ]
  },
  {
    "transcription": "MOTEL",
    "points": [
      [
        294,
        21
      ],
      [
        568,
        21
      ],
      [
        568,
        155
      ],
      [
        294,
        155
      ]
    ]
  },
  {
    "transcription": "\u0110T:",
    "points": [
      [
        578,
        305
      ],
      [
        600,
        305
      ],
      [
        600,
        327
      ],
      [
        578,
        327
      ]
    ]
  },
  {
    "transcription": "0935511.261",
    "points": [
      [
        599,
        303
      ],
      [
        663,
        303
      ],
      [
        663,
        327
      ],
      [
        599,
        327
      ]
    ]
  },
  {
    "transcription": "\u0110C:",
    "points": [
      [
        114,
        313
      ],
      [
        170,
        313
      ],
      [
        170,
        355
      ],
      [
        114,
        355
      ]
    ]
  },
  {
    "transcription": "N\u1eb4NG",
    "points": [
      [
        466,
        303
      ],
      [
        512,
        303
      ],
      [
        512,
        333
      ],
      [
        466,
        333
      ]
    ]
  },
  {
    "transcription": "TP\u0110\u00c0",
    "points": [
      [
        419,
        304
      ],
      [
        467,
        304
      ],
      [
        467,
        334
      ],
      [
        419,
        334
      ]
    ]
  },
  {
    "transcription": "TH\u1ecc",
    "points": [
      [
        374,
        308
      ],
      [
        416,
        308
      ],
      [
        416,
        342
      ],
      [
        374,
        342
      ]
    ]
  },
  {
    "transcription": "H\u1eeeU",
    "points": [
      [
        325,
        306
      ],
      [
        371,
        306
      ],
      [
        371,
        340
      ],
      [
        325,
        340
      ]
    ]
  },
  {
    "transcription": "NHI",
    "points": [
      [
        516,
        169
      ],
      [
        642,
        169
      ],
      [
        642,
        289
      ],
      [
        516,
        289
      ]
    ]
  },
  {
    "transcription": "MINH",
    "points": [
      [
        169,
        113
      ],
      [
        507,
        113
      ],
      [
        507,
        291
      ],
      [
        169,
        291
      ]
    ]
  }
]