[
  {
    "transcription": "PH\u01af\u1edcNG",
    "points": [
      [
        265,
        14
      ],
      [
        406,
        14
      ],
      [
        407,
        56
      ],
      [
        265,
        55
      ]
    ]
  },
  {
    "transcription": "BI\u1ebeN",
    "points": [
      [
        670,
        22
      ],
      [
        751,
        22
      ],
      [
        751,
        64
      ],
      [
        670,
        64
      ]
    ]
  },
  {
    "transcription": "8-",
    "points": [
      [
        223,
        18
      ],
      [
        260,
        17
      ],
      [
        261,
        50
      ],
      [
        223,
        50
      ]
    ]
  },
  {
    "transcription": "PH\u1ed0",
    "points": [
      [
        148,
        7
      ],
      [
        216,
        6
      ],
      [
        216,
        52
      ],
      [
        148,
        52
      ]
    ]
  },
  {
    "transcription": ":",
    "points": [
      [
        589,
        33
      ],
      [
        604,
        33
      ],
      [
        602,
        62
      ],
      [
        588,
        62
      ]
    ]
  },
  {
    "transcription": "KHU",
    "points": [
      [
        74,
        11
      ],
      [
        142,
        10
      ],
      [
        142,
        50
      ],
      [
        74,
        51
      ]
    ]
  },
  {
    "transcription": "LONG",
    "points": [
      [
        411,
        21
      ],
      [
        497,
        21
      ],
      [
        497,
        58
      ],
      [
        410,
        58
      ]
    ]
  },
  {
    "transcription": "8",
    "points": [
      [
        221,
        17
      ],
      [
        240,
        18
      ],
      [
        240,
        50
      ],
      [
        221,
        50
      ]
    ]
  },
  {
    "transcription": "B\u00ccNH",
    "points": [
      [
        504,
        16
      ],
      [
        583,
        17
      ],
      [
        583,
        60
      ],
      [
        504,
        60
      ]
    ]
  },
  {
    "transcription": "H\u00d2A",
    "points": [
      [
        757,
        24
      ],
      [
        827,
        25
      ],
      [
        828,
        67
      ],
      [
        757,
        65
      ]
    ]
  },
  {
    "transcription": "TP.",
    "points": [
      [
        609,
        26
      ],
      [
        663,
        25
      ],
      [
        664,
        63
      ],
      [
        609,
        63
      ]
    ]
  }
]