[
  {
    "transcription": "0986",
    "points": [
      [
        134,
        116
      ],
      [
        207,
        108
      ],
      [
        208,
        145
      ],
      [
        135,
        153
      ]
    ]
  },
  {
    "transcription": "l\u1eadn",
    "points": [
      [
        339,
        164
      ],
      [
        369,
        165
      ],
      [
        364,
        193
      ],
      [
        334,
        195
      ]
    ]
  },
  {
    "transcription": "383",
    "points": [
      [
        457,
        74
      ],
      [
        514,
        68
      ],
      [
        516,
        106
      ],
      [
        457,
        112
      ]
    ]
  },
  {
    "transcription": "0909",
    "points": [
      [
        368,
        85
      ],
      [
        447,
        76
      ],
      [
        448,
        116
      ],
      [
        369,
        124
      ]
    ]
  },
  {
    "transcription": "\u0110\u1ed9ng,",
    "points": [
      [
        241,
        36
      ],
      [
        320,
        33
      ],
      [
        320,
        76
      ],
      [
        241,
        79
      ]
    ]
  },
  {
    "transcription": "Gi\u00e1o",
    "points": [
      [
        236,
        164
      ],
      [
        295,
        164
      ],
      [
        290,
        201
      ],
      [
        234,
        204
      ]
    ]
  },
  {
    "transcription": "n\u01a1i",
    "points": [
      [
        370,
        167
      ],
      [
        399,
        166
      ],
      [
        392,
        188
      ],
      [
        365,
        189
      ]
    ]
  },
  {
    "transcription": "3",
    "points": [
      [
        150,
        51
      ],
      [
        169,
        49
      ],
      [
        169,
        87
      ],
      [
        149,
        88
      ]
    ]
  },
  {
    "transcription": "696",
    "points": [
      [
        276,
        98
      ],
      [
        334,
        92
      ],
      [
        334,
        129
      ],
      [
        277,
        136
      ]
    ]
  },
  {
    "transcription": "488",
    "points": [
      [
        215,
        105
      ],
      [
        269,
        98
      ],
      [
        269,
        136
      ],
      [
        215,
        142
      ]
    ]
  },
  {
    "transcription": "mai",
    "points": [
      [
        430,
        9
      ],
      [
        494,
        4
      ],
      [
        495,
        44
      ],
      [
        430,
        51
      ]
    ]
  },
  {
    "transcription": "Hotline:",
    "points": [
      [
        28,
        127
      ],
      [
        128,
        117
      ],
      [
        129,
        154
      ],
      [
        29,
        168
      ]
    ]
  },
  {
    "transcription": "Ho\u00e0ng",
    "points": [
      [
        327,
        20
      ],
      [
        422,
        16
      ],
      [
        423,
        61
      ],
      [
        328,
        66
      ]
    ]
  },
  {
    "transcription": "mai",
    "points": [
      [
        175,
        44
      ],
      [
        234,
        40
      ],
      [
        235,
        79
      ],
      [
        176,
        86
      ]
    ]
  },
  {
    "transcription": "138",
    "points": [
      [
        523,
        66
      ],
      [
        574,
        60
      ],
      [
        575,
        98
      ],
      [
        525,
        105
      ]
    ]
  },
  {
    "transcription": "S\u1ed1",
    "points": [
      [
        104,
        52
      ],
      [
        142,
        50
      ],
      [
        142,
        91
      ],
      [
        104,
        94
      ]
    ]
  },
  {
    "transcription": "-",
    "points": [
      [
        340,
        100
      ],
      [
        362,
        100
      ],
      [
        362,
        116
      ],
      [
        340,
        116
      ]
    ]
  },
  {
    "transcription": "488696",
    "points": [
      [
        209,
        90
      ],
      [
        335,
        90
      ],
      [
        335,
        140
      ],
      [
        209,
        140
      ]
    ]
  },
  {
    "transcription": "383",
    "points": [
      [
        457,
        67
      ],
      [
        515,
        67
      ],
      [
        515,
        113
      ],
      [
        457,
        113
      ]
    ]
  },
  {
    "transcription": "n\u01a1i",
    "points": [
      [
        366,
        168
      ],
      [
        398,
        168
      ],
      [
        398,
        188
      ],
      [
        366,
        188
      ]
    ]
  },
  {
    "transcription": "138",
    "points": [
      [
        522,
        61
      ],
      [
        580,
        61
      ],
      [
        580,
        107
      ],
      [
        522,
        107
      ]
    ]
  },
  {
    "transcription": "0909",
    "points": [
      [
        369,
        77
      ],
      [
        449,
        77
      ],
      [
        449,
        123
      ],
      [
        369,
        123
      ]
    ]
  },
  {
    "transcription": "3",
    "points": [
      [
        148,
        48
      ],
      [
        170,
        48
      ],
      [
        170,
        90
      ],
      [
        148,
        90
      ]
    ]
  },
  {
    "transcription": "l\u1eadn",
    "points": [
      [
        336,
        164
      ],
      [
        368,
        164
      ],
      [
        368,
        194
      ],
      [
        336,
        194
      ]
    ]
  },
  {
    "transcription": "0986",
    "points": [
      [
        135,
        105
      ],
      [
        207,
        105
      ],
      [
        207,
        153
      ],
      [
        135,
        153
      ]
    ]
  },
  {
    "transcription": "mai",
    "points": [
      [
        431,
        5
      ],
      [
        495,
        5
      ],
      [
        495,
        49
      ],
      [
        431,
        49
      ]
    ]
  },
  {
    "transcription": "h\u00e0ng",
    "points": [
      [
        290,
        164
      ],
      [
        338,
        164
      ],
      [
        338,
        204
      ],
      [
        290,
        204
      ]
    ]
  },
  {
    "transcription": "S\u1ed1",
    "points": [
      [
        104,
        48
      ],
      [
        144,
        48
      ],
      [
        144,
        94
      ],
      [
        104,
        94
      ]
    ]
  },
  {
    "transcription": "mai",
    "points": [
      [
        175,
        39
      ],
      [
        235,
        39
      ],
      [
        235,
        83
      ],
      [
        175,
        83
      ]
    ]
  },
  {
    "transcription": "Hotline:",
    "points": [
      [
        29,
        117
      ],
      [
        131,
        117
      ],
      [
        131,
        167
      ],
      [
        29,
        167
      ]
    ]
  },
  {
    "transcription": "\u0110\u1ed9ng,",
    "points": [
      [
        241,
        32
      ],
      [
        321,
        32
      ],
      [
        321,
        80
      ],
      [
        241,
        80
      ]
    ]
  },
  {
    "transcription": "Ho\u00e0ng",
    "points": [
      [
        329,
        15
      ],
      [
        423,
        15
      ],
      [
        423,
        63
      ],
      [
        329,
        63
      ]
    ]
  }
]