[
  {
    "transcription": "Nhi\u00ean",
    "points": [
      [
        34,
        190
      ],
      [
        178,
        191
      ],
      [
        179,
        233
      ],
      [
        34,
        233
      ]
    ]
  },
  {
    "transcription": "\u0110\u1eb9p",
    "points": [
      [
        55,
        41
      ],
      [
        154,
        46
      ],
      [
        154,
        89
      ],
      [
        55,
        87
      ]
    ]
  },
  {
    "transcription": "T\u1ef1",
    "points": [
      [
        76,
        110
      ],
      [
        150,
        111
      ],
      [
        150,
        162
      ],
      [
        76,
        162
      ]
    ]
  },
  {
    "transcription": "Tr\u01b0\u01a1ng",
    "points": [
      [
        251,
        0
      ],
      [
        682,
        18
      ],
      [
        656,
        232
      ],
      [
        196,
        187
      ]
    ]
  }
]