[
  {
    "transcription": "Shop",
    "points": [
      [
        891,
        46
      ],
      [
        1079,
        60
      ],
      [
        1067,
        128
      ],
      [
        881,
        115
      ]
    ]
  },
  {
    "transcription": "HU\u1ef2NH",
    "points": [
      [
        518,
        89
      ],
      [
        972,
        93
      ],
      [
        974,
        227
      ],
      [
        518,
        226
      ]
    ]
  },
  {
    "transcription": "\u0110\u1ee9c",
    "points": [
      [
        232,
        238
      ],
      [
        284,
        239
      ],
      [
        284,
        273
      ],
      [
        231,
        273
      ]
    ]
  },
  {
    "transcription": "Nguy\u1ec5n",
    "points": [
      [
        130,
        237
      ],
      [
        227,
        237
      ],
      [
        228,
        275
      ],
      [
        130,
        276
      ]
    ]
  },
  {
    "transcription": "T\u1ecbnh",
    "points": [
      [
        287,
        239
      ],
      [
        345,
        239
      ],
      [
        346,
        278
      ],
      [
        288,
        278
      ]
    ]
  },
  {
    "transcription": "HI\u1ec0N",
    "points": [
      [
        167,
        72
      ],
      [
        479,
        73
      ],
      [
        480,
        222
      ],
      [
        166,
        220
      ]
    ]
  },
  {
    "transcription": "4444",
    "points": [
      [
        1026,
        253
      ],
      [
        1089,
        253
      ],
      [
        1089,
        285
      ],
      [
        1024,
        285
      ]
    ]
  },
  {
    "transcription": "079",
    "points": [
      [
        914,
        251
      ],
      [
        965,
        251
      ],
      [
        965,
        284
      ],
      [
        915,
        284
      ]
    ]
  },
  {
    "transcription": "457",
    "points": [
      [
        970,
        251
      ],
      [
        1020,
        251
      ],
      [
        1019,
        285
      ],
      [
        969,
        285
      ]
    ]
  },
  {
    "transcription": "s",
    "points": [
      [
        881,
        251
      ],
      [
        905,
        245
      ],
      [
        911,
        279
      ],
      [
        887,
        286
      ]
    ]
  },
  {
    "transcription": "079457",
    "points": [
      [
        916,
        249
      ],
      [
        1019,
        251
      ],
      [
        1019,
        285
      ],
      [
        917,
        285
      ]
    ]
  },
  {
    "transcription": "06",
    "points": [
      [
        87,
        234
      ],
      [
        126,
        235
      ],
      [
        126,
        271
      ],
      [
        87,
        270
      ]
    ]
  }
]