[
  {
    "transcription": "89",
    "points": [
      [
        520,
        514
      ],
      [
        766,
        513
      ],
      [
        773,
        704
      ],
      [
        521,
        706
      ]
    ]
  },
  {
    "transcription": "27A",
    "points": [
      [
        250,
        321
      ],
      [
        602,
        332
      ],
      [
        605,
        496
      ],
      [
        248,
        490
      ]
    ]
  },
  {
    "transcription": "067",
    "points": [
      [
        67,
        502
      ],
      [
        467,
        507
      ],
      [
        466,
        711
      ],
      [
        64,
        712
      ]
    ]
  }
]