[
  {
    "transcription": "LANH",
    "points": [
      [
        380,
        113
      ],
      [
        473,
        116
      ],
      [
        474,
        163
      ],
      [
        380,
        160
      ]
    ]
  },
  {
    "transcription": "TI\u1ebeP",
    "points": [
      [
        286,
        98
      ],
      [
        370,
        101
      ],
      [
        370,
        159
      ],
      [
        286,
        156
      ]
    ]
  },
  {
    "transcription": "nhi\u1ec7t",
    "points": [
      [
        91,
        50
      ],
      [
        138,
        50
      ],
      [
        138,
        70
      ],
      [
        91,
        69
      ]
    ]
  },
  {
    "transcription": "cu\u1ed9c",
    "points": [
      [
        59,
        65
      ],
      [
        107,
        67
      ],
      [
        107,
        83
      ],
      [
        59,
        82
      ]
    ]
  },
  {
    "transcription": "Gi\u00e0i",
    "points": [
      [
        50,
        47
      ],
      [
        90,
        48
      ],
      [
        91,
        66
      ],
      [
        50,
        65
      ]
    ]
  },
  {
    "transcription": "T\u1ea0P",
    "points": [
      [
        342,
        67
      ],
      [
        377,
        67
      ],
      [
        377,
        90
      ],
      [
        342,
        90
      ]
    ]
  },
  {
    "transcription": "HO\u00c1",
    "points": [
      [
        380,
        67
      ],
      [
        417,
        67
      ],
      [
        417,
        91
      ],
      [
        380,
        90
      ]
    ]
  },
  {
    "transcription": "Gi\u1ea3i",
    "points": [
      [
        51,
        48
      ],
      [
        89,
        48
      ],
      [
        89,
        64
      ],
      [
        51,
        64
      ]
    ]
  },
  {
    "transcription": "T\u1ea0P",
    "points": [
      [
        344,
        66
      ],
      [
        376,
        66
      ],
      [
        376,
        88
      ],
      [
        344,
        88
      ]
    ]
  },
  {
    "transcription": "HO\u00c1",
    "points": [
      [
        382,
        68
      ],
      [
        416,
        68
      ],
      [
        416,
        88
      ],
      [
        382,
        88
      ]
    ]
  },
  {
    "transcription": "nhi\u00eat",
    "points": [
      [
        91,
        52
      ],
      [
        137,
        52
      ],
      [
        137,
        68
      ],
      [
        91,
        68
      ]
    ]
  },
  {
    "transcription": "s\u1ed1ng",
    "points": [
      [
        110,
        66
      ],
      [
        156,
        66
      ],
      [
        156,
        88
      ],
      [
        110,
        88
      ]
    ]
  },
  {
    "transcription": "CU\u1ed8C",
    "points": [
      [
        61,
        66
      ],
      [
        107,
        66
      ],
      [
        107,
        82
      ],
      [
        61,
        82
      ]
    ]
  },
  {
    "transcription": "LANH",
    "points": [
      [
        383,
        115
      ],
      [
        471,
        115
      ],
      [
        471,
        159
      ],
      [
        383,
        159
      ]
    ]
  },
  {
    "transcription": "TI\u1ebeP",
    "points": [
      [
        289,
        101
      ],
      [
        369,
        101
      ],
      [
        369,
        157
      ],
      [
        289,
        157
      ]
    ]
  }
]