[
  {
    "transcription": "EM",
    "points": [
      [
        219,
        10
      ],
      [
        268,
        9
      ],
      [
        268,
        60
      ],
      [
        219,
        61
      ]
    ]
  },
  {
    "transcription": "Lo\u1ea1i",
    "points": [
      [
        156,
        71
      ],
      [
        224,
        70
      ],
      [
        223,
        108
      ],
      [
        157,
        109
      ]
    ]
  },
  {
    "transcription": "\u0110\u1ed2",
    "points": [
      [
        14,
        4
      ],
      [
        68,
        3
      ],
      [
        68,
        74
      ],
      [
        14,
        74
      ]
    ]
  },
  {
    "transcription": "TR\u01a0I",
    "points": [
      [
        73,
        14
      ],
      [
        150,
        13
      ],
      [
        150,
        67
      ],
      [
        73,
        69
      ]
    ]
  },
  {
    "transcription": "TR\u01a0ITR\u1ebaE",
    "points": [
      [
        76,
        5
      ],
      [
        242,
        0
      ],
      [
        242,
        63
      ],
      [
        75,
        64
      ]
    ]
  },
  {
    "transcription": "C\u00e1c",
    "points": [
      [
        77,
        71
      ],
      [
        149,
        71
      ],
      [
        149,
        109
      ],
      [
        77,
        109
      ]
    ]
  }
]