[
  {
    "transcription": "L\u01af\u01a0NG",
    "points": [
      [
        28,
        38
      ],
      [
        80,
        39
      ],
      [
        81,
        65
      ],
      [
        28,
        62
      ]
    ]
  },
  {
    "transcription": "QU\u1ed0C",
    "points": [
      [
        149,
        48
      ],
      [
        186,
        49
      ],
      [
        186,
        72
      ],
      [
        149,
        72
      ]
    ]
  },
  {
    "transcription": "H\u01afNG",
    "points": [
      [
        107,
        46
      ],
      [
        146,
        47
      ],
      [
        146,
        70
      ],
      [
        107,
        69
      ]
    ]
  },
  {
    "transcription": "S\u01af",
    "points": [
      [
        83,
        43
      ],
      [
        105,
        44
      ],
      [
        105,
        67
      ],
      [
        83,
        66
      ]
    ]
  },
  {
    "transcription": "S\u01af",
    "points": [
      [
        83,
        43
      ],
      [
        105,
        43
      ],
      [
        105,
        65
      ],
      [
        83,
        65
      ]
    ]
  },
  {
    "transcription": "QU\u1ed0C",
    "points": [
      [
        150,
        47
      ],
      [
        186,
        47
      ],
      [
        186,
        71
      ],
      [
        150,
        71
      ]
    ]
  },
  {
    "transcription": "L\u01af\u01a0NG",
    "points": [
      [
        30,
        39
      ],
      [
        80,
        39
      ],
      [
        80,
        63
      ],
      [
        30,
        63
      ]
    ]
  },
  {
    "transcription": "H\u01afNG",
    "points": [
      [
        107,
        46
      ],
      [
        145,
        46
      ],
      [
        145,
        68
      ],
      [
        107,
        68
      ]
    ]
  }
]