[
  {
    "transcription": "N\u00daI",
    "points": [
      [
        533,
        235
      ],
      [
        551,
        231
      ],
      [
        551,
        246
      ],
      [
        532,
        249
      ]
    ]
  },
  {
    "transcription": "3",
    "points": [
      [
        422,
        161
      ],
      [
        456,
        161
      ],
      [
        455,
        213
      ],
      [
        419,
        213
      ]
    ]
  },
  {
    "transcription": "O",
    "points": [
      [
        569,
        198
      ],
      [
        576,
        197
      ],
      [
        576,
        223
      ],
      [
        568,
        223
      ]
    ]
  },
  {
    "transcription": "\u0110A",
    "points": [
      [
        557,
        229
      ],
      [
        573,
        226
      ],
      [
        573,
        242
      ],
      [
        557,
        244
      ]
    ]
  },
  {
    "transcription": "MINH",
    "points": [
      [
        530,
        255
      ],
      [
        551,
        254
      ],
      [
        549,
        269
      ],
      [
        529,
        269
      ]
    ]
  },
  {
    "transcription": "2180",
    "points": [
      [
        546,
        253
      ],
      [
        567,
        251
      ],
      [
        567,
        266
      ],
      [
        545,
        267
      ]
    ]
  },
  {
    "transcription": "HI\u1ec0N",
    "points": [
      [
        126,
        159
      ],
      [
        260,
        155
      ],
      [
        263,
        219
      ],
      [
        127,
        222
      ]
    ]
  },
  {
    "transcription": "laot",
    "points": [
      [
        555,
        252
      ],
      [
        575,
        250
      ],
      [
        575,
        266
      ],
      [
        555,
        267
      ]
    ]
  },
  {
    "transcription": "Ng",
    "points": [
      [
        291,
        77
      ],
      [
        419,
        80
      ],
      [
        420,
        157
      ],
      [
        290,
        154
      ]
    ]
  },
  {
    "transcription": "h\u1ec9",
    "points": [
      [
        427,
        69
      ],
      [
        521,
        62
      ],
      [
        523,
        141
      ],
      [
        429,
        147
      ]
    ]
  },
  {
    "transcription": "29",
    "points": [
      [
        462,
        362
      ],
      [
        478,
        362
      ],
      [
        477,
        373
      ],
      [
        462,
        372
      ]
    ]
  },
  {
    "transcription": "Nh\u00e0",
    "points": [
      [
        63,
        82
      ],
      [
        263,
        79
      ],
      [
        268,
        151
      ],
      [
        64,
        155
      ]
    ]
  },
  {
    "transcription": "NINH",
    "points": [
      [
        532,
        233
      ],
      [
        573,
        227
      ],
      [
        573,
        242
      ],
      [
        532,
        248
      ]
    ]
  },
  {
    "transcription": "OPPORTUNITAS",
    "points": [
      [
        526,
        277
      ],
      [
        573,
        277
      ],
      [
        572,
        290
      ],
      [
        524,
        290
      ]
    ]
  },
  {
    "transcription": "QU\u00dd:",
    "points": [
      [
        278,
        165
      ],
      [
        430,
        161
      ],
      [
        431,
        214
      ],
      [
        280,
        217
      ]
    ]
  },
  {
    "transcription": "NG",
    "points": [
      [
        546,
        204
      ],
      [
        566,
        198
      ],
      [
        565,
        224
      ],
      [
        544,
        228
      ]
    ]
  }
]