[
  {
    "transcription": "TY",
    "points": [
      [
        203,
        68
      ],
      [
        226,
        68
      ],
      [
        226,
        92
      ],
      [
        203,
        93
      ]
    ]
  },
  {
    "transcription": "C\u00d4NG",
    "points": [
      [
        140,
        68
      ],
      [
        201,
        66
      ],
      [
        201,
        93
      ],
      [
        140,
        95
      ]
    ]
  },
  {
    "transcription": "M\u1ea0I",
    "points": [
      [
        365,
        60
      ],
      [
        403,
        59
      ],
      [
        404,
        87
      ],
      [
        365,
        88
      ]
    ]
  },
  {
    "transcription": "TH\u01af\u01a0NG",
    "points": [
      [
        282,
        62
      ],
      [
        363,
        59
      ],
      [
        363,
        85
      ],
      [
        282,
        88
      ]
    ]
  },
  {
    "transcription": "V\u1ee4",
    "points": [
      [
        458,
        55
      ],
      [
        487,
        54
      ],
      [
        488,
        84
      ],
      [
        460,
        84
      ]
    ]
  },
  {
    "transcription": "VINLIFT",
    "points": [
      [
        490,
        53
      ],
      [
        560,
        52
      ],
      [
        561,
        75
      ],
      [
        491,
        77
      ]
    ]
  },
  {
    "transcription": "TNHH",
    "points": [
      [
        228,
        67
      ],
      [
        280,
        66
      ],
      [
        280,
        90
      ],
      [
        229,
        91
      ]
    ]
  },
  {
    "transcription": "D\u1ecaCH",
    "points": [
      [
        406,
        57
      ],
      [
        456,
        56
      ],
      [
        456,
        85
      ],
      [
        406,
        86
      ]
    ]
  },
  {
    "transcription": "TY",
    "points": [
      [
        202,
        67
      ],
      [
        226,
        67
      ],
      [
        226,
        91
      ],
      [
        202,
        91
      ]
    ]
  },
  {
    "transcription": "TNHH",
    "points": [
      [
        229,
        66
      ],
      [
        279,
        66
      ],
      [
        279,
        90
      ],
      [
        229,
        90
      ]
    ]
  },
  {
    "transcription": "C\u00d4NG",
    "points": [
      [
        143,
        67
      ],
      [
        199,
        67
      ],
      [
        199,
        93
      ],
      [
        143,
        93
      ]
    ]
  },
  {
    "transcription": "M\u1ea0I",
    "points": [
      [
        366,
        60
      ],
      [
        402,
        60
      ],
      [
        402,
        86
      ],
      [
        366,
        86
      ]
    ]
  },
  {
    "transcription": "TH\u01af\u01a0NG",
    "points": [
      [
        282,
        59
      ],
      [
        362,
        59
      ],
      [
        362,
        87
      ],
      [
        282,
        87
      ]
    ]
  },
  {
    "transcription": "D\u1ecaCH",
    "points": [
      [
        407,
        57
      ],
      [
        457,
        57
      ],
      [
        457,
        85
      ],
      [
        407,
        85
      ]
    ]
  },
  {
    "transcription": "VINLIFT",
    "points": [
      [
        490,
        52
      ],
      [
        560,
        52
      ],
      [
        560,
        76
      ],
      [
        490,
        76
      ]
    ]
  },
  {
    "transcription": "V\u1ee4",
    "points": [
      [
        459,
        56
      ],
      [
        487,
        56
      ],
      [
        487,
        82
      ],
      [
        459,
        82
      ]
    ]
  }
]