[
  {
    "transcription": "x\u00fac",
    "points": [
      [
        584,
        25
      ],
      [
        672,
        23
      ],
      [
        668,
        80
      ],
      [
        577,
        80
      ]
    ]
  },
  {
    "transcription": "t\u1ea1o",
    "points": [
      [
        187,
        22
      ],
      [
        269,
        24
      ],
      [
        267,
        81
      ],
      [
        182,
        80
      ]
    ]
  },
  {
    "transcription": "ngu\u1ed3n",
    "points": [
      [
        285,
        17
      ],
      [
        439,
        16
      ],
      [
        436,
        84
      ],
      [
        283,
        86
      ]
    ]
  },
  {
    "transcription": "N\u01a1i",
    "points": [
      [
        98,
        18
      ],
      [
        178,
        19
      ],
      [
        175,
        76
      ],
      [
        95,
        76
      ]
    ]
  },
  {
    "transcription": "c\u1ea3m",
    "points": [
      [
        454,
        21
      ],
      [
        569,
        21
      ],
      [
        566,
        78
      ],
      [
        452,
        78
      ]
    ]
  },
  {
    "transcription": "N\u01a1i",
    "points": [
      [
        97,
        19
      ],
      [
        177,
        19
      ],
      [
        177,
        73
      ],
      [
        97,
        73
      ]
    ]
  },
  {
    "transcription": "x\u00fac",
    "points": [
      [
        579,
        22
      ],
      [
        667,
        22
      ],
      [
        667,
        78
      ],
      [
        579,
        78
      ]
    ]
  },
  {
    "transcription": "ngu\u1ed3n",
    "points": [
      [
        285,
        12
      ],
      [
        437,
        12
      ],
      [
        437,
        84
      ],
      [
        285,
        84
      ]
    ]
  },
  {
    "transcription": "t\u1ea1o",
    "points": [
      [
        184,
        23
      ],
      [
        268,
        23
      ],
      [
        268,
        79
      ],
      [
        184,
        79
      ]
    ]
  },
  {
    "transcription": "c\u1ea3m",
    "points": [
      [
        453,
        19
      ],
      [
        567,
        19
      ],
      [
        567,
        75
      ],
      [
        453,
        75
      ]
    ]
  }
]