[
  {
    "transcription": "L\u00c3NH",
    "points": [
      [
        67,
        150
      ],
      [
        101,
        150
      ],
      [
        101,
        163
      ],
      [
        67,
        164
      ]
    ]
  },
  {
    "transcription": "MU\u00d4N",
    "points": [
      [
        60,
        262
      ],
      [
        98,
        262
      ],
      [
        99,
        278
      ],
      [
        60,
        279
      ]
    ]
  },
  {
    "transcription": "TH\u1eaeNG",
    "points": [
      [
        66,
        197
      ],
      [
        108,
        196
      ],
      [
        108,
        210
      ],
      [
        66,
        212
      ]
    ]
  },
  {
    "transcription": "VI\u1ec6T",
    "points": [
      [
        69,
        244
      ],
      [
        97,
        244
      ],
      [
        97,
        260
      ],
      [
        69,
        261
      ]
    ]
  },
  {
    "transcription": "T\u1ed4",
    "points": [
      [
        71,
        164
      ],
      [
        89,
        164
      ],
      [
        90,
        180
      ],
      [
        72,
        180
      ]
    ]
  },
  {
    "transcription": "S\u1ea2N",
    "points": [
      [
        103,
        100
      ],
      [
        130,
        99
      ],
      [
        130,
        114
      ],
      [
        103,
        115
      ]
    ]
  },
  {
    "transcription": "CH\u1ee8C",
    "points": [
      [
        91,
        164
      ],
      [
        125,
        164
      ],
      [
        125,
        178
      ],
      [
        91,
        179
      ]
    ]
  },
  {
    "transcription": "C\u00c1CH",
    "points": [
      [
        61,
        229
      ],
      [
        96,
        228
      ],
      [
        97,
        242
      ],
      [
        62,
        243
      ]
    ]
  },
  {
    "transcription": "C\u1ed8NG",
    "points": [
      [
        64,
        103
      ],
      [
        100,
        102
      ],
      [
        101,
        117
      ],
      [
        64,
        118
      ]
    ]
  },
  {
    "transcription": "N\u0102M",
    "points": [
      [
        100,
        260
      ],
      [
        130,
        260
      ],
      [
        130,
        276
      ],
      [
        100,
        277
      ]
    ]
  },
  {
    "transcription": "VI\u1ec6T",
    "points": [
      [
        67,
        119
      ],
      [
        95,
        119
      ],
      [
        95,
        133
      ],
      [
        68,
        134
      ]
    ]
  },
  {
    "transcription": "NAM",
    "points": [
      [
        99,
        244
      ],
      [
        130,
        244
      ],
      [
        130,
        257
      ],
      [
        99,
        258
      ]
    ]
  },
  {
    "transcription": "M\u1ea0NG",
    "points": [
      [
        98,
        228
      ],
      [
        136,
        228
      ],
      [
        136,
        241
      ],
      [
        98,
        242
      ]
    ]
  },
  {
    "transcription": "\u0110\u1ea2NG",
    "points": [
      [
        78,
        84
      ],
      [
        115,
        83
      ],
      [
        115,
        99
      ],
      [
        78,
        100
      ]
    ]
  },
  {
    "transcription": "NG\u01af\u1edcI",
    "points": [
      [
        77,
        134
      ],
      [
        119,
        133
      ],
      [
        119,
        147
      ],
      [
        77,
        148
      ]
    ]
  },
  {
    "transcription": "\u0110\u1ea0O",
    "points": [
      [
        103,
        150
      ],
      [
        129,
        150
      ],
      [
        129,
        163
      ],
      [
        103,
        164
      ]
    ]
  },
  {
    "transcription": "L\u1ee2I",
    "points": [
      [
        110,
        195
      ],
      [
        130,
        195
      ],
      [
        131,
        211
      ],
      [
        110,
        211
      ]
    ]
  },
  {
    "transcription": "NAM",
    "points": [
      [
        97,
        119
      ],
      [
        128,
        118
      ],
      [
        128,
        131
      ],
      [
        97,
        132
      ]
    ]
  },
  {
    "transcription": "C\u1ee6A",
    "points": [
      [
        85,
        211
      ],
      [
        113,
        211
      ],
      [
        113,
        225
      ],
      [
        85,
        226
      ]
    ]
  },
  {
    "transcription": "M\u1eccI",
    "points": [
      [
        85,
        183
      ],
      [
        112,
        183
      ],
      [
        112,
        195
      ],
      [
        85,
        195
      ]
    ]
  },
  {
    "transcription": "!",
    "points": [
      [
        132,
        261
      ],
      [
        137,
        261
      ],
      [
        137,
        274
      ],
      [
        132,
        274
      ]
    ]
  },
  {
    "transcription": "!",
    "points": [
      [
        132,
        261
      ],
      [
        138,
        261
      ],
      [
        138,
        273
      ],
      [
        132,
        273
      ]
    ]
  },
  {
    "transcription": "MANG",
    "points": [
      [
        100,
        228
      ],
      [
        134,
        228
      ],
      [
        134,
        240
      ],
      [
        100,
        240
      ]
    ]
  },
  {
    "transcription": "NAM",
    "points": [
      [
        100,
        244
      ],
      [
        128,
        244
      ],
      [
        128,
        256
      ],
      [
        100,
        256
      ]
    ]
  },
  {
    "transcription": "C\u00c1CH",
    "points": [
      [
        63,
        230
      ],
      [
        95,
        230
      ],
      [
        95,
        242
      ],
      [
        63,
        242
      ]
    ]
  },
  {
    "transcription": "TH\u1eaeNG",
    "points": [
      [
        66,
        196
      ],
      [
        106,
        196
      ],
      [
        106,
        210
      ],
      [
        66,
        210
      ]
    ]
  },
  {
    "transcription": "NG\u01af\u1edcI",
    "points": [
      [
        79,
        133
      ],
      [
        117,
        133
      ],
      [
        117,
        147
      ],
      [
        79,
        147
      ]
    ]
  },
  {
    "transcription": "C\u1ee6A",
    "points": [
      [
        86,
        211
      ],
      [
        110,
        211
      ],
      [
        110,
        225
      ],
      [
        86,
        225
      ]
    ]
  },
  {
    "transcription": "M\u1eccI",
    "points": [
      [
        86,
        183
      ],
      [
        110,
        183
      ],
      [
        110,
        195
      ],
      [
        86,
        195
      ]
    ]
  },
  {
    "transcription": "NAM",
    "points": [
      [
        97,
        120
      ],
      [
        125,
        120
      ],
      [
        125,
        130
      ],
      [
        97,
        130
      ]
    ]
  },
  {
    "transcription": "VI\u1ec6T",
    "points": [
      [
        68,
        244
      ],
      [
        96,
        244
      ],
      [
        96,
        260
      ],
      [
        68,
        260
      ]
    ]
  },
  {
    "transcription": "\u0110\u1ea2NG",
    "points": [
      [
        80,
        84
      ],
      [
        114,
        84
      ],
      [
        114,
        100
      ],
      [
        80,
        100
      ]
    ]
  },
  {
    "transcription": "\u0110\u1ea0O",
    "points": [
      [
        103,
        151
      ],
      [
        127,
        151
      ],
      [
        127,
        163
      ],
      [
        103,
        163
      ]
    ]
  },
  {
    "transcription": "L\u1ee2I",
    "points": [
      [
        111,
        198
      ],
      [
        129,
        198
      ],
      [
        129,
        210
      ],
      [
        111,
        210
      ]
    ]
  },
  {
    "transcription": "N\u0102M",
    "points": [
      [
        100,
        261
      ],
      [
        128,
        261
      ],
      [
        128,
        275
      ],
      [
        100,
        275
      ]
    ]
  },
  {
    "transcription": "VI\u1ec6T",
    "points": [
      [
        67,
        119
      ],
      [
        95,
        119
      ],
      [
        95,
        133
      ],
      [
        67,
        133
      ]
    ]
  },
  {
    "transcription": "S\u1ea2N",
    "points": [
      [
        103,
        99
      ],
      [
        129,
        99
      ],
      [
        129,
        115
      ],
      [
        103,
        115
      ]
    ]
  },
  {
    "transcription": "CH\u1ee8C",
    "points": [
      [
        91,
        164
      ],
      [
        123,
        164
      ],
      [
        123,
        178
      ],
      [
        91,
        178
      ]
    ]
  },
  {
    "transcription": "T\u1ed4",
    "points": [
      [
        72,
        165
      ],
      [
        88,
        165
      ],
      [
        88,
        179
      ],
      [
        72,
        179
      ]
    ]
  },
  {
    "transcription": "MU\u00d4N",
    "points": [
      [
        61,
        262
      ],
      [
        97,
        262
      ],
      [
        97,
        278
      ],
      [
        61,
        278
      ]
    ]
  },
  {
    "transcription": "C\u1ed8NG",
    "points": [
      [
        65,
        104
      ],
      [
        99,
        104
      ],
      [
        99,
        118
      ],
      [
        65,
        118
      ]
    ]
  },
  {
    "transcription": "L\u00c3NH",
    "points": [
      [
        68,
        151
      ],
      [
        100,
        151
      ],
      [
        100,
        163
      ],
      [
        68,
        163
      ]
    ]
  }
]