[
  {
    "transcription": "BIBO",
    "points": [
      [
        22,
        21
      ],
      [
        246,
        21
      ],
      [
        248,
        123
      ],
      [
        20,
        124
      ]
    ]
  },
  {
    "transcription": "MART",
    "points": [
      [
        267,
        8
      ],
      [
        543,
        4
      ],
      [
        545,
        114
      ],
      [
        267,
        122
      ]
    ]
  },
  {
    "transcription": "BIBO",
    "points": [
      [
        16,
        19
      ],
      [
        256,
        19
      ],
      [
        256,
        135
      ],
      [
        16,
        135
      ]
    ]
  },
  {
    "transcription": "MART",
    "points": [
      [
        268,
        2
      ],
      [
        560,
        2
      ],
      [
        560,
        128
      ],
      [
        268,
        128
      ]
    ]
  }
]