[
  {
    "transcription": "\u0110\u00c0",
    "points": [
      [
        399,
        13
      ],
      [
        413,
        13
      ],
      [
        414,
        39
      ],
      [
        400,
        40
      ]
    ]
  },
  {
    "transcription": "B\u00ccNH",
    "points": [
      [
        317,
        19
      ],
      [
        339,
        19
      ],
      [
        339,
        44
      ],
      [
        316,
        45
      ]
    ]
  },
  {
    "transcription": "CH\u1eccN",
    "points": [
      [
        339,
        20
      ],
      [
        364,
        19
      ],
      [
        364,
        45
      ],
      [
        339,
        46
      ]
    ]
  },
  {
    "transcription": "TP.",
    "points": [
      [
        384,
        17
      ],
      [
        398,
        17
      ],
      [
        398,
        40
      ],
      [
        384,
        39
      ]
    ]
  },
  {
    "transcription": "CHO",
    "points": [
      [
        365,
        18
      ],
      [
        384,
        17
      ],
      [
        384,
        41
      ],
      [
        365,
        42
      ]
    ]
  },
  {
    "transcription": "TH\u00c0NH",
    "points": [
      [
        293,
        55
      ],
      [
        348,
        54
      ],
      [
        349,
        96
      ],
      [
        294,
        98
      ]
    ]
  },
  {
    "transcription": "T\u00d4I",
    "points": [
      [
        381,
        50
      ],
      [
        405,
        49
      ],
      [
        406,
        93
      ],
      [
        381,
        93
      ]
    ]
  },
  {
    "transcription": "N\u1eb4NG",
    "points": [
      [
        413,
        9
      ],
      [
        439,
        8
      ],
      [
        439,
        38
      ],
      [
        414,
        38
      ]
    ]
  },
  {
    "transcription": "H\u00c3Y",
    "points": [
      [
        297,
        20
      ],
      [
        317,
        19
      ],
      [
        316,
        45
      ],
      [
        297,
        45
      ]
    ]
  },
  {
    "transcription": "PH\u1ed0",
    "points": [
      [
        349,
        49
      ],
      [
        381,
        47
      ],
      [
        381,
        95
      ],
      [
        348,
        95
      ]
    ]
  },
  {
    "transcription": "Y\u00caU",
    "points": [
      [
        406,
        49
      ],
      [
        442,
        49
      ],
      [
        442,
        93
      ],
      [
        406,
        93
      ]
    ]
  }
]