[
  {
    "transcription": "-",
    "points": [
      [
        192,
        21
      ],
      [
        196,
        21
      ],
      [
        196,
        31
      ],
      [
        192,
        31
      ]
    ]
  },
  {
    "transcription": "0977624",
    "points": [
      [
        92,
        15
      ],
      [
        195,
        9
      ],
      [
        195,
        31
      ],
      [
        91,
        38
      ]
    ]
  },
  {
    "transcription": "929",
    "points": [
      [
        196,
        5
      ],
      [
        243,
        3
      ],
      [
        243,
        27
      ],
      [
        197,
        29
      ]
    ]
  },
  {
    "transcription": "24,",
    "points": [
      [
        161,
        9
      ],
      [
        194,
        7
      ],
      [
        195,
        31
      ],
      [
        161,
        32
      ]
    ]
  },
  {
    "transcription": "\u0110T:",
    "points": [
      [
        43,
        19
      ],
      [
        86,
        15
      ],
      [
        87,
        40
      ],
      [
        43,
        44
      ]
    ]
  },
  {
    "transcription": "097",
    "points": [
      [
        89,
        15
      ],
      [
        134,
        13
      ],
      [
        134,
        37
      ],
      [
        90,
        39
      ]
    ]
  }
]