[
  {
    "transcription": "M\u1ea0C",
    "points": [
      [
        14,
        201
      ],
      [
        38,
        200
      ],
      [
        38,
        220
      ],
      [
        14,
        222
      ]
    ]
  },
  {
    "transcription": "PH\u1ed0",
    "points": [
      [
        43,
        173
      ],
      [
        70,
        171
      ],
      [
        70,
        190
      ],
      [
        43,
        191
      ]
    ]
  },
  {
    "transcription": "TH\u00c1I",
    "points": [
      [
        38,
        195
      ],
      [
        63,
        194
      ],
      [
        64,
        216
      ],
      [
        38,
        217
      ]
    ]
  },
  {
    "transcription": "T\u00d4NG",
    "points": [
      [
        64,
        194
      ],
      [
        94,
        192
      ],
      [
        95,
        213
      ],
      [
        64,
        215
      ]
    ]
  },
  {
    "transcription": "M\u1ea0C",
    "points": [
      [
        15,
        201
      ],
      [
        37,
        201
      ],
      [
        37,
        219
      ],
      [
        15,
        219
      ]
    ]
  },
  {
    "transcription": "PH\u1ed0",
    "points": [
      [
        44,
        172
      ],
      [
        70,
        172
      ],
      [
        70,
        190
      ],
      [
        44,
        190
      ]
    ]
  },
  {
    "transcription": "T\u00d4NG",
    "points": [
      [
        65,
        194
      ],
      [
        93,
        194
      ],
      [
        93,
        214
      ],
      [
        65,
        214
      ]
    ]
  },
  {
    "transcription": "TH\u00c1I",
    "points": [
      [
        39,
        194
      ],
      [
        61,
        194
      ],
      [
        61,
        216
      ],
      [
        39,
        216
      ]
    ]
  }
]