[
  {
    "transcription": "NH\u00c0",
    "points": [
      [
        110,
        34
      ],
      [
        214,
        35
      ],
      [
        214,
        84
      ],
      [
        109,
        84
      ]
    ]
  },
  {
    "transcription": "MAI",
    "points": [
      [
        231,
        99
      ],
      [
        418,
        99
      ],
      [
        426,
        167
      ],
      [
        231,
        167
      ]
    ]
  },
  {
    "transcription": "SAO",
    "points": [
      [
        29,
        98
      ],
      [
        210,
        99
      ],
      [
        212,
        165
      ],
      [
        29,
        166
      ]
    ]
  },
  {
    "transcription": "NGH\u1ec8",
    "points": [
      [
        225,
        32
      ],
      [
        347,
        30
      ],
      [
        347,
        84
      ],
      [
        225,
        84
      ]
    ]
  },
  {
    "transcription": "MAI",
    "points": [
      [
        225,
        96
      ],
      [
        437,
        96
      ],
      [
        437,
        168
      ],
      [
        225,
        168
      ]
    ]
  },
  {
    "transcription": "NGH\u1ec8",
    "points": [
      [
        224,
        33
      ],
      [
        350,
        33
      ],
      [
        350,
        85
      ],
      [
        224,
        85
      ]
    ]
  },
  {
    "transcription": "NH\u00c0",
    "points": [
      [
        102,
        35
      ],
      [
        214,
        35
      ],
      [
        214,
        83
      ],
      [
        102,
        83
      ]
    ]
  },
  {
    "transcription": "SAO",
    "points": [
      [
        31,
        95
      ],
      [
        219,
        95
      ],
      [
        219,
        167
      ],
      [
        31,
        167
      ]
    ]
  }
]