[
  {
    "transcription": "0972",
    "points": [
      [
        248,
        256
      ],
      [
        372,
        249
      ],
      [
        373,
        300
      ],
      [
        249,
        309
      ]
    ]
  },
  {
    "transcription": "\u0110T:",
    "points": [
      [
        152,
        268
      ],
      [
        233,
        262
      ],
      [
        233,
        311
      ],
      [
        151,
        315
      ]
    ]
  },
  {
    "transcription": "CH\u1eeeA",
    "points": [
      [
        226,
        42
      ],
      [
        491,
        19
      ],
      [
        491,
        156
      ],
      [
        225,
        177
      ]
    ]
  },
  {
    "transcription": "644",
    "points": [
      [
        388,
        247
      ],
      [
        487,
        241
      ],
      [
        490,
        292
      ],
      [
        388,
        298
      ]
    ]
  },
  {
    "transcription": "S\u1eecA",
    "points": [
      [
        7,
        69
      ],
      [
        206,
        61
      ],
      [
        206,
        192
      ],
      [
        0,
        203
      ]
    ]
  },
  {
    "transcription": "186",
    "points": [
      [
        508,
        235
      ],
      [
        614,
        229
      ],
      [
        616,
        283
      ],
      [
        509,
        290
      ]
    ]
  },
  {
    "transcription": "\u0110T:",
    "points": [
      [
        151,
        264
      ],
      [
        233,
        264
      ],
      [
        233,
        316
      ],
      [
        151,
        316
      ]
    ]
  },
  {
    "transcription": "0972",
    "points": [
      [
        246,
        253
      ],
      [
        372,
        253
      ],
      [
        372,
        309
      ],
      [
        246,
        309
      ]
    ]
  },
  {
    "transcription": "S\u1eecA",
    "points": [
      [
        3,
        56
      ],
      [
        205,
        56
      ],
      [
        205,
        202
      ],
      [
        3,
        202
      ]
    ]
  },
  {
    "transcription": "CH\u1eeeA",
    "points": [
      [
        229,
        15
      ],
      [
        553,
        15
      ],
      [
        553,
        171
      ],
      [
        229,
        171
      ]
    ]
  },
  {
    "transcription": "186",
    "points": [
      [
        508,
        232
      ],
      [
        614,
        232
      ],
      [
        614,
        290
      ],
      [
        508,
        290
      ]
    ]
  },
  {
    "transcription": "644",
    "points": [
      [
        388,
        243
      ],
      [
        490,
        243
      ],
      [
        490,
        301
      ],
      [
        388,
        301
      ]
    ]
  }
]