[
  {
    "transcription": "TR\u00c3I",
    "points": [
      [
        298,
        456
      ],
      [
        382,
        456
      ],
      [
        383,
        501
      ],
      [
        298,
        501
      ]
    ]
  },
  {
    "transcription": "NGUY\u1ec4N",
    "points": [
      [
        131,
        461
      ],
      [
        289,
        458
      ],
      [
        290,
        501
      ],
      [
        132,
        502
      ]
    ]
  },
  {
    "transcription": "HNOSS",
    "points": [
      [
        231,
        88
      ],
      [
        1082,
        87
      ],
      [
        1089,
        310
      ],
      [
        226,
        309
      ]
    ]
  },
  {
    "transcription": ")",
    "points": [
      [
        391,
        483
      ],
      [
        403,
        483
      ],
      [
        403,
        503
      ],
      [
        391,
        502
      ]
    ]
  },
  {
    "transcription": "TH\u00c0NH,Q1",
    "points": [
      [
        498,
        459
      ],
      [
        683,
        459
      ],
      [
        683,
        504
      ],
      [
        497,
        505
      ]
    ]
  },
  {
    "transcription": "41",
    "points": [
      [
        83,
        461
      ],
      [
        124,
        461
      ],
      [
        121,
        500
      ],
      [
        78,
        499
      ]
    ]
  },
  {
    "transcription": "B\u00c9N",
    "points": [
      [
        414,
        457
      ],
      [
        489,
        457
      ],
      [
        489,
        501
      ],
      [
        414,
        501
      ]
    ]
  }
]