[
  {
    "transcription": "S\u1ef0",
    "points": [
      [
        274,
        157
      ],
      [
        300,
        157
      ],
      [
        299,
        179
      ],
      [
        273,
        179
      ]
    ]
  },
  {
    "transcription": "V\u00cc",
    "points": [
      [
        253,
        155
      ],
      [
        271,
        156
      ],
      [
        272,
        176
      ],
      [
        253,
        175
      ]
    ]
  },
  {
    "transcription": "THANH",
    "points": [
      [
        252,
        135
      ],
      [
        311,
        136
      ],
      [
        312,
        154
      ],
      [
        253,
        153
      ]
    ]
  },
  {
    "transcription": "\u0110\u1ea4T",
    "points": [
      [
        442,
        158
      ],
      [
        473,
        159
      ],
      [
        473,
        180
      ],
      [
        442,
        180
      ]
    ]
  },
  {
    "transcription": "LUY\u1ec6N",
    "points": [
      [
        467,
        139
      ],
      [
        517,
        141
      ],
      [
        517,
        161
      ],
      [
        467,
        159
      ]
    ]
  },
  {
    "transcription": "T\u1eacP,",
    "points": [
      [
        394,
        137
      ],
      [
        428,
        138
      ],
      [
        429,
        159
      ],
      [
        394,
        158
      ]
    ]
  },
  {
    "transcription": "R\u00c8N",
    "points": [
      [
        431,
        138
      ],
      [
        465,
        139
      ],
      [
        465,
        157
      ],
      [
        431,
        157
      ]
    ]
  },
  {
    "transcription": "9:",
    "points": [
      [
        221,
        139
      ],
      [
        244,
        140
      ],
      [
        244,
        172
      ],
      [
        220,
        172
      ]
    ]
  },
  {
    "transcription": "H\u1eccC",
    "points": [
      [
        357,
        137
      ],
      [
        392,
        137
      ],
      [
        392,
        157
      ],
      [
        357,
        157
      ]
    ]
  },
  {
    "transcription": "NGHI\u1ec6P",
    "points": [
      [
        300,
        158
      ],
      [
        362,
        158
      ],
      [
        362,
        180
      ],
      [
        300,
        180
      ]
    ]
  },
  {
    "transcription": "CNH,",
    "points": [
      [
        365,
        161
      ],
      [
        404,
        161
      ],
      [
        404,
        180
      ],
      [
        365,
        180
      ]
    ]
  },
  {
    "transcription": "H\u0110H",
    "points": [
      [
        406,
        161
      ],
      [
        441,
        162
      ],
      [
        441,
        179
      ],
      [
        406,
        179
      ]
    ]
  },
  {
    "transcription": "TH\u00c1NG",
    "points": [
      [
        134,
        130
      ],
      [
        216,
        131
      ],
      [
        216,
        171
      ],
      [
        134,
        170
      ]
    ]
  },
  {
    "transcription": "N\u01af\u1edaC",
    "points": [
      [
        474,
        161
      ],
      [
        519,
        161
      ],
      [
        519,
        182
      ],
      [
        474,
        182
      ]
    ]
  },
  {
    "transcription": "NI\u00caN",
    "points": [
      [
        313,
        135
      ],
      [
        355,
        136
      ],
      [
        355,
        155
      ],
      [
        313,
        154
      ]
    ]
  },
  {
    "transcription": "V\u00cc",
    "points": [
      [
        253,
        156
      ],
      [
        271,
        156
      ],
      [
        271,
        174
      ],
      [
        253,
        174
      ]
    ]
  },
  {
    "transcription": "S\u1ef0",
    "points": [
      [
        275,
        158
      ],
      [
        297,
        158
      ],
      [
        297,
        178
      ],
      [
        275,
        178
      ]
    ]
  },
  {
    "transcription": "9:",
    "points": [
      [
        221,
        141
      ],
      [
        243,
        141
      ],
      [
        243,
        171
      ],
      [
        221,
        171
      ]
    ]
  },
  {
    "transcription": "H\u0110H",
    "points": [
      [
        408,
        164
      ],
      [
        440,
        164
      ],
      [
        440,
        178
      ],
      [
        408,
        178
      ]
    ]
  },
  {
    "transcription": "R\u00c8N",
    "points": [
      [
        432,
        138
      ],
      [
        464,
        138
      ],
      [
        464,
        156
      ],
      [
        432,
        156
      ]
    ]
  },
  {
    "transcription": "N\u01af\u1edaC",
    "points": [
      [
        476,
        162
      ],
      [
        516,
        162
      ],
      [
        516,
        180
      ],
      [
        476,
        180
      ]
    ]
  },
  {
    "transcription": "CNH,",
    "points": [
      [
        365,
        162
      ],
      [
        403,
        162
      ],
      [
        403,
        180
      ],
      [
        365,
        180
      ]
    ]
  },
  {
    "transcription": "THANH",
    "points": [
      [
        253,
        137
      ],
      [
        309,
        137
      ],
      [
        309,
        151
      ],
      [
        253,
        151
      ]
    ]
  },
  {
    "transcription": "H\u1eccC",
    "points": [
      [
        359,
        140
      ],
      [
        391,
        140
      ],
      [
        391,
        158
      ],
      [
        359,
        158
      ]
    ]
  },
  {
    "transcription": "\u0110\u1ea4T",
    "points": [
      [
        442,
        160
      ],
      [
        472,
        160
      ],
      [
        472,
        180
      ],
      [
        442,
        180
      ]
    ]
  },
  {
    "transcription": "T\u1eacP,",
    "points": [
      [
        396,
        138
      ],
      [
        428,
        138
      ],
      [
        428,
        158
      ],
      [
        396,
        158
      ]
    ]
  },
  {
    "transcription": "NI\u00caN",
    "points": [
      [
        313,
        135
      ],
      [
        353,
        135
      ],
      [
        353,
        153
      ],
      [
        313,
        153
      ]
    ]
  },
  {
    "transcription": "LUY\u1ec6N",
    "points": [
      [
        466,
        140
      ],
      [
        516,
        140
      ],
      [
        516,
        160
      ],
      [
        466,
        160
      ]
    ]
  },
  {
    "transcription": "NGHI\u1ec6P",
    "points": [
      [
        300,
        158
      ],
      [
        360,
        158
      ],
      [
        360,
        178
      ],
      [
        300,
        178
      ]
    ]
  },
  {
    "transcription": "TH\u00c1NG",
    "points": [
      [
        136,
        134
      ],
      [
        214,
        134
      ],
      [
        214,
        170
      ],
      [
        136,
        170
      ]
    ]
  }
]